region_gea,urt,value,inc_cl,original_value
AFR,urb,0,d1,0
AFR,urb,0,d2,0
AFR,urb,0,d3,0
AFR,urb,0,d4,0
AFR,urb,0,d5,0
AFR,urb,0,d6,0
AFR,urb,0,d7,0
AFR,urb,0,d8,0
AFR,urb,0,d9,0
AFR,urb,0,d10,0
AFR,rur,0,d1,0
AFR,rur,0,d2,0
AFR,rur,0,d3,0
AFR,rur,0,d4,0
AFR,rur,0,d5,0
AFR,rur,0,d6,0
AFR,rur,0,d7,0
AFR,rur,0,d8,0
AFR,rur,0,d9,0
AFR,rur,0,d10,0
CPA,urb,0.1680405485,d1,0.336081097
CPA,urb,0.20538289261111112,d2,0.336081097
CPA,urb,0.2427252367222222,d3,0.336081097
CPA,urb,0.28006758083333333,d4,0.336081097
CPA,urb,0.3174099249444444,d5,0.336081097
CPA,urb,0.35475226905555557,d6,0.336081097
CPA,urb,0.39209461316666666,d7,0.336081097
CPA,urb,0.42943695727777775,d8,0.336081097
CPA,urb,0.4667793013888889,d9,0.336081097
CPA,urb,0.5041216454999999,d10,0.336081097
CPA,rur,0,d1,0
CPA,rur,0,d2,0
CPA,rur,0,d3,0
CPA,rur,0,d4,0
CPA,rur,0,d5,0
CPA,rur,0,d6,0
CPA,rur,0,d7,0
CPA,rur,0,d8,0
CPA,rur,0,d9,0
CPA,rur,0,d10,0
EEU,urb,0.225660073,d1,0.451320146
EEU,urb,0.27580675588888887,d2,0.451320146
EEU,urb,0.3259534387777777,d3,0.451320146
EEU,urb,0.3761001216666666,d4,0.451320146
EEU,urb,0.4262468045555555,d5,0.451320146
EEU,urb,0.47639348744444443,d6,0.451320146
EEU,urb,0.5265401703333333,d7,0.451320146
EEU,urb,0.5766868532222222,d8,0.451320146
EEU,urb,0.626833536111111,d9,0.451320146
EEU,urb,0.6769802189999999,d10,0.451320146
EEU,rur,0,d1,0
EEU,rur,0,d2,0
EEU,rur,0,d3,0
EEU,rur,0,d4,0
EEU,rur,0,d5,0
EEU,rur,0,d6,0
EEU,rur,0,d7,0
EEU,rur,0,d8,0
EEU,rur,0,d9,0
EEU,rur,0,d10,0
FSU,urb,0.8500000000000001,d1,0.9
FSU,urb,0.8611111111111112,d2,0.9
FSU,urb,0.8722222222222222,d3,0.9
FSU,urb,0.8833333333333333,d4,0.9
FSU,urb,0.8944444444444445,d5,0.9
FSU,urb,0.9055555555555556,d6,0.9
FSU,urb,0.9166666666666667,d7,0.9
FSU,urb,0.9277777777777778,d8,0.9
FSU,urb,0.9388888888888889,d9,0.9
FSU,urb,0.95,d10,0.9
FSU,rur,0,d1,0
FSU,rur,0,d2,0
FSU,rur,0,d3,0
FSU,rur,0,d4,0
FSU,rur,0,d5,0
FSU,rur,0,d6,0
FSU,rur,0,d7,0
FSU,rur,0,d8,0
FSU,rur,0,d9,0
FSU,rur,0,d10,0
LAC,urb,0,d1,0
LAC,urb,0,d2,0
LAC,urb,0,d3,0
LAC,urb,0,d4,0
LAC,urb,0,d5,0
LAC,urb,0,d6,0
LAC,urb,0,d7,0
LAC,urb,0,d8,0
LAC,urb,0,d9,0
LAC,urb,0,d10,0
LAC,rur,0,d1,0
LAC,rur,0,d2,0
LAC,rur,0,d3,0
LAC,rur,0,d4,0
LAC,rur,0,d5,0
LAC,rur,0,d6,0
LAC,rur,0,d7,0
LAC,rur,0,d8,0
LAC,rur,0,d9,0
LAC,rur,0,d10,0
MEA,urb,0,d1,0
MEA,urb,0,d2,0
MEA,urb,0,d3,0
MEA,urb,0,d4,0
MEA,urb,0,d5,0
MEA,urb,0,d6,0
MEA,urb,0,d7,0
MEA,urb,0,d8,0
MEA,urb,0,d9,0
MEA,urb,0,d10,0
MEA,rur,0,d1,0
MEA,rur,0,d2,0
MEA,rur,0,d3,0
MEA,rur,0,d4,0
MEA,rur,0,d5,0
MEA,rur,0,d6,0
MEA,rur,0,d7,0
MEA,rur,0,d8,0
MEA,rur,0,d9,0
MEA,rur,0,d10,0
NAM,urb,0,d1,0
NAM,urb,0,d2,0
NAM,urb,0,d3,0
NAM,urb,0,d4,0
NAM,urb,0,d5,0
NAM,urb,0,d6,0
NAM,urb,0,d7,0
NAM,urb,0,d8,0
NAM,urb,0,d9,0
NAM,urb,0,d10,0
NAM,rur,0,d1,0
NAM,rur,0,d2,0
NAM,rur,0,d3,0
NAM,rur,0,d4,0
NAM,rur,0,d5,0
NAM,rur,0,d6,0
NAM,rur,0,d7,0
NAM,rur,0,d8,0
NAM,rur,0,d9,0
NAM,rur,0,d10,0
PAO,urb,0.0524642375,d1,0.104928475
PAO,urb,0.06412295694444445,d2,0.104928475
PAO,urb,0.07578167638888889,d3,0.104928475
PAO,urb,0.08744039583333332,d4,0.104928475
PAO,urb,0.09909911527777777,d5,0.104928475
PAO,urb,0.11075783472222221,d6,0.104928475
PAO,urb,0.12241655416666666,d7,0.104928475
PAO,urb,0.1340752736111111,d8,0.104928475
PAO,urb,0.14573399305555554,d9,0.104928475
PAO,urb,0.15739271249999998,d10,0.104928475
PAO,rur,0,d1,0
PAO,rur,0,d2,0
PAO,rur,0,d3,0
PAO,rur,0,d4,0
PAO,rur,0,d5,0
PAO,rur,0,d6,0
PAO,rur,0,d7,0
PAO,rur,0,d8,0
PAO,rur,0,d9,0
PAO,rur,0,d10,0
PAS,urb,0,d1,0
PAS,urb,0,d2,0
PAS,urb,0,d3,0
PAS,urb,0,d4,0
PAS,urb,0,d5,0
PAS,urb,0,d6,0
PAS,urb,0,d7,0
PAS,urb,0,d8,0
PAS,urb,0,d9,0
PAS,urb,0,d10,0
PAS,rur,0,d1,0
PAS,rur,0,d2,0
PAS,rur,0,d3,0
PAS,rur,0,d4,0
PAS,rur,0,d5,0
PAS,rur,0,d6,0
PAS,rur,0,d7,0
PAS,rur,0,d8,0
PAS,rur,0,d9,0
PAS,rur,0,d10,0
SAS,urb,0,d1,0
SAS,urb,0,d2,0
SAS,urb,0,d3,0
SAS,urb,0,d4,0
SAS,urb,0,d5,0
SAS,urb,0,d6,0
SAS,urb,0,d7,0
SAS,urb,0,d8,0
SAS,urb,0,d9,0
SAS,urb,0,d10,0
SAS,rur,0,d1,0
SAS,rur,0,d2,0
SAS,rur,0,d3,0
SAS,rur,0,d4,0
SAS,rur,0,d5,0
SAS,rur,0,d6,0
SAS,rur,0,d7,0
SAS,rur,0,d8,0
SAS,rur,0,d9,0
SAS,rur,0,d10,0
WEU,urb,0.0651981755,d1,0.130396351
WEU,urb,0.07968665894444443,d2,0.130396351
WEU,urb,0.09417514238888888,d3,0.130396351
WEU,urb,0.10866362583333333,d4,0.130396351
WEU,urb,0.12315210927777777,d5,0.130396351
WEU,urb,0.1376405927222222,d6,0.130396351
WEU,urb,0.15212907616666665,d7,0.130396351
WEU,urb,0.1666175596111111,d8,0.130396351
WEU,urb,0.18110604305555555,d9,0.130396351
WEU,urb,0.19559452649999998,d10,0.130396351
WEU,rur,0,d1,0
WEU,rur,0,d2,0
WEU,rur,0,d3,0
WEU,rur,0,d4,0
WEU,rur,0,d5,0
WEU,rur,0,d6,0
WEU,rur,0,d7,0
WEU,rur,0,d8,0
WEU,rur,0,d9,0
WEU,rur,0,d10,0
