region_gea,mat,arch,bld_age,year,parameter,value
AFR,perm,comm,p1,2020,scale,67.34
AFR,perm,comm,p1,2020,shape,1.97
AFR,perm,comm,p1,2025,scale,67.34
AFR,perm,comm,p1,2025,shape,1.97
AFR,perm,comm,p1,2030,scale,69.745
AFR,perm,comm,p1,2030,shape,1.97
AFR,perm,comm,p1,2035,scale,72.15
AFR,perm,comm,p1,2035,shape,1.97
AFR,perm,comm,p1,2040,scale,74.555
AFR,perm,comm,p1,2040,shape,1.97
AFR,perm,comm,p1,2045,scale,76.96
AFR,perm,comm,p1,2045,shape,1.97
AFR,perm,comm,p1,2050,scale,79.36500000000001
AFR,perm,comm,p1,2050,shape,1.97
AFR,perm,comm,p1,2055,scale,81.77
AFR,perm,comm,p1,2055,shape,1.97
AFR,perm,comm,p1,2060,scale,84.17500000000001
AFR,perm,comm,p1,2060,shape,1.97
AFR,perm,comm,p1,2065,scale,84.17500000000001
AFR,perm,comm,p1,2065,shape,1.97
AFR,perm,comm,p1,2070,scale,84.17500000000001
AFR,perm,comm,p1,2070,shape,1.97
AFR,perm,comm,p1,2075,scale,84.17500000000001
AFR,perm,comm,p1,2075,shape,1.97
AFR,perm,comm,p1,2080,scale,84.17500000000001
AFR,perm,comm,p1,2080,shape,1.97
AFR,perm,comm,p1,2085,scale,84.17500000000001
AFR,perm,comm,p1,2085,shape,1.97
AFR,perm,comm,p1,2090,scale,84.17500000000001
AFR,perm,comm,p1,2090,shape,1.97
AFR,perm,comm,p1,2095,scale,84.17500000000001
AFR,perm,comm,p1,2095,shape,1.97
AFR,perm,comm,p1,2100,scale,84.17500000000001
AFR,perm,comm,p1,2100,shape,1.97
AFR,perm,comm,p2,2020,scale,67.34
AFR,perm,comm,p2,2020,shape,1.97
AFR,perm,comm,p2,2025,scale,67.34
AFR,perm,comm,p2,2025,shape,1.97
AFR,perm,comm,p2,2030,scale,69.745
AFR,perm,comm,p2,2030,shape,1.97
AFR,perm,comm,p2,2035,scale,72.15
AFR,perm,comm,p2,2035,shape,1.97
AFR,perm,comm,p2,2040,scale,74.555
AFR,perm,comm,p2,2040,shape,1.97
AFR,perm,comm,p2,2045,scale,76.96
AFR,perm,comm,p2,2045,shape,1.97
AFR,perm,comm,p2,2050,scale,79.36500000000001
AFR,perm,comm,p2,2050,shape,1.97
AFR,perm,comm,p2,2055,scale,81.77
AFR,perm,comm,p2,2055,shape,1.97
AFR,perm,comm,p2,2060,scale,84.17500000000001
AFR,perm,comm,p2,2060,shape,1.97
AFR,perm,comm,p2,2065,scale,84.17500000000001
AFR,perm,comm,p2,2065,shape,1.97
AFR,perm,comm,p2,2070,scale,84.17500000000001
AFR,perm,comm,p2,2070,shape,1.97
AFR,perm,comm,p2,2075,scale,84.17500000000001
AFR,perm,comm,p2,2075,shape,1.97
AFR,perm,comm,p2,2080,scale,84.17500000000001
AFR,perm,comm,p2,2080,shape,1.97
AFR,perm,comm,p2,2085,scale,84.17500000000001
AFR,perm,comm,p2,2085,shape,1.97
AFR,perm,comm,p2,2090,scale,84.17500000000001
AFR,perm,comm,p2,2090,shape,1.97
AFR,perm,comm,p2,2095,scale,84.17500000000001
AFR,perm,comm,p2,2095,shape,1.97
AFR,perm,comm,p2,2100,scale,84.17500000000001
AFR,perm,comm,p2,2100,shape,1.97
AFR,perm,comm,p3,2020,scale,67.34
AFR,perm,comm,p3,2020,shape,1.97
AFR,perm,comm,p3,2025,scale,67.34
AFR,perm,comm,p3,2025,shape,1.97
AFR,perm,comm,p3,2030,scale,69.745
AFR,perm,comm,p3,2030,shape,1.97
AFR,perm,comm,p3,2035,scale,72.15
AFR,perm,comm,p3,2035,shape,1.97
AFR,perm,comm,p3,2040,scale,74.555
AFR,perm,comm,p3,2040,shape,1.97
AFR,perm,comm,p3,2045,scale,76.96
AFR,perm,comm,p3,2045,shape,1.97
AFR,perm,comm,p3,2050,scale,79.36500000000001
AFR,perm,comm,p3,2050,shape,1.97
AFR,perm,comm,p3,2055,scale,81.77
AFR,perm,comm,p3,2055,shape,1.97
AFR,perm,comm,p3,2060,scale,84.17500000000001
AFR,perm,comm,p3,2060,shape,1.97
AFR,perm,comm,p3,2065,scale,84.17500000000001
AFR,perm,comm,p3,2065,shape,1.97
AFR,perm,comm,p3,2070,scale,84.17500000000001
AFR,perm,comm,p3,2070,shape,1.97
AFR,perm,comm,p3,2075,scale,84.17500000000001
AFR,perm,comm,p3,2075,shape,1.97
AFR,perm,comm,p3,2080,scale,84.17500000000001
AFR,perm,comm,p3,2080,shape,1.97
AFR,perm,comm,p3,2085,scale,84.17500000000001
AFR,perm,comm,p3,2085,shape,1.97
AFR,perm,comm,p3,2090,scale,84.17500000000001
AFR,perm,comm,p3,2090,shape,1.97
AFR,perm,comm,p3,2095,scale,84.17500000000001
AFR,perm,comm,p3,2095,shape,1.97
AFR,perm,comm,p3,2100,scale,84.17500000000001
AFR,perm,comm,p3,2100,shape,1.97
AFR,perm,comm,p5,2020,scale,67.34
AFR,perm,comm,p5,2020,shape,1.97
AFR,perm,comm,p5,2025,scale,67.34
AFR,perm,comm,p5,2025,shape,1.97
AFR,perm,comm,p5,2030,scale,71.669
AFR,perm,comm,p5,2030,shape,1.97
AFR,perm,comm,p5,2035,scale,75.998
AFR,perm,comm,p5,2035,shape,1.97
AFR,perm,comm,p5,2040,scale,80.327
AFR,perm,comm,p5,2040,shape,1.97
AFR,perm,comm,p5,2045,scale,84.656
AFR,perm,comm,p5,2045,shape,1.97
AFR,perm,comm,p5,2050,scale,88.985
AFR,perm,comm,p5,2050,shape,1.97
AFR,perm,comm,p5,2055,scale,93.31400000000001
AFR,perm,comm,p5,2055,shape,1.97
AFR,perm,comm,p5,2060,scale,97.643
AFR,perm,comm,p5,2060,shape,1.97
AFR,perm,comm,p5,2065,scale,97.643
AFR,perm,comm,p5,2065,shape,1.97
AFR,perm,comm,p5,2070,scale,97.643
AFR,perm,comm,p5,2070,shape,1.97
AFR,perm,comm,p5,2075,scale,97.643
AFR,perm,comm,p5,2075,shape,1.97
AFR,perm,comm,p5,2080,scale,97.643
AFR,perm,comm,p5,2080,shape,1.97
AFR,perm,comm,p5,2085,scale,97.643
AFR,perm,comm,p5,2085,shape,1.97
AFR,perm,comm,p5,2090,scale,97.643
AFR,perm,comm,p5,2090,shape,1.97
AFR,perm,comm,p5,2095,scale,97.643
AFR,perm,comm,p5,2095,shape,1.97
AFR,perm,comm,p5,2100,scale,97.643
AFR,perm,comm,p5,2100,shape,1.97
CPA,perm,comm,p1,2020,scale,31.03
CPA,perm,comm,p1,2020,shape,2
CPA,perm,comm,p1,2025,scale,31.03
CPA,perm,comm,p1,2025,shape,2
CPA,perm,comm,p1,2030,scale,32.581500000000005
CPA,perm,comm,p1,2030,shape,2
CPA,perm,comm,p1,2035,scale,34.133
CPA,perm,comm,p1,2035,shape,2
CPA,perm,comm,p1,2040,scale,35.6845
CPA,perm,comm,p1,2040,shape,2
CPA,perm,comm,p1,2045,scale,37.236
CPA,perm,comm,p1,2045,shape,2
CPA,perm,comm,p1,2050,scale,38.7875
CPA,perm,comm,p1,2050,shape,2
CPA,perm,comm,p1,2055,scale,38.7875
CPA,perm,comm,p1,2055,shape,2
CPA,perm,comm,p1,2060,scale,38.7875
CPA,perm,comm,p1,2060,shape,2
CPA,perm,comm,p1,2065,scale,38.7875
CPA,perm,comm,p1,2065,shape,2
CPA,perm,comm,p1,2070,scale,38.7875
CPA,perm,comm,p1,2070,shape,2
CPA,perm,comm,p1,2075,scale,38.7875
CPA,perm,comm,p1,2075,shape,2
CPA,perm,comm,p1,2080,scale,38.7875
CPA,perm,comm,p1,2080,shape,2
CPA,perm,comm,p1,2085,scale,38.7875
CPA,perm,comm,p1,2085,shape,2
CPA,perm,comm,p1,2090,scale,38.7875
CPA,perm,comm,p1,2090,shape,2
CPA,perm,comm,p1,2095,scale,38.7875
CPA,perm,comm,p1,2095,shape,2
CPA,perm,comm,p1,2100,scale,38.7875
CPA,perm,comm,p1,2100,shape,2
CPA,perm,comm,p2,2020,scale,31.03
CPA,perm,comm,p2,2020,shape,2
CPA,perm,comm,p2,2025,scale,31.03
CPA,perm,comm,p2,2025,shape,2
CPA,perm,comm,p2,2030,scale,32.581500000000005
CPA,perm,comm,p2,2030,shape,2
CPA,perm,comm,p2,2035,scale,34.133
CPA,perm,comm,p2,2035,shape,2
CPA,perm,comm,p2,2040,scale,35.6845
CPA,perm,comm,p2,2040,shape,2
CPA,perm,comm,p2,2045,scale,37.236
CPA,perm,comm,p2,2045,shape,2
CPA,perm,comm,p2,2050,scale,38.7875
CPA,perm,comm,p2,2050,shape,2
CPA,perm,comm,p2,2055,scale,38.7875
CPA,perm,comm,p2,2055,shape,2
CPA,perm,comm,p2,2060,scale,38.7875
CPA,perm,comm,p2,2060,shape,2
CPA,perm,comm,p2,2065,scale,38.7875
CPA,perm,comm,p2,2065,shape,2
CPA,perm,comm,p2,2070,scale,38.7875
CPA,perm,comm,p2,2070,shape,2
CPA,perm,comm,p2,2075,scale,38.7875
CPA,perm,comm,p2,2075,shape,2
CPA,perm,comm,p2,2080,scale,38.7875
CPA,perm,comm,p2,2080,shape,2
CPA,perm,comm,p2,2085,scale,38.7875
CPA,perm,comm,p2,2085,shape,2
CPA,perm,comm,p2,2090,scale,38.7875
CPA,perm,comm,p2,2090,shape,2
CPA,perm,comm,p2,2095,scale,38.7875
CPA,perm,comm,p2,2095,shape,2
CPA,perm,comm,p2,2100,scale,38.7875
CPA,perm,comm,p2,2100,shape,2
CPA,perm,comm,p3,2020,scale,31.03
CPA,perm,comm,p3,2020,shape,2
CPA,perm,comm,p3,2025,scale,31.03
CPA,perm,comm,p3,2025,shape,2
CPA,perm,comm,p3,2030,scale,32.581500000000005
CPA,perm,comm,p3,2030,shape,2
CPA,perm,comm,p3,2035,scale,34.133
CPA,perm,comm,p3,2035,shape,2
CPA,perm,comm,p3,2040,scale,35.6845
CPA,perm,comm,p3,2040,shape,2
CPA,perm,comm,p3,2045,scale,37.236
CPA,perm,comm,p3,2045,shape,2
CPA,perm,comm,p3,2050,scale,38.7875
CPA,perm,comm,p3,2050,shape,2
CPA,perm,comm,p3,2055,scale,38.7875
CPA,perm,comm,p3,2055,shape,2
CPA,perm,comm,p3,2060,scale,38.7875
CPA,perm,comm,p3,2060,shape,2
CPA,perm,comm,p3,2065,scale,38.7875
CPA,perm,comm,p3,2065,shape,2
CPA,perm,comm,p3,2070,scale,38.7875
CPA,perm,comm,p3,2070,shape,2
CPA,perm,comm,p3,2075,scale,38.7875
CPA,perm,comm,p3,2075,shape,2
CPA,perm,comm,p3,2080,scale,38.7875
CPA,perm,comm,p3,2080,shape,2
CPA,perm,comm,p3,2085,scale,38.7875
CPA,perm,comm,p3,2085,shape,2
CPA,perm,comm,p3,2090,scale,38.7875
CPA,perm,comm,p3,2090,shape,2
CPA,perm,comm,p3,2095,scale,38.7875
CPA,perm,comm,p3,2095,shape,2
CPA,perm,comm,p3,2100,scale,38.7875
CPA,perm,comm,p3,2100,shape,2
CPA,perm,comm,p5,2020,scale,31.03
CPA,perm,comm,p5,2020,shape,2
CPA,perm,comm,p5,2025,scale,31.03
CPA,perm,comm,p5,2025,shape,2
CPA,perm,comm,p5,2030,scale,33.822700000000005
CPA,perm,comm,p5,2030,shape,2
CPA,perm,comm,p5,2035,scale,36.6154
CPA,perm,comm,p5,2035,shape,2
CPA,perm,comm,p5,2040,scale,39.408100000000005
CPA,perm,comm,p5,2040,shape,2
CPA,perm,comm,p5,2045,scale,42.20080000000001
CPA,perm,comm,p5,2045,shape,2
CPA,perm,comm,p5,2050,scale,44.9935
CPA,perm,comm,p5,2050,shape,2
CPA,perm,comm,p5,2055,scale,44.9935
CPA,perm,comm,p5,2055,shape,2
CPA,perm,comm,p5,2060,scale,44.9935
CPA,perm,comm,p5,2060,shape,2
CPA,perm,comm,p5,2065,scale,44.9935
CPA,perm,comm,p5,2065,shape,2
CPA,perm,comm,p5,2070,scale,44.9935
CPA,perm,comm,p5,2070,shape,2
CPA,perm,comm,p5,2075,scale,44.9935
CPA,perm,comm,p5,2075,shape,2
CPA,perm,comm,p5,2080,scale,44.9935
CPA,perm,comm,p5,2080,shape,2
CPA,perm,comm,p5,2085,scale,44.9935
CPA,perm,comm,p5,2085,shape,2
CPA,perm,comm,p5,2090,scale,44.9935
CPA,perm,comm,p5,2090,shape,2
CPA,perm,comm,p5,2095,scale,44.9935
CPA,perm,comm,p5,2095,shape,2
CPA,perm,comm,p5,2100,scale,44.9935
CPA,perm,comm,p5,2100,shape,2
EEU,perm,comm,p1,2020,scale,150
EEU,perm,comm,p1,2020,shape,2.5
EEU,perm,comm,p1,2025,scale,150
EEU,perm,comm,p1,2025,shape,2.5
EEU,perm,comm,p1,2030,scale,157.5
EEU,perm,comm,p1,2030,shape,2.5
EEU,perm,comm,p1,2035,scale,165
EEU,perm,comm,p1,2035,shape,2.5
EEU,perm,comm,p1,2040,scale,172.5
EEU,perm,comm,p1,2040,shape,2.5
EEU,perm,comm,p1,2045,scale,180
EEU,perm,comm,p1,2045,shape,2.5
EEU,perm,comm,p1,2050,scale,187.5
EEU,perm,comm,p1,2050,shape,2.5
EEU,perm,comm,p1,2055,scale,187.5
EEU,perm,comm,p1,2055,shape,2.5
EEU,perm,comm,p1,2060,scale,187.5
EEU,perm,comm,p1,2060,shape,2.5
EEU,perm,comm,p1,2065,scale,187.5
EEU,perm,comm,p1,2065,shape,2.5
EEU,perm,comm,p1,2070,scale,187.5
EEU,perm,comm,p1,2070,shape,2.5
EEU,perm,comm,p1,2075,scale,187.5
EEU,perm,comm,p1,2075,shape,2.5
EEU,perm,comm,p1,2080,scale,187.5
EEU,perm,comm,p1,2080,shape,2.5
EEU,perm,comm,p1,2085,scale,187.5
EEU,perm,comm,p1,2085,shape,2.5
EEU,perm,comm,p1,2090,scale,187.5
EEU,perm,comm,p1,2090,shape,2.5
EEU,perm,comm,p1,2095,scale,187.5
EEU,perm,comm,p1,2095,shape,2.5
EEU,perm,comm,p1,2100,scale,187.5
EEU,perm,comm,p1,2100,shape,2.5
EEU,perm,comm,p2,2020,scale,53.6
EEU,perm,comm,p2,2020,shape,2.5
EEU,perm,comm,p2,2025,scale,53.6
EEU,perm,comm,p2,2025,shape,2.5
EEU,perm,comm,p2,2030,scale,56.28
EEU,perm,comm,p2,2030,shape,2.5
EEU,perm,comm,p2,2035,scale,58.96000000000001
EEU,perm,comm,p2,2035,shape,2.5
EEU,perm,comm,p2,2040,scale,61.63999999999999
EEU,perm,comm,p2,2040,shape,2.5
EEU,perm,comm,p2,2045,scale,64.32
EEU,perm,comm,p2,2045,shape,2.5
EEU,perm,comm,p2,2050,scale,67
EEU,perm,comm,p2,2050,shape,2.5
EEU,perm,comm,p2,2055,scale,67
EEU,perm,comm,p2,2055,shape,2.5
EEU,perm,comm,p2,2060,scale,67
EEU,perm,comm,p2,2060,shape,2.5
EEU,perm,comm,p2,2065,scale,67
EEU,perm,comm,p2,2065,shape,2.5
EEU,perm,comm,p2,2070,scale,67
EEU,perm,comm,p2,2070,shape,2.5
EEU,perm,comm,p2,2075,scale,67
EEU,perm,comm,p2,2075,shape,2.5
EEU,perm,comm,p2,2080,scale,67
EEU,perm,comm,p2,2080,shape,2.5
EEU,perm,comm,p2,2085,scale,67
EEU,perm,comm,p2,2085,shape,2.5
EEU,perm,comm,p2,2090,scale,67
EEU,perm,comm,p2,2090,shape,2.5
EEU,perm,comm,p2,2095,scale,67
EEU,perm,comm,p2,2095,shape,2.5
EEU,perm,comm,p2,2100,scale,67
EEU,perm,comm,p2,2100,shape,2.5
EEU,perm,comm,p3,2020,scale,53.6
EEU,perm,comm,p3,2020,shape,2.5
EEU,perm,comm,p3,2025,scale,53.6
EEU,perm,comm,p3,2025,shape,2.5
EEU,perm,comm,p3,2030,scale,56.28
EEU,perm,comm,p3,2030,shape,2.5
EEU,perm,comm,p3,2035,scale,58.96000000000001
EEU,perm,comm,p3,2035,shape,2.5
EEU,perm,comm,p3,2040,scale,61.63999999999999
EEU,perm,comm,p3,2040,shape,2.5
EEU,perm,comm,p3,2045,scale,64.32
EEU,perm,comm,p3,2045,shape,2.5
EEU,perm,comm,p3,2050,scale,67
EEU,perm,comm,p3,2050,shape,2.5
EEU,perm,comm,p3,2055,scale,67
EEU,perm,comm,p3,2055,shape,2.5
EEU,perm,comm,p3,2060,scale,67
EEU,perm,comm,p3,2060,shape,2.5
EEU,perm,comm,p3,2065,scale,67
EEU,perm,comm,p3,2065,shape,2.5
EEU,perm,comm,p3,2070,scale,67
EEU,perm,comm,p3,2070,shape,2.5
EEU,perm,comm,p3,2075,scale,67
EEU,perm,comm,p3,2075,shape,2.5
EEU,perm,comm,p3,2080,scale,67
EEU,perm,comm,p3,2080,shape,2.5
EEU,perm,comm,p3,2085,scale,67
EEU,perm,comm,p3,2085,shape,2.5
EEU,perm,comm,p3,2090,scale,67
EEU,perm,comm,p3,2090,shape,2.5
EEU,perm,comm,p3,2095,scale,67
EEU,perm,comm,p3,2095,shape,2.5
EEU,perm,comm,p3,2100,scale,67
EEU,perm,comm,p3,2100,shape,2.5
EEU,perm,comm,p5,2020,scale,53.6
EEU,perm,comm,p5,2020,shape,2.5
EEU,perm,comm,p5,2025,scale,53.6
EEU,perm,comm,p5,2025,shape,2.5
EEU,perm,comm,p5,2030,scale,58.42400000000001
EEU,perm,comm,p5,2030,shape,2.5
EEU,perm,comm,p5,2035,scale,63.248
EEU,perm,comm,p5,2035,shape,2.5
EEU,perm,comm,p5,2040,scale,68.072
EEU,perm,comm,p5,2040,shape,2.5
EEU,perm,comm,p5,2045,scale,72.896
EEU,perm,comm,p5,2045,shape,2.5
EEU,perm,comm,p5,2050,scale,77.72
EEU,perm,comm,p5,2050,shape,2.5
EEU,perm,comm,p5,2055,scale,77.72
EEU,perm,comm,p5,2055,shape,2.5
EEU,perm,comm,p5,2060,scale,77.72
EEU,perm,comm,p5,2060,shape,2.5
EEU,perm,comm,p5,2065,scale,77.72
EEU,perm,comm,p5,2065,shape,2.5
EEU,perm,comm,p5,2070,scale,77.72
EEU,perm,comm,p5,2070,shape,2.5
EEU,perm,comm,p5,2075,scale,77.72
EEU,perm,comm,p5,2075,shape,2.5
EEU,perm,comm,p5,2080,scale,77.72
EEU,perm,comm,p5,2080,shape,2.5
EEU,perm,comm,p5,2085,scale,77.72
EEU,perm,comm,p5,2085,shape,2.5
EEU,perm,comm,p5,2090,scale,77.72
EEU,perm,comm,p5,2090,shape,2.5
EEU,perm,comm,p5,2095,scale,77.72
EEU,perm,comm,p5,2095,shape,2.5
EEU,perm,comm,p5,2100,scale,77.72
EEU,perm,comm,p5,2100,shape,2.5
FSU,perm,comm,p1,2020,scale,53.6
FSU,perm,comm,p1,2020,shape,2.5
FSU,perm,comm,p1,2025,scale,53.6
FSU,perm,comm,p1,2025,shape,2.5
FSU,perm,comm,p1,2030,scale,56.28
FSU,perm,comm,p1,2030,shape,2.5
FSU,perm,comm,p1,2035,scale,58.96000000000001
FSU,perm,comm,p1,2035,shape,2.5
FSU,perm,comm,p1,2040,scale,61.63999999999999
FSU,perm,comm,p1,2040,shape,2.5
FSU,perm,comm,p1,2045,scale,64.32
FSU,perm,comm,p1,2045,shape,2.5
FSU,perm,comm,p1,2050,scale,67
FSU,perm,comm,p1,2050,shape,2.5
FSU,perm,comm,p1,2055,scale,67
FSU,perm,comm,p1,2055,shape,2.5
FSU,perm,comm,p1,2060,scale,67
FSU,perm,comm,p1,2060,shape,2.5
FSU,perm,comm,p1,2065,scale,67
FSU,perm,comm,p1,2065,shape,2.5
FSU,perm,comm,p1,2070,scale,67
FSU,perm,comm,p1,2070,shape,2.5
FSU,perm,comm,p1,2075,scale,67
FSU,perm,comm,p1,2075,shape,2.5
FSU,perm,comm,p1,2080,scale,67
FSU,perm,comm,p1,2080,shape,2.5
FSU,perm,comm,p1,2085,scale,67
FSU,perm,comm,p1,2085,shape,2.5
FSU,perm,comm,p1,2090,scale,67
FSU,perm,comm,p1,2090,shape,2.5
FSU,perm,comm,p1,2095,scale,67
FSU,perm,comm,p1,2095,shape,2.5
FSU,perm,comm,p1,2100,scale,67
FSU,perm,comm,p1,2100,shape,2.5
FSU,perm,comm,p2,2020,scale,53.6
FSU,perm,comm,p2,2020,shape,2.5
FSU,perm,comm,p2,2025,scale,53.6
FSU,perm,comm,p2,2025,shape,2.5
FSU,perm,comm,p2,2030,scale,56.28
FSU,perm,comm,p2,2030,shape,2.5
FSU,perm,comm,p2,2035,scale,58.96000000000001
FSU,perm,comm,p2,2035,shape,2.5
FSU,perm,comm,p2,2040,scale,61.63999999999999
FSU,perm,comm,p2,2040,shape,2.5
FSU,perm,comm,p2,2045,scale,64.32
FSU,perm,comm,p2,2045,shape,2.5
FSU,perm,comm,p2,2050,scale,67
FSU,perm,comm,p2,2050,shape,2.5
FSU,perm,comm,p2,2055,scale,67
FSU,perm,comm,p2,2055,shape,2.5
FSU,perm,comm,p2,2060,scale,67
FSU,perm,comm,p2,2060,shape,2.5
FSU,perm,comm,p2,2065,scale,67
FSU,perm,comm,p2,2065,shape,2.5
FSU,perm,comm,p2,2070,scale,67
FSU,perm,comm,p2,2070,shape,2.5
FSU,perm,comm,p2,2075,scale,67
FSU,perm,comm,p2,2075,shape,2.5
FSU,perm,comm,p2,2080,scale,67
FSU,perm,comm,p2,2080,shape,2.5
FSU,perm,comm,p2,2085,scale,67
FSU,perm,comm,p2,2085,shape,2.5
FSU,perm,comm,p2,2090,scale,67
FSU,perm,comm,p2,2090,shape,2.5
FSU,perm,comm,p2,2095,scale,67
FSU,perm,comm,p2,2095,shape,2.5
FSU,perm,comm,p2,2100,scale,67
FSU,perm,comm,p2,2100,shape,2.5
FSU,perm,comm,p3,2020,scale,53.6
FSU,perm,comm,p3,2020,shape,2.5
FSU,perm,comm,p3,2025,scale,53.6
FSU,perm,comm,p3,2025,shape,2.5
FSU,perm,comm,p3,2030,scale,56.28
FSU,perm,comm,p3,2030,shape,2.5
FSU,perm,comm,p3,2035,scale,58.96000000000001
FSU,perm,comm,p3,2035,shape,2.5
FSU,perm,comm,p3,2040,scale,61.63999999999999
FSU,perm,comm,p3,2040,shape,2.5
FSU,perm,comm,p3,2045,scale,64.32
FSU,perm,comm,p3,2045,shape,2.5
FSU,perm,comm,p3,2050,scale,67
FSU,perm,comm,p3,2050,shape,2.5
FSU,perm,comm,p3,2055,scale,67
FSU,perm,comm,p3,2055,shape,2.5
FSU,perm,comm,p3,2060,scale,67
FSU,perm,comm,p3,2060,shape,2.5
FSU,perm,comm,p3,2065,scale,67
FSU,perm,comm,p3,2065,shape,2.5
FSU,perm,comm,p3,2070,scale,67
FSU,perm,comm,p3,2070,shape,2.5
FSU,perm,comm,p3,2075,scale,67
FSU,perm,comm,p3,2075,shape,2.5
FSU,perm,comm,p3,2080,scale,67
FSU,perm,comm,p3,2080,shape,2.5
FSU,perm,comm,p3,2085,scale,67
FSU,perm,comm,p3,2085,shape,2.5
FSU,perm,comm,p3,2090,scale,67
FSU,perm,comm,p3,2090,shape,2.5
FSU,perm,comm,p3,2095,scale,67
FSU,perm,comm,p3,2095,shape,2.5
FSU,perm,comm,p3,2100,scale,67
FSU,perm,comm,p3,2100,shape,2.5
FSU,perm,comm,p5,2020,scale,53.6
FSU,perm,comm,p5,2020,shape,2.5
FSU,perm,comm,p5,2025,scale,53.6
FSU,perm,comm,p5,2025,shape,2.5
FSU,perm,comm,p5,2030,scale,58.42400000000001
FSU,perm,comm,p5,2030,shape,2.5
FSU,perm,comm,p5,2035,scale,63.248
FSU,perm,comm,p5,2035,shape,2.5
FSU,perm,comm,p5,2040,scale,68.072
FSU,perm,comm,p5,2040,shape,2.5
FSU,perm,comm,p5,2045,scale,72.896
FSU,perm,comm,p5,2045,shape,2.5
FSU,perm,comm,p5,2050,scale,77.72
FSU,perm,comm,p5,2050,shape,2.5
FSU,perm,comm,p5,2055,scale,77.72
FSU,perm,comm,p5,2055,shape,2.5
FSU,perm,comm,p5,2060,scale,77.72
FSU,perm,comm,p5,2060,shape,2.5
FSU,perm,comm,p5,2065,scale,77.72
FSU,perm,comm,p5,2065,shape,2.5
FSU,perm,comm,p5,2070,scale,77.72
FSU,perm,comm,p5,2070,shape,2.5
FSU,perm,comm,p5,2075,scale,77.72
FSU,perm,comm,p5,2075,shape,2.5
FSU,perm,comm,p5,2080,scale,77.72
FSU,perm,comm,p5,2080,shape,2.5
FSU,perm,comm,p5,2085,scale,77.72
FSU,perm,comm,p5,2085,shape,2.5
FSU,perm,comm,p5,2090,scale,77.72
FSU,perm,comm,p5,2090,shape,2.5
FSU,perm,comm,p5,2095,scale,77.72
FSU,perm,comm,p5,2095,shape,2.5
FSU,perm,comm,p5,2100,scale,77.72
FSU,perm,comm,p5,2100,shape,2.5
LAC,perm,comm,p1,2020,scale,68.24
LAC,perm,comm,p1,2020,shape,1.97
LAC,perm,comm,p1,2025,scale,68.24
LAC,perm,comm,p1,2025,shape,1.97
LAC,perm,comm,p1,2030,scale,70.67714285714285
LAC,perm,comm,p1,2030,shape,1.97
LAC,perm,comm,p1,2035,scale,73.1142857142857
LAC,perm,comm,p1,2035,shape,1.97
LAC,perm,comm,p1,2040,scale,75.55142857142857
LAC,perm,comm,p1,2040,shape,1.97
LAC,perm,comm,p1,2045,scale,77.98857142857142
LAC,perm,comm,p1,2045,shape,1.97
LAC,perm,comm,p1,2050,scale,80.42571428571428
LAC,perm,comm,p1,2050,shape,1.97
LAC,perm,comm,p1,2055,scale,82.86285714285712
LAC,perm,comm,p1,2055,shape,1.97
LAC,perm,comm,p1,2060,scale,85.3
LAC,perm,comm,p1,2060,shape,1.97
LAC,perm,comm,p1,2065,scale,85.3
LAC,perm,comm,p1,2065,shape,1.97
LAC,perm,comm,p1,2070,scale,85.3
LAC,perm,comm,p1,2070,shape,1.97
LAC,perm,comm,p1,2075,scale,85.3
LAC,perm,comm,p1,2075,shape,1.97
LAC,perm,comm,p1,2080,scale,85.3
LAC,perm,comm,p1,2080,shape,1.97
LAC,perm,comm,p1,2085,scale,85.3
LAC,perm,comm,p1,2085,shape,1.97
LAC,perm,comm,p1,2090,scale,85.3
LAC,perm,comm,p1,2090,shape,1.97
LAC,perm,comm,p1,2095,scale,85.3
LAC,perm,comm,p1,2095,shape,1.97
LAC,perm,comm,p1,2100,scale,85.3
LAC,perm,comm,p1,2100,shape,1.97
LAC,perm,comm,p2,2020,scale,68.24
LAC,perm,comm,p2,2020,shape,1.97
LAC,perm,comm,p2,2025,scale,68.24
LAC,perm,comm,p2,2025,shape,1.97
LAC,perm,comm,p2,2030,scale,70.67714285714285
LAC,perm,comm,p2,2030,shape,1.97
LAC,perm,comm,p2,2035,scale,73.1142857142857
LAC,perm,comm,p2,2035,shape,1.97
LAC,perm,comm,p2,2040,scale,75.55142857142857
LAC,perm,comm,p2,2040,shape,1.97
LAC,perm,comm,p2,2045,scale,77.98857142857142
LAC,perm,comm,p2,2045,shape,1.97
LAC,perm,comm,p2,2050,scale,80.42571428571428
LAC,perm,comm,p2,2050,shape,1.97
LAC,perm,comm,p2,2055,scale,82.86285714285712
LAC,perm,comm,p2,2055,shape,1.97
LAC,perm,comm,p2,2060,scale,85.3
LAC,perm,comm,p2,2060,shape,1.97
LAC,perm,comm,p2,2065,scale,85.3
LAC,perm,comm,p2,2065,shape,1.97
LAC,perm,comm,p2,2070,scale,85.3
LAC,perm,comm,p2,2070,shape,1.97
LAC,perm,comm,p2,2075,scale,85.3
LAC,perm,comm,p2,2075,shape,1.97
LAC,perm,comm,p2,2080,scale,85.3
LAC,perm,comm,p2,2080,shape,1.97
LAC,perm,comm,p2,2085,scale,85.3
LAC,perm,comm,p2,2085,shape,1.97
LAC,perm,comm,p2,2090,scale,85.3
LAC,perm,comm,p2,2090,shape,1.97
LAC,perm,comm,p2,2095,scale,85.3
LAC,perm,comm,p2,2095,shape,1.97
LAC,perm,comm,p2,2100,scale,85.3
LAC,perm,comm,p2,2100,shape,1.97
LAC,perm,comm,p3,2020,scale,68.24
LAC,perm,comm,p3,2020,shape,1.97
LAC,perm,comm,p3,2025,scale,68.24
LAC,perm,comm,p3,2025,shape,1.97
LAC,perm,comm,p3,2030,scale,70.67714285714285
LAC,perm,comm,p3,2030,shape,1.97
LAC,perm,comm,p3,2035,scale,73.1142857142857
LAC,perm,comm,p3,2035,shape,1.97
LAC,perm,comm,p3,2040,scale,75.55142857142857
LAC,perm,comm,p3,2040,shape,1.97
LAC,perm,comm,p3,2045,scale,77.98857142857142
LAC,perm,comm,p3,2045,shape,1.97
LAC,perm,comm,p3,2050,scale,80.42571428571428
LAC,perm,comm,p3,2050,shape,1.97
LAC,perm,comm,p3,2055,scale,82.86285714285712
LAC,perm,comm,p3,2055,shape,1.97
LAC,perm,comm,p3,2060,scale,85.3
LAC,perm,comm,p3,2060,shape,1.97
LAC,perm,comm,p3,2065,scale,85.3
LAC,perm,comm,p3,2065,shape,1.97
LAC,perm,comm,p3,2070,scale,85.3
LAC,perm,comm,p3,2070,shape,1.97
LAC,perm,comm,p3,2075,scale,85.3
LAC,perm,comm,p3,2075,shape,1.97
LAC,perm,comm,p3,2080,scale,85.3
LAC,perm,comm,p3,2080,shape,1.97
LAC,perm,comm,p3,2085,scale,85.3
LAC,perm,comm,p3,2085,shape,1.97
LAC,perm,comm,p3,2090,scale,85.3
LAC,perm,comm,p3,2090,shape,1.97
LAC,perm,comm,p3,2095,scale,85.3
LAC,perm,comm,p3,2095,shape,1.97
LAC,perm,comm,p3,2100,scale,85.3
LAC,perm,comm,p3,2100,shape,1.97
LAC,perm,comm,p5,2020,scale,68.24
LAC,perm,comm,p5,2020,shape,1.97
LAC,perm,comm,p5,2025,scale,68.24
LAC,perm,comm,p5,2025,shape,1.97
LAC,perm,comm,p5,2030,scale,72.62685714285713
LAC,perm,comm,p5,2030,shape,1.97
LAC,perm,comm,p5,2035,scale,77.01371428571427
LAC,perm,comm,p5,2035,shape,1.97
LAC,perm,comm,p5,2040,scale,81.40057142857142
LAC,perm,comm,p5,2040,shape,1.97
LAC,perm,comm,p5,2045,scale,85.78742857142856
LAC,perm,comm,p5,2045,shape,1.97
LAC,perm,comm,p5,2050,scale,90.1742857142857
LAC,perm,comm,p5,2050,shape,1.97
LAC,perm,comm,p5,2055,scale,94.56114285714284
LAC,perm,comm,p5,2055,shape,1.97
LAC,perm,comm,p5,2060,scale,98.948
LAC,perm,comm,p5,2060,shape,1.97
LAC,perm,comm,p5,2065,scale,98.948
LAC,perm,comm,p5,2065,shape,1.97
LAC,perm,comm,p5,2070,scale,98.948
LAC,perm,comm,p5,2070,shape,1.97
LAC,perm,comm,p5,2075,scale,98.948
LAC,perm,comm,p5,2075,shape,1.97
LAC,perm,comm,p5,2080,scale,98.948
LAC,perm,comm,p5,2080,shape,1.97
LAC,perm,comm,p5,2085,scale,98.948
LAC,perm,comm,p5,2085,shape,1.97
LAC,perm,comm,p5,2090,scale,98.948
LAC,perm,comm,p5,2090,shape,1.97
LAC,perm,comm,p5,2095,scale,98.948
LAC,perm,comm,p5,2095,shape,1.97
LAC,perm,comm,p5,2100,scale,98.948
LAC,perm,comm,p5,2100,shape,1.97
MEA,perm,comm,p1,2020,scale,67.34
MEA,perm,comm,p1,2020,shape,1.97
MEA,perm,comm,p1,2025,scale,67.34
MEA,perm,comm,p1,2025,shape,1.97
MEA,perm,comm,p1,2030,scale,69.745
MEA,perm,comm,p1,2030,shape,1.97
MEA,perm,comm,p1,2035,scale,72.15
MEA,perm,comm,p1,2035,shape,1.97
MEA,perm,comm,p1,2040,scale,74.555
MEA,perm,comm,p1,2040,shape,1.97
MEA,perm,comm,p1,2045,scale,76.96
MEA,perm,comm,p1,2045,shape,1.97
MEA,perm,comm,p1,2050,scale,79.36500000000001
MEA,perm,comm,p1,2050,shape,1.97
MEA,perm,comm,p1,2055,scale,81.77
MEA,perm,comm,p1,2055,shape,1.97
MEA,perm,comm,p1,2060,scale,84.17500000000001
MEA,perm,comm,p1,2060,shape,1.97
MEA,perm,comm,p1,2065,scale,84.17500000000001
MEA,perm,comm,p1,2065,shape,1.97
MEA,perm,comm,p1,2070,scale,84.17500000000001
MEA,perm,comm,p1,2070,shape,1.97
MEA,perm,comm,p1,2075,scale,84.17500000000001
MEA,perm,comm,p1,2075,shape,1.97
MEA,perm,comm,p1,2080,scale,84.17500000000001
MEA,perm,comm,p1,2080,shape,1.97
MEA,perm,comm,p1,2085,scale,84.17500000000001
MEA,perm,comm,p1,2085,shape,1.97
MEA,perm,comm,p1,2090,scale,84.17500000000001
MEA,perm,comm,p1,2090,shape,1.97
MEA,perm,comm,p1,2095,scale,84.17500000000001
MEA,perm,comm,p1,2095,shape,1.97
MEA,perm,comm,p1,2100,scale,84.17500000000001
MEA,perm,comm,p1,2100,shape,1.97
MEA,perm,comm,p2,2020,scale,67.34
MEA,perm,comm,p2,2020,shape,1.97
MEA,perm,comm,p2,2025,scale,67.34
MEA,perm,comm,p2,2025,shape,1.97
MEA,perm,comm,p2,2030,scale,69.745
MEA,perm,comm,p2,2030,shape,1.97
MEA,perm,comm,p2,2035,scale,72.15
MEA,perm,comm,p2,2035,shape,1.97
MEA,perm,comm,p2,2040,scale,74.555
MEA,perm,comm,p2,2040,shape,1.97
MEA,perm,comm,p2,2045,scale,76.96
MEA,perm,comm,p2,2045,shape,1.97
MEA,perm,comm,p2,2050,scale,79.36500000000001
MEA,perm,comm,p2,2050,shape,1.97
MEA,perm,comm,p2,2055,scale,81.77
MEA,perm,comm,p2,2055,shape,1.97
MEA,perm,comm,p2,2060,scale,84.17500000000001
MEA,perm,comm,p2,2060,shape,1.97
MEA,perm,comm,p2,2065,scale,84.17500000000001
MEA,perm,comm,p2,2065,shape,1.97
MEA,perm,comm,p2,2070,scale,84.17500000000001
MEA,perm,comm,p2,2070,shape,1.97
MEA,perm,comm,p2,2075,scale,84.17500000000001
MEA,perm,comm,p2,2075,shape,1.97
MEA,perm,comm,p2,2080,scale,84.17500000000001
MEA,perm,comm,p2,2080,shape,1.97
MEA,perm,comm,p2,2085,scale,84.17500000000001
MEA,perm,comm,p2,2085,shape,1.97
MEA,perm,comm,p2,2090,scale,84.17500000000001
MEA,perm,comm,p2,2090,shape,1.97
MEA,perm,comm,p2,2095,scale,84.17500000000001
MEA,perm,comm,p2,2095,shape,1.97
MEA,perm,comm,p2,2100,scale,84.17500000000001
MEA,perm,comm,p2,2100,shape,1.97
MEA,perm,comm,p3,2020,scale,67.34
MEA,perm,comm,p3,2020,shape,1.97
MEA,perm,comm,p3,2025,scale,67.34
MEA,perm,comm,p3,2025,shape,1.97
MEA,perm,comm,p3,2030,scale,69.745
MEA,perm,comm,p3,2030,shape,1.97
MEA,perm,comm,p3,2035,scale,72.15
MEA,perm,comm,p3,2035,shape,1.97
MEA,perm,comm,p3,2040,scale,74.555
MEA,perm,comm,p3,2040,shape,1.97
MEA,perm,comm,p3,2045,scale,76.96
MEA,perm,comm,p3,2045,shape,1.97
MEA,perm,comm,p3,2050,scale,79.36500000000001
MEA,perm,comm,p3,2050,shape,1.97
MEA,perm,comm,p3,2055,scale,81.77
MEA,perm,comm,p3,2055,shape,1.97
MEA,perm,comm,p3,2060,scale,84.17500000000001
MEA,perm,comm,p3,2060,shape,1.97
MEA,perm,comm,p3,2065,scale,84.17500000000001
MEA,perm,comm,p3,2065,shape,1.97
MEA,perm,comm,p3,2070,scale,84.17500000000001
MEA,perm,comm,p3,2070,shape,1.97
MEA,perm,comm,p3,2075,scale,84.17500000000001
MEA,perm,comm,p3,2075,shape,1.97
MEA,perm,comm,p3,2080,scale,84.17500000000001
MEA,perm,comm,p3,2080,shape,1.97
MEA,perm,comm,p3,2085,scale,84.17500000000001
MEA,perm,comm,p3,2085,shape,1.97
MEA,perm,comm,p3,2090,scale,84.17500000000001
MEA,perm,comm,p3,2090,shape,1.97
MEA,perm,comm,p3,2095,scale,84.17500000000001
MEA,perm,comm,p3,2095,shape,1.97
MEA,perm,comm,p3,2100,scale,84.17500000000001
MEA,perm,comm,p3,2100,shape,1.97
MEA,perm,comm,p5,2020,scale,67.34
MEA,perm,comm,p5,2020,shape,1.97
MEA,perm,comm,p5,2025,scale,67.34
MEA,perm,comm,p5,2025,shape,1.97
MEA,perm,comm,p5,2030,scale,71.669
MEA,perm,comm,p5,2030,shape,1.97
MEA,perm,comm,p5,2035,scale,75.998
MEA,perm,comm,p5,2035,shape,1.97
MEA,perm,comm,p5,2040,scale,80.327
MEA,perm,comm,p5,2040,shape,1.97
MEA,perm,comm,p5,2045,scale,84.656
MEA,perm,comm,p5,2045,shape,1.97
MEA,perm,comm,p5,2050,scale,88.985
MEA,perm,comm,p5,2050,shape,1.97
MEA,perm,comm,p5,2055,scale,93.31400000000001
MEA,perm,comm,p5,2055,shape,1.97
MEA,perm,comm,p5,2060,scale,97.643
MEA,perm,comm,p5,2060,shape,1.97
MEA,perm,comm,p5,2065,scale,97.643
MEA,perm,comm,p5,2065,shape,1.97
MEA,perm,comm,p5,2070,scale,97.643
MEA,perm,comm,p5,2070,shape,1.97
MEA,perm,comm,p5,2075,scale,97.643
MEA,perm,comm,p5,2075,shape,1.97
MEA,perm,comm,p5,2080,scale,97.643
MEA,perm,comm,p5,2080,shape,1.97
MEA,perm,comm,p5,2085,scale,97.643
MEA,perm,comm,p5,2085,shape,1.97
MEA,perm,comm,p5,2090,scale,97.643
MEA,perm,comm,p5,2090,shape,1.97
MEA,perm,comm,p5,2095,scale,97.643
MEA,perm,comm,p5,2095,shape,1.97
MEA,perm,comm,p5,2100,scale,97.643
MEA,perm,comm,p5,2100,shape,1.97
NAM,perm,comm,p1,2020,scale,150
NAM,perm,comm,p1,2020,shape,4.16
NAM,perm,comm,p1,2025,scale,150
NAM,perm,comm,p1,2025,shape,4.16
NAM,perm,comm,p1,2030,scale,157.5
NAM,perm,comm,p1,2030,shape,4.16
NAM,perm,comm,p1,2035,scale,165
NAM,perm,comm,p1,2035,shape,4.16
NAM,perm,comm,p1,2040,scale,172.5
NAM,perm,comm,p1,2040,shape,4.16
NAM,perm,comm,p1,2045,scale,180
NAM,perm,comm,p1,2045,shape,4.16
NAM,perm,comm,p1,2050,scale,187.5
NAM,perm,comm,p1,2050,shape,4.16
NAM,perm,comm,p1,2055,scale,187.5
NAM,perm,comm,p1,2055,shape,4.16
NAM,perm,comm,p1,2060,scale,187.5
NAM,perm,comm,p1,2060,shape,4.16
NAM,perm,comm,p1,2065,scale,187.5
NAM,perm,comm,p1,2065,shape,4.16
NAM,perm,comm,p1,2070,scale,187.5
NAM,perm,comm,p1,2070,shape,4.16
NAM,perm,comm,p1,2075,scale,187.5
NAM,perm,comm,p1,2075,shape,4.16
NAM,perm,comm,p1,2080,scale,187.5
NAM,perm,comm,p1,2080,shape,4.16
NAM,perm,comm,p1,2085,scale,187.5
NAM,perm,comm,p1,2085,shape,4.16
NAM,perm,comm,p1,2090,scale,187.5
NAM,perm,comm,p1,2090,shape,4.16
NAM,perm,comm,p1,2095,scale,187.5
NAM,perm,comm,p1,2095,shape,4.16
NAM,perm,comm,p1,2100,scale,187.5
NAM,perm,comm,p1,2100,shape,4.16
NAM,perm,comm,p2,2020,scale,85.19
NAM,perm,comm,p2,2020,shape,4.16
NAM,perm,comm,p2,2025,scale,85.19
NAM,perm,comm,p2,2025,shape,4.16
NAM,perm,comm,p2,2030,scale,89.4495
NAM,perm,comm,p2,2030,shape,4.16
NAM,perm,comm,p2,2035,scale,93.709
NAM,perm,comm,p2,2035,shape,4.16
NAM,perm,comm,p2,2040,scale,97.96849999999999
NAM,perm,comm,p2,2040,shape,4.16
NAM,perm,comm,p2,2045,scale,102.228
NAM,perm,comm,p2,2045,shape,4.16
NAM,perm,comm,p2,2050,scale,106.4875
NAM,perm,comm,p2,2050,shape,4.16
NAM,perm,comm,p2,2055,scale,106.4875
NAM,perm,comm,p2,2055,shape,4.16
NAM,perm,comm,p2,2060,scale,106.4875
NAM,perm,comm,p2,2060,shape,4.16
NAM,perm,comm,p2,2065,scale,106.4875
NAM,perm,comm,p2,2065,shape,4.16
NAM,perm,comm,p2,2070,scale,106.4875
NAM,perm,comm,p2,2070,shape,4.16
NAM,perm,comm,p2,2075,scale,106.4875
NAM,perm,comm,p2,2075,shape,4.16
NAM,perm,comm,p2,2080,scale,106.4875
NAM,perm,comm,p2,2080,shape,4.16
NAM,perm,comm,p2,2085,scale,106.4875
NAM,perm,comm,p2,2085,shape,4.16
NAM,perm,comm,p2,2090,scale,106.4875
NAM,perm,comm,p2,2090,shape,4.16
NAM,perm,comm,p2,2095,scale,106.4875
NAM,perm,comm,p2,2095,shape,4.16
NAM,perm,comm,p2,2100,scale,106.4875
NAM,perm,comm,p2,2100,shape,4.16
NAM,perm,comm,p3,2020,scale,85.19
NAM,perm,comm,p3,2020,shape,4.16
NAM,perm,comm,p3,2025,scale,85.19
NAM,perm,comm,p3,2025,shape,4.16
NAM,perm,comm,p3,2030,scale,89.4495
NAM,perm,comm,p3,2030,shape,4.16
NAM,perm,comm,p3,2035,scale,93.709
NAM,perm,comm,p3,2035,shape,4.16
NAM,perm,comm,p3,2040,scale,97.96849999999999
NAM,perm,comm,p3,2040,shape,4.16
NAM,perm,comm,p3,2045,scale,102.228
NAM,perm,comm,p3,2045,shape,4.16
NAM,perm,comm,p3,2050,scale,106.4875
NAM,perm,comm,p3,2050,shape,4.16
NAM,perm,comm,p3,2055,scale,106.4875
NAM,perm,comm,p3,2055,shape,4.16
NAM,perm,comm,p3,2060,scale,106.4875
NAM,perm,comm,p3,2060,shape,4.16
NAM,perm,comm,p3,2065,scale,106.4875
NAM,perm,comm,p3,2065,shape,4.16
NAM,perm,comm,p3,2070,scale,106.4875
NAM,perm,comm,p3,2070,shape,4.16
NAM,perm,comm,p3,2075,scale,106.4875
NAM,perm,comm,p3,2075,shape,4.16
NAM,perm,comm,p3,2080,scale,106.4875
NAM,perm,comm,p3,2080,shape,4.16
NAM,perm,comm,p3,2085,scale,106.4875
NAM,perm,comm,p3,2085,shape,4.16
NAM,perm,comm,p3,2090,scale,106.4875
NAM,perm,comm,p3,2090,shape,4.16
NAM,perm,comm,p3,2095,scale,106.4875
NAM,perm,comm,p3,2095,shape,4.16
NAM,perm,comm,p3,2100,scale,106.4875
NAM,perm,comm,p3,2100,shape,4.16
NAM,perm,comm,p5,2020,scale,85.19
NAM,perm,comm,p5,2020,shape,4.16
NAM,perm,comm,p5,2025,scale,85.19
NAM,perm,comm,p5,2025,shape,4.16
NAM,perm,comm,p5,2030,scale,92.8571
NAM,perm,comm,p5,2030,shape,4.16
NAM,perm,comm,p5,2035,scale,100.5242
NAM,perm,comm,p5,2035,shape,4.16
NAM,perm,comm,p5,2040,scale,108.1913
NAM,perm,comm,p5,2040,shape,4.16
NAM,perm,comm,p5,2045,scale,115.8584
NAM,perm,comm,p5,2045,shape,4.16
NAM,perm,comm,p5,2050,scale,123.5255
NAM,perm,comm,p5,2050,shape,4.16
NAM,perm,comm,p5,2055,scale,123.5255
NAM,perm,comm,p5,2055,shape,4.16
NAM,perm,comm,p5,2060,scale,123.5255
NAM,perm,comm,p5,2060,shape,4.16
NAM,perm,comm,p5,2065,scale,123.5255
NAM,perm,comm,p5,2065,shape,4.16
NAM,perm,comm,p5,2070,scale,123.5255
NAM,perm,comm,p5,2070,shape,4.16
NAM,perm,comm,p5,2075,scale,123.5255
NAM,perm,comm,p5,2075,shape,4.16
NAM,perm,comm,p5,2080,scale,123.5255
NAM,perm,comm,p5,2080,shape,4.16
NAM,perm,comm,p5,2085,scale,123.5255
NAM,perm,comm,p5,2085,shape,4.16
NAM,perm,comm,p5,2090,scale,123.5255
NAM,perm,comm,p5,2090,shape,4.16
NAM,perm,comm,p5,2095,scale,123.5255
NAM,perm,comm,p5,2095,shape,4.16
NAM,perm,comm,p5,2100,scale,123.5255
NAM,perm,comm,p5,2100,shape,4.16
PAO,perm,comm,p1,2020,scale,94
PAO,perm,comm,p1,2020,shape,1.97
PAO,perm,comm,p1,2025,scale,94
PAO,perm,comm,p1,2025,shape,1.97
PAO,perm,comm,p1,2030,scale,98.7
PAO,perm,comm,p1,2030,shape,1.97
PAO,perm,comm,p1,2035,scale,103.4
PAO,perm,comm,p1,2035,shape,1.97
PAO,perm,comm,p1,2040,scale,108.1
PAO,perm,comm,p1,2040,shape,1.97
PAO,perm,comm,p1,2045,scale,112.8
PAO,perm,comm,p1,2045,shape,1.97
PAO,perm,comm,p1,2050,scale,117.5
PAO,perm,comm,p1,2050,shape,1.97
PAO,perm,comm,p1,2055,scale,117.5
PAO,perm,comm,p1,2055,shape,1.97
PAO,perm,comm,p1,2060,scale,117.5
PAO,perm,comm,p1,2060,shape,1.97
PAO,perm,comm,p1,2065,scale,117.5
PAO,perm,comm,p1,2065,shape,1.97
PAO,perm,comm,p1,2070,scale,117.5
PAO,perm,comm,p1,2070,shape,1.97
PAO,perm,comm,p1,2075,scale,117.5
PAO,perm,comm,p1,2075,shape,1.97
PAO,perm,comm,p1,2080,scale,117.5
PAO,perm,comm,p1,2080,shape,1.97
PAO,perm,comm,p1,2085,scale,117.5
PAO,perm,comm,p1,2085,shape,1.97
PAO,perm,comm,p1,2090,scale,117.5
PAO,perm,comm,p1,2090,shape,1.97
PAO,perm,comm,p1,2095,scale,117.5
PAO,perm,comm,p1,2095,shape,1.97
PAO,perm,comm,p1,2100,scale,117.5
PAO,perm,comm,p1,2100,shape,1.97
PAO,perm,comm,p2,2020,scale,94
PAO,perm,comm,p2,2020,shape,1.97
PAO,perm,comm,p2,2025,scale,94
PAO,perm,comm,p2,2025,shape,1.97
PAO,perm,comm,p2,2030,scale,98.7
PAO,perm,comm,p2,2030,shape,1.97
PAO,perm,comm,p2,2035,scale,103.4
PAO,perm,comm,p2,2035,shape,1.97
PAO,perm,comm,p2,2040,scale,108.1
PAO,perm,comm,p2,2040,shape,1.97
PAO,perm,comm,p2,2045,scale,112.8
PAO,perm,comm,p2,2045,shape,1.97
PAO,perm,comm,p2,2050,scale,117.5
PAO,perm,comm,p2,2050,shape,1.97
PAO,perm,comm,p2,2055,scale,117.5
PAO,perm,comm,p2,2055,shape,1.97
PAO,perm,comm,p2,2060,scale,117.5
PAO,perm,comm,p2,2060,shape,1.97
PAO,perm,comm,p2,2065,scale,117.5
PAO,perm,comm,p2,2065,shape,1.97
PAO,perm,comm,p2,2070,scale,117.5
PAO,perm,comm,p2,2070,shape,1.97
PAO,perm,comm,p2,2075,scale,117.5
PAO,perm,comm,p2,2075,shape,1.97
PAO,perm,comm,p2,2080,scale,117.5
PAO,perm,comm,p2,2080,shape,1.97
PAO,perm,comm,p2,2085,scale,117.5
PAO,perm,comm,p2,2085,shape,1.97
PAO,perm,comm,p2,2090,scale,117.5
PAO,perm,comm,p2,2090,shape,1.97
PAO,perm,comm,p2,2095,scale,117.5
PAO,perm,comm,p2,2095,shape,1.97
PAO,perm,comm,p2,2100,scale,117.5
PAO,perm,comm,p2,2100,shape,1.97
PAO,perm,comm,p3,2020,scale,94
PAO,perm,comm,p3,2020,shape,1.97
PAO,perm,comm,p3,2025,scale,94
PAO,perm,comm,p3,2025,shape,1.97
PAO,perm,comm,p3,2030,scale,98.7
PAO,perm,comm,p3,2030,shape,1.97
PAO,perm,comm,p3,2035,scale,103.4
PAO,perm,comm,p3,2035,shape,1.97
PAO,perm,comm,p3,2040,scale,108.1
PAO,perm,comm,p3,2040,shape,1.97
PAO,perm,comm,p3,2045,scale,112.8
PAO,perm,comm,p3,2045,shape,1.97
PAO,perm,comm,p3,2050,scale,117.5
PAO,perm,comm,p3,2050,shape,1.97
PAO,perm,comm,p3,2055,scale,117.5
PAO,perm,comm,p3,2055,shape,1.97
PAO,perm,comm,p3,2060,scale,117.5
PAO,perm,comm,p3,2060,shape,1.97
PAO,perm,comm,p3,2065,scale,117.5
PAO,perm,comm,p3,2065,shape,1.97
PAO,perm,comm,p3,2070,scale,117.5
PAO,perm,comm,p3,2070,shape,1.97
PAO,perm,comm,p3,2075,scale,117.5
PAO,perm,comm,p3,2075,shape,1.97
PAO,perm,comm,p3,2080,scale,117.5
PAO,perm,comm,p3,2080,shape,1.97
PAO,perm,comm,p3,2085,scale,117.5
PAO,perm,comm,p3,2085,shape,1.97
PAO,perm,comm,p3,2090,scale,117.5
PAO,perm,comm,p3,2090,shape,1.97
PAO,perm,comm,p3,2095,scale,117.5
PAO,perm,comm,p3,2095,shape,1.97
PAO,perm,comm,p3,2100,scale,117.5
PAO,perm,comm,p3,2100,shape,1.97
PAO,perm,comm,p5,2020,scale,94
PAO,perm,comm,p5,2020,shape,1.97
PAO,perm,comm,p5,2025,scale,94
PAO,perm,comm,p5,2025,shape,1.97
PAO,perm,comm,p5,2030,scale,102.46000000000001
PAO,perm,comm,p5,2030,shape,1.97
PAO,perm,comm,p5,2035,scale,110.91999999999999
PAO,perm,comm,p5,2035,shape,1.97
PAO,perm,comm,p5,2040,scale,119.38
PAO,perm,comm,p5,2040,shape,1.97
PAO,perm,comm,p5,2045,scale,127.84
PAO,perm,comm,p5,2045,shape,1.97
PAO,perm,comm,p5,2050,scale,136.29999999999998
PAO,perm,comm,p5,2050,shape,1.97
PAO,perm,comm,p5,2055,scale,136.29999999999998
PAO,perm,comm,p5,2055,shape,1.97
PAO,perm,comm,p5,2060,scale,136.29999999999998
PAO,perm,comm,p5,2060,shape,1.97
PAO,perm,comm,p5,2065,scale,136.29999999999998
PAO,perm,comm,p5,2065,shape,1.97
PAO,perm,comm,p5,2070,scale,136.29999999999998
PAO,perm,comm,p5,2070,shape,1.97
PAO,perm,comm,p5,2075,scale,136.29999999999998
PAO,perm,comm,p5,2075,shape,1.97
PAO,perm,comm,p5,2080,scale,136.29999999999998
PAO,perm,comm,p5,2080,shape,1.97
PAO,perm,comm,p5,2085,scale,136.29999999999998
PAO,perm,comm,p5,2085,shape,1.97
PAO,perm,comm,p5,2090,scale,136.29999999999998
PAO,perm,comm,p5,2090,shape,1.97
PAO,perm,comm,p5,2095,scale,136.29999999999998
PAO,perm,comm,p5,2095,shape,1.97
PAO,perm,comm,p5,2100,scale,136.29999999999998
PAO,perm,comm,p5,2100,shape,1.97
PAS,perm,comm,p1,2020,scale,43.95
PAS,perm,comm,p1,2020,shape,1.9
PAS,perm,comm,p1,2025,scale,43.95
PAS,perm,comm,p1,2025,shape,1.9
PAS,perm,comm,p1,2030,scale,45.51964285714286
PAS,perm,comm,p1,2030,shape,1.9
PAS,perm,comm,p1,2035,scale,47.089285714285715
PAS,perm,comm,p1,2035,shape,1.9
PAS,perm,comm,p1,2040,scale,48.658928571428575
PAS,perm,comm,p1,2040,shape,1.9
PAS,perm,comm,p1,2045,scale,50.22857142857143
PAS,perm,comm,p1,2045,shape,1.9
PAS,perm,comm,p1,2050,scale,51.79821428571429
PAS,perm,comm,p1,2050,shape,1.9
PAS,perm,comm,p1,2055,scale,53.36785714285714
PAS,perm,comm,p1,2055,shape,1.9
PAS,perm,comm,p1,2060,scale,54.9375
PAS,perm,comm,p1,2060,shape,1.9
PAS,perm,comm,p1,2065,scale,54.9375
PAS,perm,comm,p1,2065,shape,1.9
PAS,perm,comm,p1,2070,scale,54.9375
PAS,perm,comm,p1,2070,shape,1.9
PAS,perm,comm,p1,2075,scale,54.9375
PAS,perm,comm,p1,2075,shape,1.9
PAS,perm,comm,p1,2080,scale,54.9375
PAS,perm,comm,p1,2080,shape,1.9
PAS,perm,comm,p1,2085,scale,54.9375
PAS,perm,comm,p1,2085,shape,1.9
PAS,perm,comm,p1,2090,scale,54.9375
PAS,perm,comm,p1,2090,shape,1.9
PAS,perm,comm,p1,2095,scale,54.9375
PAS,perm,comm,p1,2095,shape,1.9
PAS,perm,comm,p1,2100,scale,54.9375
PAS,perm,comm,p1,2100,shape,1.9
PAS,perm,comm,p2,2020,scale,43.95
PAS,perm,comm,p2,2020,shape,1.9
PAS,perm,comm,p2,2025,scale,43.95
PAS,perm,comm,p2,2025,shape,1.9
PAS,perm,comm,p2,2030,scale,45.51964285714286
PAS,perm,comm,p2,2030,shape,1.9
PAS,perm,comm,p2,2035,scale,47.089285714285715
PAS,perm,comm,p2,2035,shape,1.9
PAS,perm,comm,p2,2040,scale,48.658928571428575
PAS,perm,comm,p2,2040,shape,1.9
PAS,perm,comm,p2,2045,scale,50.22857142857143
PAS,perm,comm,p2,2045,shape,1.9
PAS,perm,comm,p2,2050,scale,51.79821428571429
PAS,perm,comm,p2,2050,shape,1.9
PAS,perm,comm,p2,2055,scale,53.36785714285714
PAS,perm,comm,p2,2055,shape,1.9
PAS,perm,comm,p2,2060,scale,54.9375
PAS,perm,comm,p2,2060,shape,1.9
PAS,perm,comm,p2,2065,scale,54.9375
PAS,perm,comm,p2,2065,shape,1.9
PAS,perm,comm,p2,2070,scale,54.9375
PAS,perm,comm,p2,2070,shape,1.9
PAS,perm,comm,p2,2075,scale,54.9375
PAS,perm,comm,p2,2075,shape,1.9
PAS,perm,comm,p2,2080,scale,54.9375
PAS,perm,comm,p2,2080,shape,1.9
PAS,perm,comm,p2,2085,scale,54.9375
PAS,perm,comm,p2,2085,shape,1.9
PAS,perm,comm,p2,2090,scale,54.9375
PAS,perm,comm,p2,2090,shape,1.9
PAS,perm,comm,p2,2095,scale,54.9375
PAS,perm,comm,p2,2095,shape,1.9
PAS,perm,comm,p2,2100,scale,54.9375
PAS,perm,comm,p2,2100,shape,1.9
PAS,perm,comm,p3,2020,scale,43.95
PAS,perm,comm,p3,2020,shape,1.9
PAS,perm,comm,p3,2025,scale,43.95
PAS,perm,comm,p3,2025,shape,1.9
PAS,perm,comm,p3,2030,scale,45.51964285714286
PAS,perm,comm,p3,2030,shape,1.9
PAS,perm,comm,p3,2035,scale,47.089285714285715
PAS,perm,comm,p3,2035,shape,1.9
PAS,perm,comm,p3,2040,scale,48.658928571428575
PAS,perm,comm,p3,2040,shape,1.9
PAS,perm,comm,p3,2045,scale,50.22857142857143
PAS,perm,comm,p3,2045,shape,1.9
PAS,perm,comm,p3,2050,scale,51.79821428571429
PAS,perm,comm,p3,2050,shape,1.9
PAS,perm,comm,p3,2055,scale,53.36785714285714
PAS,perm,comm,p3,2055,shape,1.9
PAS,perm,comm,p3,2060,scale,54.9375
PAS,perm,comm,p3,2060,shape,1.9
PAS,perm,comm,p3,2065,scale,54.9375
PAS,perm,comm,p3,2065,shape,1.9
PAS,perm,comm,p3,2070,scale,54.9375
PAS,perm,comm,p3,2070,shape,1.9
PAS,perm,comm,p3,2075,scale,54.9375
PAS,perm,comm,p3,2075,shape,1.9
PAS,perm,comm,p3,2080,scale,54.9375
PAS,perm,comm,p3,2080,shape,1.9
PAS,perm,comm,p3,2085,scale,54.9375
PAS,perm,comm,p3,2085,shape,1.9
PAS,perm,comm,p3,2090,scale,54.9375
PAS,perm,comm,p3,2090,shape,1.9
PAS,perm,comm,p3,2095,scale,54.9375
PAS,perm,comm,p3,2095,shape,1.9
PAS,perm,comm,p3,2100,scale,54.9375
PAS,perm,comm,p3,2100,shape,1.9
PAS,perm,comm,p5,2020,scale,43.95
PAS,perm,comm,p5,2020,shape,1.9
PAS,perm,comm,p5,2025,scale,43.95
PAS,perm,comm,p5,2025,shape,1.9
PAS,perm,comm,p5,2030,scale,46.775357142857146
PAS,perm,comm,p5,2030,shape,1.9
PAS,perm,comm,p5,2035,scale,49.60071428571429
PAS,perm,comm,p5,2035,shape,1.9
PAS,perm,comm,p5,2040,scale,52.42607142857143
PAS,perm,comm,p5,2040,shape,1.9
PAS,perm,comm,p5,2045,scale,55.251428571428576
PAS,perm,comm,p5,2045,shape,1.9
PAS,perm,comm,p5,2050,scale,58.07678571428572
PAS,perm,comm,p5,2050,shape,1.9
PAS,perm,comm,p5,2055,scale,60.90214285714286
PAS,perm,comm,p5,2055,shape,1.9
PAS,perm,comm,p5,2060,scale,63.7275
PAS,perm,comm,p5,2060,shape,1.9
PAS,perm,comm,p5,2065,scale,63.7275
PAS,perm,comm,p5,2065,shape,1.9
PAS,perm,comm,p5,2070,scale,63.7275
PAS,perm,comm,p5,2070,shape,1.9
PAS,perm,comm,p5,2075,scale,63.7275
PAS,perm,comm,p5,2075,shape,1.9
PAS,perm,comm,p5,2080,scale,63.7275
PAS,perm,comm,p5,2080,shape,1.9
PAS,perm,comm,p5,2085,scale,63.7275
PAS,perm,comm,p5,2085,shape,1.9
PAS,perm,comm,p5,2090,scale,63.7275
PAS,perm,comm,p5,2090,shape,1.9
PAS,perm,comm,p5,2095,scale,63.7275
PAS,perm,comm,p5,2095,shape,1.9
PAS,perm,comm,p5,2100,scale,63.7275
PAS,perm,comm,p5,2100,shape,1.9
SAS,perm,comm,p1,2020,scale,67.34
SAS,perm,comm,p1,2020,shape,1.97
SAS,perm,comm,p1,2025,scale,67.34
SAS,perm,comm,p1,2025,shape,1.97
SAS,perm,comm,p1,2030,scale,69.745
SAS,perm,comm,p1,2030,shape,1.97
SAS,perm,comm,p1,2035,scale,72.15
SAS,perm,comm,p1,2035,shape,1.97
SAS,perm,comm,p1,2040,scale,74.555
SAS,perm,comm,p1,2040,shape,1.97
SAS,perm,comm,p1,2045,scale,76.96
SAS,perm,comm,p1,2045,shape,1.97
SAS,perm,comm,p1,2050,scale,79.36500000000001
SAS,perm,comm,p1,2050,shape,1.97
SAS,perm,comm,p1,2055,scale,81.77
SAS,perm,comm,p1,2055,shape,1.97
SAS,perm,comm,p1,2060,scale,84.17500000000001
SAS,perm,comm,p1,2060,shape,1.97
SAS,perm,comm,p1,2065,scale,84.17500000000001
SAS,perm,comm,p1,2065,shape,1.97
SAS,perm,comm,p1,2070,scale,84.17500000000001
SAS,perm,comm,p1,2070,shape,1.97
SAS,perm,comm,p1,2075,scale,84.17500000000001
SAS,perm,comm,p1,2075,shape,1.97
SAS,perm,comm,p1,2080,scale,84.17500000000001
SAS,perm,comm,p1,2080,shape,1.97
SAS,perm,comm,p1,2085,scale,84.17500000000001
SAS,perm,comm,p1,2085,shape,1.97
SAS,perm,comm,p1,2090,scale,84.17500000000001
SAS,perm,comm,p1,2090,shape,1.97
SAS,perm,comm,p1,2095,scale,84.17500000000001
SAS,perm,comm,p1,2095,shape,1.97
SAS,perm,comm,p1,2100,scale,84.17500000000001
SAS,perm,comm,p1,2100,shape,1.97
SAS,perm,comm,p2,2020,scale,67.34
SAS,perm,comm,p2,2020,shape,1.97
SAS,perm,comm,p2,2025,scale,67.34
SAS,perm,comm,p2,2025,shape,1.97
SAS,perm,comm,p2,2030,scale,69.745
SAS,perm,comm,p2,2030,shape,1.97
SAS,perm,comm,p2,2035,scale,72.15
SAS,perm,comm,p2,2035,shape,1.97
SAS,perm,comm,p2,2040,scale,74.555
SAS,perm,comm,p2,2040,shape,1.97
SAS,perm,comm,p2,2045,scale,76.96
SAS,perm,comm,p2,2045,shape,1.97
SAS,perm,comm,p2,2050,scale,79.36500000000001
SAS,perm,comm,p2,2050,shape,1.97
SAS,perm,comm,p2,2055,scale,81.77
SAS,perm,comm,p2,2055,shape,1.97
SAS,perm,comm,p2,2060,scale,84.17500000000001
SAS,perm,comm,p2,2060,shape,1.97
SAS,perm,comm,p2,2065,scale,84.17500000000001
SAS,perm,comm,p2,2065,shape,1.97
SAS,perm,comm,p2,2070,scale,84.17500000000001
SAS,perm,comm,p2,2070,shape,1.97
SAS,perm,comm,p2,2075,scale,84.17500000000001
SAS,perm,comm,p2,2075,shape,1.97
SAS,perm,comm,p2,2080,scale,84.17500000000001
SAS,perm,comm,p2,2080,shape,1.97
SAS,perm,comm,p2,2085,scale,84.17500000000001
SAS,perm,comm,p2,2085,shape,1.97
SAS,perm,comm,p2,2090,scale,84.17500000000001
SAS,perm,comm,p2,2090,shape,1.97
SAS,perm,comm,p2,2095,scale,84.17500000000001
SAS,perm,comm,p2,2095,shape,1.97
SAS,perm,comm,p2,2100,scale,84.17500000000001
SAS,perm,comm,p2,2100,shape,1.97
SAS,perm,comm,p3,2020,scale,67.34
SAS,perm,comm,p3,2020,shape,1.97
SAS,perm,comm,p3,2025,scale,67.34
SAS,perm,comm,p3,2025,shape,1.97
SAS,perm,comm,p3,2030,scale,69.745
SAS,perm,comm,p3,2030,shape,1.97
SAS,perm,comm,p3,2035,scale,72.15
SAS,perm,comm,p3,2035,shape,1.97
SAS,perm,comm,p3,2040,scale,74.555
SAS,perm,comm,p3,2040,shape,1.97
SAS,perm,comm,p3,2045,scale,76.96
SAS,perm,comm,p3,2045,shape,1.97
SAS,perm,comm,p3,2050,scale,79.36500000000001
SAS,perm,comm,p3,2050,shape,1.97
SAS,perm,comm,p3,2055,scale,81.77
SAS,perm,comm,p3,2055,shape,1.97
SAS,perm,comm,p3,2060,scale,84.17500000000001
SAS,perm,comm,p3,2060,shape,1.97
SAS,perm,comm,p3,2065,scale,84.17500000000001
SAS,perm,comm,p3,2065,shape,1.97
SAS,perm,comm,p3,2070,scale,84.17500000000001
SAS,perm,comm,p3,2070,shape,1.97
SAS,perm,comm,p3,2075,scale,84.17500000000001
SAS,perm,comm,p3,2075,shape,1.97
SAS,perm,comm,p3,2080,scale,84.17500000000001
SAS,perm,comm,p3,2080,shape,1.97
SAS,perm,comm,p3,2085,scale,84.17500000000001
SAS,perm,comm,p3,2085,shape,1.97
SAS,perm,comm,p3,2090,scale,84.17500000000001
SAS,perm,comm,p3,2090,shape,1.97
SAS,perm,comm,p3,2095,scale,84.17500000000001
SAS,perm,comm,p3,2095,shape,1.97
SAS,perm,comm,p3,2100,scale,84.17500000000001
SAS,perm,comm,p3,2100,shape,1.97
SAS,perm,comm,p5,2020,scale,67.34
SAS,perm,comm,p5,2020,shape,1.97
SAS,perm,comm,p5,2025,scale,67.34
SAS,perm,comm,p5,2025,shape,1.97
SAS,perm,comm,p5,2030,scale,71.669
SAS,perm,comm,p5,2030,shape,1.97
SAS,perm,comm,p5,2035,scale,75.998
SAS,perm,comm,p5,2035,shape,1.97
SAS,perm,comm,p5,2040,scale,80.327
SAS,perm,comm,p5,2040,shape,1.97
SAS,perm,comm,p5,2045,scale,84.656
SAS,perm,comm,p5,2045,shape,1.97
SAS,perm,comm,p5,2050,scale,88.985
SAS,perm,comm,p5,2050,shape,1.97
SAS,perm,comm,p5,2055,scale,93.31400000000001
SAS,perm,comm,p5,2055,shape,1.97
SAS,perm,comm,p5,2060,scale,97.643
SAS,perm,comm,p5,2060,shape,1.97
SAS,perm,comm,p5,2065,scale,97.643
SAS,perm,comm,p5,2065,shape,1.97
SAS,perm,comm,p5,2070,scale,97.643
SAS,perm,comm,p5,2070,shape,1.97
SAS,perm,comm,p5,2075,scale,97.643
SAS,perm,comm,p5,2075,shape,1.97
SAS,perm,comm,p5,2080,scale,97.643
SAS,perm,comm,p5,2080,shape,1.97
SAS,perm,comm,p5,2085,scale,97.643
SAS,perm,comm,p5,2085,shape,1.97
SAS,perm,comm,p5,2090,scale,97.643
SAS,perm,comm,p5,2090,shape,1.97
SAS,perm,comm,p5,2095,scale,97.643
SAS,perm,comm,p5,2095,shape,1.97
SAS,perm,comm,p5,2100,scale,97.643
SAS,perm,comm,p5,2100,shape,1.97
WEU,perm,comm,p1,2020,scale,150
WEU,perm,comm,p1,2020,shape,2.95
WEU,perm,comm,p1,2025,scale,150
WEU,perm,comm,p1,2025,shape,2.95
WEU,perm,comm,p1,2030,scale,157.5
WEU,perm,comm,p1,2030,shape,2.95
WEU,perm,comm,p1,2035,scale,165
WEU,perm,comm,p1,2035,shape,2.95
WEU,perm,comm,p1,2040,scale,172.5
WEU,perm,comm,p1,2040,shape,2.95
WEU,perm,comm,p1,2045,scale,180
WEU,perm,comm,p1,2045,shape,2.95
WEU,perm,comm,p1,2050,scale,187.5
WEU,perm,comm,p1,2050,shape,2.95
WEU,perm,comm,p1,2055,scale,187.5
WEU,perm,comm,p1,2055,shape,2.95
WEU,perm,comm,p1,2060,scale,187.5
WEU,perm,comm,p1,2060,shape,2.95
WEU,perm,comm,p1,2065,scale,187.5
WEU,perm,comm,p1,2065,shape,2.95
WEU,perm,comm,p1,2070,scale,187.5
WEU,perm,comm,p1,2070,shape,2.95
WEU,perm,comm,p1,2075,scale,187.5
WEU,perm,comm,p1,2075,shape,2.95
WEU,perm,comm,p1,2080,scale,187.5
WEU,perm,comm,p1,2080,shape,2.95
WEU,perm,comm,p1,2085,scale,187.5
WEU,perm,comm,p1,2085,shape,2.95
WEU,perm,comm,p1,2090,scale,187.5
WEU,perm,comm,p1,2090,shape,2.95
WEU,perm,comm,p1,2095,scale,187.5
WEU,perm,comm,p1,2095,shape,2.95
WEU,perm,comm,p1,2100,scale,187.5
WEU,perm,comm,p1,2100,shape,2.95
WEU,perm,comm,p2,2020,scale,70.82
WEU,perm,comm,p2,2020,shape,2.95
WEU,perm,comm,p2,2025,scale,70.82
WEU,perm,comm,p2,2025,shape,2.95
WEU,perm,comm,p2,2030,scale,74.36099999999999
WEU,perm,comm,p2,2030,shape,2.95
WEU,perm,comm,p2,2035,scale,77.902
WEU,perm,comm,p2,2035,shape,2.95
WEU,perm,comm,p2,2040,scale,81.44299999999998
WEU,perm,comm,p2,2040,shape,2.95
WEU,perm,comm,p2,2045,scale,84.984
WEU,perm,comm,p2,2045,shape,2.95
WEU,perm,comm,p2,2050,scale,88.52499999999999
WEU,perm,comm,p2,2050,shape,2.95
WEU,perm,comm,p2,2055,scale,88.52499999999999
WEU,perm,comm,p2,2055,shape,2.95
WEU,perm,comm,p2,2060,scale,88.52499999999999
WEU,perm,comm,p2,2060,shape,2.95
WEU,perm,comm,p2,2065,scale,88.52499999999999
WEU,perm,comm,p2,2065,shape,2.95
WEU,perm,comm,p2,2070,scale,88.52499999999999
WEU,perm,comm,p2,2070,shape,2.95
WEU,perm,comm,p2,2075,scale,88.52499999999999
WEU,perm,comm,p2,2075,shape,2.95
WEU,perm,comm,p2,2080,scale,88.52499999999999
WEU,perm,comm,p2,2080,shape,2.95
WEU,perm,comm,p2,2085,scale,88.52499999999999
WEU,perm,comm,p2,2085,shape,2.95
WEU,perm,comm,p2,2090,scale,88.52499999999999
WEU,perm,comm,p2,2090,shape,2.95
WEU,perm,comm,p2,2095,scale,88.52499999999999
WEU,perm,comm,p2,2095,shape,2.95
WEU,perm,comm,p2,2100,scale,88.52499999999999
WEU,perm,comm,p2,2100,shape,2.95
WEU,perm,comm,p3,2020,scale,70.82
WEU,perm,comm,p3,2020,shape,2.95
WEU,perm,comm,p3,2025,scale,70.82
WEU,perm,comm,p3,2025,shape,2.95
WEU,perm,comm,p3,2030,scale,74.36099999999999
WEU,perm,comm,p3,2030,shape,2.95
WEU,perm,comm,p3,2035,scale,77.902
WEU,perm,comm,p3,2035,shape,2.95
WEU,perm,comm,p3,2040,scale,81.44299999999998
WEU,perm,comm,p3,2040,shape,2.95
WEU,perm,comm,p3,2045,scale,84.984
WEU,perm,comm,p3,2045,shape,2.95
WEU,perm,comm,p3,2050,scale,88.52499999999999
WEU,perm,comm,p3,2050,shape,2.95
WEU,perm,comm,p3,2055,scale,88.52499999999999
WEU,perm,comm,p3,2055,shape,2.95
WEU,perm,comm,p3,2060,scale,88.52499999999999
WEU,perm,comm,p3,2060,shape,2.95
WEU,perm,comm,p3,2065,scale,88.52499999999999
WEU,perm,comm,p3,2065,shape,2.95
WEU,perm,comm,p3,2070,scale,88.52499999999999
WEU,perm,comm,p3,2070,shape,2.95
WEU,perm,comm,p3,2075,scale,88.52499999999999
WEU,perm,comm,p3,2075,shape,2.95
WEU,perm,comm,p3,2080,scale,88.52499999999999
WEU,perm,comm,p3,2080,shape,2.95
WEU,perm,comm,p3,2085,scale,88.52499999999999
WEU,perm,comm,p3,2085,shape,2.95
WEU,perm,comm,p3,2090,scale,88.52499999999999
WEU,perm,comm,p3,2090,shape,2.95
WEU,perm,comm,p3,2095,scale,88.52499999999999
WEU,perm,comm,p3,2095,shape,2.95
WEU,perm,comm,p3,2100,scale,88.52499999999999
WEU,perm,comm,p3,2100,shape,2.95
WEU,perm,comm,p5,2020,scale,70.82
WEU,perm,comm,p5,2020,shape,2.95
WEU,perm,comm,p5,2025,scale,70.82
WEU,perm,comm,p5,2025,shape,2.95
WEU,perm,comm,p5,2030,scale,77.1938
WEU,perm,comm,p5,2030,shape,2.95
WEU,perm,comm,p5,2035,scale,83.56759999999998
WEU,perm,comm,p5,2035,shape,2.95
WEU,perm,comm,p5,2040,scale,89.94139999999999
WEU,perm,comm,p5,2040,shape,2.95
WEU,perm,comm,p5,2045,scale,96.3152
WEU,perm,comm,p5,2045,shape,2.95
WEU,perm,comm,p5,2050,scale,102.689
WEU,perm,comm,p5,2050,shape,2.95
WEU,perm,comm,p5,2055,scale,102.689
WEU,perm,comm,p5,2055,shape,2.95
WEU,perm,comm,p5,2060,scale,102.689
WEU,perm,comm,p5,2060,shape,2.95
WEU,perm,comm,p5,2065,scale,102.689
WEU,perm,comm,p5,2065,shape,2.95
WEU,perm,comm,p5,2070,scale,102.689
WEU,perm,comm,p5,2070,shape,2.95
WEU,perm,comm,p5,2075,scale,102.689
WEU,perm,comm,p5,2075,shape,2.95
WEU,perm,comm,p5,2080,scale,102.689
WEU,perm,comm,p5,2080,shape,2.95
WEU,perm,comm,p5,2085,scale,102.689
WEU,perm,comm,p5,2085,shape,2.95
WEU,perm,comm,p5,2090,scale,102.689
WEU,perm,comm,p5,2090,shape,2.95
WEU,perm,comm,p5,2095,scale,102.689
WEU,perm,comm,p5,2095,shape,2.95
WEU,perm,comm,p5,2100,scale,102.689
WEU,perm,comm,p5,2100,shape,2.95
