region_bld,region_gea,urt,arch,material,value
C-EEU-BGR,EEU,rur,comm,aluminum,0.49
C-EEU-BGR,EEU,rur,comm,brick,148.4681853888453
C-EEU-BGR,EEU,rur,comm,concrete,1062.432851856273
C-EEU-BGR,EEU,rur,comm,copper,0.182895495
C-EEU-BGR,EEU,rur,comm,glass,2.57
C-EEU-BGR,EEU,rur,comm,steel,47
C-EEU-BGR,EEU,rur,comm,wood,25.66551271338188
C-EEU-BGR,EEU,urb,comm,aluminum,0.49
C-EEU-BGR,EEU,urb,comm,brick,148.4681853888453
C-EEU-BGR,EEU,urb,comm,concrete,1062.432851856273
C-EEU-BGR,EEU,urb,comm,copper,0.182895495
C-EEU-BGR,EEU,urb,comm,glass,2.57
C-EEU-BGR,EEU,urb,comm,steel,47
C-EEU-BGR,EEU,urb,comm,wood,25.66551271338188
C-EEU-CZE,EEU,rur,comm,aluminum,0.49
C-EEU-CZE,EEU,rur,comm,brick,148.4681853888453
C-EEU-CZE,EEU,rur,comm,concrete,1062.432851856273
C-EEU-CZE,EEU,rur,comm,copper,0.182895495
C-EEU-CZE,EEU,rur,comm,glass,2.57
C-EEU-CZE,EEU,rur,comm,steel,47
C-EEU-CZE,EEU,rur,comm,wood,25.66551271338188
C-EEU-CZE,EEU,urb,comm,aluminum,0.49
C-EEU-CZE,EEU,urb,comm,brick,148.4681853888453
C-EEU-CZE,EEU,urb,comm,concrete,1062.432851856273
C-EEU-CZE,EEU,urb,comm,copper,0.182895495
C-EEU-CZE,EEU,urb,comm,glass,2.57
C-EEU-CZE,EEU,urb,comm,steel,47
C-EEU-CZE,EEU,urb,comm,wood,25.66551271338188
C-EEU-EST,EEU,rur,comm,aluminum,0.49
C-EEU-EST,EEU,rur,comm,brick,148.4681853888453
C-EEU-EST,EEU,rur,comm,concrete,1062.432851856273
C-EEU-EST,EEU,rur,comm,copper,0.182895495
C-EEU-EST,EEU,rur,comm,glass,2.57
C-EEU-EST,EEU,rur,comm,steel,47
C-EEU-EST,EEU,rur,comm,wood,25.66551271338188
C-EEU-EST,EEU,urb,comm,aluminum,0.49
C-EEU-EST,EEU,urb,comm,brick,148.4681853888453
C-EEU-EST,EEU,urb,comm,concrete,1062.432851856273
C-EEU-EST,EEU,urb,comm,copper,0.182895495
C-EEU-EST,EEU,urb,comm,glass,2.57
C-EEU-EST,EEU,urb,comm,steel,47
C-EEU-EST,EEU,urb,comm,wood,25.66551271338188
C-EEU-HRV,EEU,rur,comm,aluminum,0.49
C-EEU-HRV,EEU,rur,comm,brick,148.4681853888453
C-EEU-HRV,EEU,rur,comm,concrete,1062.432851856273
C-EEU-HRV,EEU,rur,comm,copper,0.182895495
C-EEU-HRV,EEU,rur,comm,glass,2.57
C-EEU-HRV,EEU,rur,comm,steel,47
C-EEU-HRV,EEU,rur,comm,wood,25.66551271338188
C-EEU-HRV,EEU,urb,comm,aluminum,0.49
C-EEU-HRV,EEU,urb,comm,brick,148.4681853888453
C-EEU-HRV,EEU,urb,comm,concrete,1062.432851856273
C-EEU-HRV,EEU,urb,comm,copper,0.182895495
C-EEU-HRV,EEU,urb,comm,glass,2.57
C-EEU-HRV,EEU,urb,comm,steel,47
C-EEU-HRV,EEU,urb,comm,wood,25.66551271338188
C-EEU-HUN,EEU,rur,comm,aluminum,0.49
C-EEU-HUN,EEU,rur,comm,brick,148.4681853888453
C-EEU-HUN,EEU,rur,comm,concrete,1062.432851856273
C-EEU-HUN,EEU,rur,comm,copper,0.182895495
C-EEU-HUN,EEU,rur,comm,glass,2.57
C-EEU-HUN,EEU,rur,comm,steel,47
C-EEU-HUN,EEU,rur,comm,wood,25.66551271338188
C-EEU-HUN,EEU,urb,comm,aluminum,0.49
C-EEU-HUN,EEU,urb,comm,brick,148.4681853888453
C-EEU-HUN,EEU,urb,comm,concrete,1062.432851856273
C-EEU-HUN,EEU,urb,comm,copper,0.182895495
C-EEU-HUN,EEU,urb,comm,glass,2.57
C-EEU-HUN,EEU,urb,comm,steel,47
C-EEU-HUN,EEU,urb,comm,wood,25.66551271338188
C-EEU-LTU,EEU,rur,comm,aluminum,0.49
C-EEU-LTU,EEU,rur,comm,brick,148.4681853888453
C-EEU-LTU,EEU,rur,comm,concrete,1062.432851856273
C-EEU-LTU,EEU,rur,comm,copper,0.182895495
C-EEU-LTU,EEU,rur,comm,glass,2.57
C-EEU-LTU,EEU,rur,comm,steel,47
C-EEU-LTU,EEU,rur,comm,wood,25.66551271338188
C-EEU-LTU,EEU,urb,comm,aluminum,0.49
C-EEU-LTU,EEU,urb,comm,brick,148.4681853888453
C-EEU-LTU,EEU,urb,comm,concrete,1062.432851856273
C-EEU-LTU,EEU,urb,comm,copper,0.182895495
C-EEU-LTU,EEU,urb,comm,glass,2.57
C-EEU-LTU,EEU,urb,comm,steel,47
C-EEU-LTU,EEU,urb,comm,wood,25.66551271338188
C-EEU-LVA,EEU,rur,comm,aluminum,0.49
C-EEU-LVA,EEU,rur,comm,brick,148.4681853888453
C-EEU-LVA,EEU,rur,comm,concrete,1062.432851856273
C-EEU-LVA,EEU,rur,comm,copper,0.182895495
C-EEU-LVA,EEU,rur,comm,glass,2.57
C-EEU-LVA,EEU,rur,comm,steel,47
C-EEU-LVA,EEU,rur,comm,wood,25.66551271338188
C-EEU-LVA,EEU,urb,comm,aluminum,0.49
C-EEU-LVA,EEU,urb,comm,brick,148.4681853888453
C-EEU-LVA,EEU,urb,comm,concrete,1062.432851856273
C-EEU-LVA,EEU,urb,comm,copper,0.182895495
C-EEU-LVA,EEU,urb,comm,glass,2.57
C-EEU-LVA,EEU,urb,comm,steel,47
C-EEU-LVA,EEU,urb,comm,wood,25.66551271338188
C-EEU-POL,EEU,rur,comm,aluminum,0.49
C-EEU-POL,EEU,rur,comm,brick,148.4681853888453
C-EEU-POL,EEU,rur,comm,concrete,1062.432851856273
C-EEU-POL,EEU,rur,comm,copper,0.182895495
C-EEU-POL,EEU,rur,comm,glass,2.57
C-EEU-POL,EEU,rur,comm,steel,47
C-EEU-POL,EEU,rur,comm,wood,25.66551271338188
C-EEU-POL,EEU,urb,comm,aluminum,0.49
C-EEU-POL,EEU,urb,comm,brick,148.4681853888453
C-EEU-POL,EEU,urb,comm,concrete,1062.432851856273
C-EEU-POL,EEU,urb,comm,copper,0.182895495
C-EEU-POL,EEU,urb,comm,glass,2.57
C-EEU-POL,EEU,urb,comm,steel,47
C-EEU-POL,EEU,urb,comm,wood,25.66551271338188
C-EEU-ROU,EEU,rur,comm,aluminum,0.49
C-EEU-ROU,EEU,rur,comm,brick,148.4681853888453
C-EEU-ROU,EEU,rur,comm,concrete,1062.432851856273
C-EEU-ROU,EEU,rur,comm,copper,0.182895495
C-EEU-ROU,EEU,rur,comm,glass,2.57
C-EEU-ROU,EEU,rur,comm,steel,47
C-EEU-ROU,EEU,rur,comm,wood,25.66551271338188
C-EEU-ROU,EEU,urb,comm,aluminum,0.49
C-EEU-ROU,EEU,urb,comm,brick,148.4681853888453
C-EEU-ROU,EEU,urb,comm,concrete,1062.432851856273
C-EEU-ROU,EEU,urb,comm,copper,0.182895495
C-EEU-ROU,EEU,urb,comm,glass,2.57
C-EEU-ROU,EEU,urb,comm,steel,47
C-EEU-ROU,EEU,urb,comm,wood,25.66551271338188
C-EEU-SVK,EEU,rur,comm,aluminum,0.49
C-EEU-SVK,EEU,rur,comm,brick,148.4681853888453
C-EEU-SVK,EEU,rur,comm,concrete,1062.432851856273
C-EEU-SVK,EEU,rur,comm,copper,0.182895495
C-EEU-SVK,EEU,rur,comm,glass,2.57
C-EEU-SVK,EEU,rur,comm,steel,47
C-EEU-SVK,EEU,rur,comm,wood,25.66551271338188
C-EEU-SVK,EEU,urb,comm,aluminum,0.49
C-EEU-SVK,EEU,urb,comm,brick,148.4681853888453
C-EEU-SVK,EEU,urb,comm,concrete,1062.432851856273
C-EEU-SVK,EEU,urb,comm,copper,0.182895495
C-EEU-SVK,EEU,urb,comm,glass,2.57
C-EEU-SVK,EEU,urb,comm,steel,47
C-EEU-SVK,EEU,urb,comm,wood,25.66551271338188
C-EEU-SVN,EEU,rur,comm,aluminum,0.49
C-EEU-SVN,EEU,rur,comm,brick,148.4681853888453
C-EEU-SVN,EEU,rur,comm,concrete,1062.432851856273
C-EEU-SVN,EEU,rur,comm,copper,0.182895495
C-EEU-SVN,EEU,rur,comm,glass,2.57
C-EEU-SVN,EEU,rur,comm,steel,47
C-EEU-SVN,EEU,rur,comm,wood,25.66551271338188
C-EEU-SVN,EEU,urb,comm,aluminum,0.49
C-EEU-SVN,EEU,urb,comm,brick,148.4681853888453
C-EEU-SVN,EEU,urb,comm,concrete,1062.432851856273
C-EEU-SVN,EEU,urb,comm,copper,0.182895495
C-EEU-SVN,EEU,urb,comm,glass,2.57
C-EEU-SVN,EEU,urb,comm,steel,47
C-EEU-SVN,EEU,urb,comm,wood,25.66551271338188
C-WEU-AUT,WEU,rur,comm,aluminum,0.514994536
C-WEU-AUT,WEU,rur,comm,brick,63.8
C-WEU-AUT,WEU,rur,comm,concrete,1117.237376668601
C-WEU-AUT,WEU,rur,comm,copper,0.193603643
C-WEU-AUT,WEU,rur,comm,glass,3.184437765
C-WEU-AUT,WEU,rur,comm,steel,43.9
C-WEU-AUT,WEU,rur,comm,wood,26
C-WEU-AUT,WEU,urb,comm,aluminum,0.514994536
C-WEU-AUT,WEU,urb,comm,brick,63.8
C-WEU-AUT,WEU,urb,comm,concrete,1117.237376668601
C-WEU-AUT,WEU,urb,comm,copper,0.193603643
C-WEU-AUT,WEU,urb,comm,glass,3.184437765
C-WEU-AUT,WEU,urb,comm,steel,43.9
C-WEU-AUT,WEU,urb,comm,wood,26
C-WEU-BEL,WEU,rur,comm,aluminum,0.514994536
C-WEU-BEL,WEU,rur,comm,brick,63.8
C-WEU-BEL,WEU,rur,comm,concrete,1117.237376668601
C-WEU-BEL,WEU,rur,comm,copper,0.193603643
C-WEU-BEL,WEU,rur,comm,glass,3.184437765
C-WEU-BEL,WEU,rur,comm,steel,43.9
C-WEU-BEL,WEU,rur,comm,wood,26
C-WEU-BEL,WEU,urb,comm,aluminum,0.514994536
C-WEU-BEL,WEU,urb,comm,brick,63.8
C-WEU-BEL,WEU,urb,comm,concrete,1117.237376668601
C-WEU-BEL,WEU,urb,comm,copper,0.193603643
C-WEU-BEL,WEU,urb,comm,glass,3.184437765
C-WEU-BEL,WEU,urb,comm,steel,43.9
C-WEU-BEL,WEU,urb,comm,wood,26
C-WEU-CHE,WEU,rur,comm,aluminum,0.49
C-WEU-CHE,WEU,rur,comm,brick,148.4681853888453
C-WEU-CHE,WEU,rur,comm,concrete,1051.353715
C-WEU-CHE,WEU,rur,comm,copper,0.182895495
C-WEU-CHE,WEU,rur,comm,glass,2.57
C-WEU-CHE,WEU,rur,comm,steel,43.9
C-WEU-CHE,WEU,rur,comm,wood,25.66551271338188
C-WEU-CHE,WEU,urb,comm,aluminum,0.49
C-WEU-CHE,WEU,urb,comm,brick,148.4681853888453
C-WEU-CHE,WEU,urb,comm,concrete,1051.353715
C-WEU-CHE,WEU,urb,comm,copper,0.182895495
C-WEU-CHE,WEU,urb,comm,glass,2.57
C-WEU-CHE,WEU,urb,comm,steel,43.9
C-WEU-CHE,WEU,urb,comm,wood,25.66551271338188
C-WEU-CYP,WEU,rur,comm,aluminum,0.49
C-WEU-CYP,WEU,rur,comm,brick,148.4681853888453
C-WEU-CYP,WEU,rur,comm,concrete,1062.432851856273
C-WEU-CYP,WEU,rur,comm,copper,0.182895495
C-WEU-CYP,WEU,rur,comm,glass,2.57
C-WEU-CYP,WEU,rur,comm,steel,47
C-WEU-CYP,WEU,rur,comm,wood,25.66551271338188
C-WEU-CYP,WEU,urb,comm,aluminum,0.49
C-WEU-CYP,WEU,urb,comm,brick,148.4681853888453
C-WEU-CYP,WEU,urb,comm,concrete,1062.432851856273
C-WEU-CYP,WEU,urb,comm,copper,0.182895495
C-WEU-CYP,WEU,urb,comm,glass,2.57
C-WEU-CYP,WEU,urb,comm,steel,47
C-WEU-CYP,WEU,urb,comm,wood,25.66551271338188
C-WEU-DEU,WEU,rur,comm,aluminum,0.514994536
C-WEU-DEU,WEU,rur,comm,brick,63.8
C-WEU-DEU,WEU,rur,comm,concrete,1117.237376668601
C-WEU-DEU,WEU,rur,comm,copper,0.193603643
C-WEU-DEU,WEU,rur,comm,glass,3.184437765
C-WEU-DEU,WEU,rur,comm,steel,43.9
C-WEU-DEU,WEU,rur,comm,wood,26
C-WEU-DEU,WEU,urb,comm,aluminum,0.514994536
C-WEU-DEU,WEU,urb,comm,brick,63.8
C-WEU-DEU,WEU,urb,comm,concrete,1117.237376668601
C-WEU-DEU,WEU,urb,comm,copper,0.193603643
C-WEU-DEU,WEU,urb,comm,glass,3.184437765
C-WEU-DEU,WEU,urb,comm,steel,43.9
C-WEU-DEU,WEU,urb,comm,wood,26
C-WEU-DNK,WEU,rur,comm,aluminum,0.514994536
C-WEU-DNK,WEU,rur,comm,brick,63.8
C-WEU-DNK,WEU,rur,comm,concrete,1117.237376668601
C-WEU-DNK,WEU,rur,comm,copper,0.193603643
C-WEU-DNK,WEU,rur,comm,glass,3.184437765
C-WEU-DNK,WEU,rur,comm,steel,43.9
C-WEU-DNK,WEU,rur,comm,wood,26
C-WEU-DNK,WEU,urb,comm,aluminum,0.514994536
C-WEU-DNK,WEU,urb,comm,brick,63.8
C-WEU-DNK,WEU,urb,comm,concrete,1117.237376668601
C-WEU-DNK,WEU,urb,comm,copper,0.193603643
C-WEU-DNK,WEU,urb,comm,glass,3.184437765
C-WEU-DNK,WEU,urb,comm,steel,43.9
C-WEU-DNK,WEU,urb,comm,wood,26
C-WEU-ESP,WEU,rur,comm,aluminum,0.514994536
C-WEU-ESP,WEU,rur,comm,brick,63.8
C-WEU-ESP,WEU,rur,comm,concrete,1117.237376668601
C-WEU-ESP,WEU,rur,comm,copper,0.193603643
C-WEU-ESP,WEU,rur,comm,glass,3.184437765
C-WEU-ESP,WEU,rur,comm,steel,43.9
C-WEU-ESP,WEU,rur,comm,wood,26
C-WEU-ESP,WEU,urb,comm,aluminum,0.514994536
C-WEU-ESP,WEU,urb,comm,brick,63.8
C-WEU-ESP,WEU,urb,comm,concrete,1117.237376668601
C-WEU-ESP,WEU,urb,comm,copper,0.193603643
C-WEU-ESP,WEU,urb,comm,glass,3.184437765
C-WEU-ESP,WEU,urb,comm,steel,43.9
C-WEU-ESP,WEU,urb,comm,wood,26
C-WEU-FIN,WEU,rur,comm,aluminum,0.514994536
C-WEU-FIN,WEU,rur,comm,brick,63.8
C-WEU-FIN,WEU,rur,comm,concrete,1117.237376668601
C-WEU-FIN,WEU,rur,comm,copper,0.193603643
C-WEU-FIN,WEU,rur,comm,glass,3.184437765
C-WEU-FIN,WEU,rur,comm,steel,43.9
C-WEU-FIN,WEU,rur,comm,wood,26
C-WEU-FIN,WEU,urb,comm,aluminum,0.514994536
C-WEU-FIN,WEU,urb,comm,brick,63.8
C-WEU-FIN,WEU,urb,comm,concrete,1117.237376668601
C-WEU-FIN,WEU,urb,comm,copper,0.193603643
C-WEU-FIN,WEU,urb,comm,glass,3.184437765
C-WEU-FIN,WEU,urb,comm,steel,43.9
C-WEU-FIN,WEU,urb,comm,wood,26
C-WEU-FRA,WEU,rur,comm,aluminum,0.514994536
C-WEU-FRA,WEU,rur,comm,brick,63.8
C-WEU-FRA,WEU,rur,comm,concrete,1117.237376668601
C-WEU-FRA,WEU,rur,comm,copper,0.193603643
C-WEU-FRA,WEU,rur,comm,glass,3.184437765
C-WEU-FRA,WEU,rur,comm,steel,43.9
C-WEU-FRA,WEU,rur,comm,wood,26
C-WEU-FRA,WEU,urb,comm,aluminum,0.514994536
C-WEU-FRA,WEU,urb,comm,brick,63.8
C-WEU-FRA,WEU,urb,comm,concrete,1117.237376668601
C-WEU-FRA,WEU,urb,comm,copper,0.193603643
C-WEU-FRA,WEU,urb,comm,glass,3.184437765
C-WEU-FRA,WEU,urb,comm,steel,43.9
C-WEU-FRA,WEU,urb,comm,wood,26
C-WEU-GBR,WEU,rur,comm,aluminum,0.514994536
C-WEU-GBR,WEU,rur,comm,brick,63.8
C-WEU-GBR,WEU,rur,comm,concrete,1117.237376668601
C-WEU-GBR,WEU,rur,comm,copper,0.193603643
C-WEU-GBR,WEU,rur,comm,glass,3.184437765
C-WEU-GBR,WEU,rur,comm,steel,43.9
C-WEU-GBR,WEU,rur,comm,wood,26
C-WEU-GBR,WEU,urb,comm,aluminum,0.514994536
C-WEU-GBR,WEU,urb,comm,brick,63.8
C-WEU-GBR,WEU,urb,comm,concrete,1117.237376668601
C-WEU-GBR,WEU,urb,comm,copper,0.193603643
C-WEU-GBR,WEU,urb,comm,glass,3.184437765
C-WEU-GBR,WEU,urb,comm,steel,43.9
C-WEU-GBR,WEU,urb,comm,wood,26
C-WEU-GRC,WEU,rur,comm,aluminum,0.514994536
C-WEU-GRC,WEU,rur,comm,brick,63.8
C-WEU-GRC,WEU,rur,comm,concrete,1117.237376668601
C-WEU-GRC,WEU,rur,comm,copper,0.193603643
C-WEU-GRC,WEU,rur,comm,glass,3.184437765
C-WEU-GRC,WEU,rur,comm,steel,43.9
C-WEU-GRC,WEU,rur,comm,wood,26
C-WEU-GRC,WEU,urb,comm,aluminum,0.514994536
C-WEU-GRC,WEU,urb,comm,brick,63.8
C-WEU-GRC,WEU,urb,comm,concrete,1117.237376668601
C-WEU-GRC,WEU,urb,comm,copper,0.193603643
C-WEU-GRC,WEU,urb,comm,glass,3.184437765
C-WEU-GRC,WEU,urb,comm,steel,43.9
C-WEU-GRC,WEU,urb,comm,wood,26
C-WEU-IRL,WEU,rur,comm,aluminum,0.514994536
C-WEU-IRL,WEU,rur,comm,brick,63.8
C-WEU-IRL,WEU,rur,comm,concrete,1117.237376668601
C-WEU-IRL,WEU,rur,comm,copper,0.193603643
C-WEU-IRL,WEU,rur,comm,glass,3.184437765
C-WEU-IRL,WEU,rur,comm,steel,43.9
C-WEU-IRL,WEU,rur,comm,wood,26
C-WEU-IRL,WEU,urb,comm,aluminum,0.514994536
C-WEU-IRL,WEU,urb,comm,brick,63.8
C-WEU-IRL,WEU,urb,comm,concrete,1117.237376668601
C-WEU-IRL,WEU,urb,comm,copper,0.193603643
C-WEU-IRL,WEU,urb,comm,glass,3.184437765
C-WEU-IRL,WEU,urb,comm,steel,43.9
C-WEU-IRL,WEU,urb,comm,wood,26
C-WEU-ISL,WEU,rur,comm,aluminum,0.49
C-WEU-ISL,WEU,rur,comm,brick,148.4681853888453
C-WEU-ISL,WEU,rur,comm,concrete,1051.353715
C-WEU-ISL,WEU,rur,comm,copper,0.182895495
C-WEU-ISL,WEU,rur,comm,glass,2.57
C-WEU-ISL,WEU,rur,comm,steel,43.9
C-WEU-ISL,WEU,rur,comm,wood,25.66551271338188
C-WEU-ISL,WEU,urb,comm,aluminum,0.49
C-WEU-ISL,WEU,urb,comm,brick,148.4681853888453
C-WEU-ISL,WEU,urb,comm,concrete,1051.353715
C-WEU-ISL,WEU,urb,comm,copper,0.182895495
C-WEU-ISL,WEU,urb,comm,glass,2.57
C-WEU-ISL,WEU,urb,comm,steel,43.9
C-WEU-ISL,WEU,urb,comm,wood,25.66551271338188
C-WEU-ITA,WEU,rur,comm,aluminum,0.514994536
C-WEU-ITA,WEU,rur,comm,brick,63.8
C-WEU-ITA,WEU,rur,comm,concrete,1117.237376668601
C-WEU-ITA,WEU,rur,comm,copper,0.193603643
C-WEU-ITA,WEU,rur,comm,glass,3.184437765
C-WEU-ITA,WEU,rur,comm,steel,43.9
C-WEU-ITA,WEU,rur,comm,wood,26
C-WEU-ITA,WEU,urb,comm,aluminum,0.514994536
C-WEU-ITA,WEU,urb,comm,brick,63.8
C-WEU-ITA,WEU,urb,comm,concrete,1117.237376668601
C-WEU-ITA,WEU,urb,comm,copper,0.193603643
C-WEU-ITA,WEU,urb,comm,glass,3.184437765
C-WEU-ITA,WEU,urb,comm,steel,43.9
C-WEU-ITA,WEU,urb,comm,wood,26
C-WEU-LUX,WEU,rur,comm,aluminum,0.514994536
C-WEU-LUX,WEU,rur,comm,brick,63.8
C-WEU-LUX,WEU,rur,comm,concrete,1117.237376668601
C-WEU-LUX,WEU,rur,comm,copper,0.193603643
C-WEU-LUX,WEU,rur,comm,glass,3.184437765
C-WEU-LUX,WEU,rur,comm,steel,43.9
C-WEU-LUX,WEU,rur,comm,wood,26
C-WEU-LUX,WEU,urb,comm,aluminum,0.514994536
C-WEU-LUX,WEU,urb,comm,brick,63.8
C-WEU-LUX,WEU,urb,comm,concrete,1117.237376668601
C-WEU-LUX,WEU,urb,comm,copper,0.193603643
C-WEU-LUX,WEU,urb,comm,glass,3.184437765
C-WEU-LUX,WEU,urb,comm,steel,43.9
C-WEU-LUX,WEU,urb,comm,wood,26
C-WEU-MLT,WEU,rur,comm,aluminum,0.49
C-WEU-MLT,WEU,rur,comm,brick,148.4681853888453
C-WEU-MLT,WEU,rur,comm,concrete,1062.432851856273
C-WEU-MLT,WEU,rur,comm,copper,0.182895495
C-WEU-MLT,WEU,rur,comm,glass,2.57
C-WEU-MLT,WEU,rur,comm,steel,47
C-WEU-MLT,WEU,rur,comm,wood,25.66551271338188
C-WEU-MLT,WEU,urb,comm,aluminum,0.49
C-WEU-MLT,WEU,urb,comm,brick,148.4681853888453
C-WEU-MLT,WEU,urb,comm,concrete,1062.432851856273
C-WEU-MLT,WEU,urb,comm,copper,0.182895495
C-WEU-MLT,WEU,urb,comm,glass,2.57
C-WEU-MLT,WEU,urb,comm,steel,47
C-WEU-MLT,WEU,urb,comm,wood,25.66551271338188
C-WEU-NLD,WEU,rur,comm,aluminum,0.514994536
C-WEU-NLD,WEU,rur,comm,brick,63.8
C-WEU-NLD,WEU,rur,comm,concrete,1117.237376668601
C-WEU-NLD,WEU,rur,comm,copper,0.193603643
C-WEU-NLD,WEU,rur,comm,glass,3.184437765
C-WEU-NLD,WEU,rur,comm,steel,43.9
C-WEU-NLD,WEU,rur,comm,wood,26
C-WEU-NLD,WEU,urb,comm,aluminum,0.514994536
C-WEU-NLD,WEU,urb,comm,brick,63.8
C-WEU-NLD,WEU,urb,comm,concrete,1117.237376668601
C-WEU-NLD,WEU,urb,comm,copper,0.193603643
C-WEU-NLD,WEU,urb,comm,glass,3.184437765
C-WEU-NLD,WEU,urb,comm,steel,43.9
C-WEU-NLD,WEU,urb,comm,wood,26
C-WEU-NOR,WEU,rur,comm,aluminum,0.49
C-WEU-NOR,WEU,rur,comm,brick,148.4681853888453
C-WEU-NOR,WEU,rur,comm,concrete,1051.353715
C-WEU-NOR,WEU,rur,comm,copper,0.182895495
C-WEU-NOR,WEU,rur,comm,glass,2.57
C-WEU-NOR,WEU,rur,comm,steel,43.9
C-WEU-NOR,WEU,rur,comm,wood,25.66551271338188
C-WEU-NOR,WEU,urb,comm,aluminum,0.49
C-WEU-NOR,WEU,urb,comm,brick,148.4681853888453
C-WEU-NOR,WEU,urb,comm,concrete,1051.353715
C-WEU-NOR,WEU,urb,comm,copper,0.182895495
C-WEU-NOR,WEU,urb,comm,glass,2.57
C-WEU-NOR,WEU,urb,comm,steel,43.9
C-WEU-NOR,WEU,urb,comm,wood,25.66551271338188
C-WEU-PRT,WEU,rur,comm,aluminum,0.514994536
C-WEU-PRT,WEU,rur,comm,brick,63.8
C-WEU-PRT,WEU,rur,comm,concrete,1117.237376668601
C-WEU-PRT,WEU,rur,comm,copper,0.193603643
C-WEU-PRT,WEU,rur,comm,glass,3.184437765
C-WEU-PRT,WEU,rur,comm,steel,43.9
C-WEU-PRT,WEU,rur,comm,wood,26
C-WEU-PRT,WEU,urb,comm,aluminum,0.514994536
C-WEU-PRT,WEU,urb,comm,brick,63.8
C-WEU-PRT,WEU,urb,comm,concrete,1117.237376668601
C-WEU-PRT,WEU,urb,comm,copper,0.193603643
C-WEU-PRT,WEU,urb,comm,glass,3.184437765
C-WEU-PRT,WEU,urb,comm,steel,43.9
C-WEU-PRT,WEU,urb,comm,wood,26
C-WEU-SWE,WEU,rur,comm,aluminum,0.514994536
C-WEU-SWE,WEU,rur,comm,brick,63.8
C-WEU-SWE,WEU,rur,comm,concrete,1117.237376668601
C-WEU-SWE,WEU,rur,comm,copper,0.193603643
C-WEU-SWE,WEU,rur,comm,glass,3.184437765
C-WEU-SWE,WEU,rur,comm,steel,43.9
C-WEU-SWE,WEU,rur,comm,wood,26
C-WEU-SWE,WEU,urb,comm,aluminum,0.514994536
C-WEU-SWE,WEU,urb,comm,brick,63.8
C-WEU-SWE,WEU,urb,comm,concrete,1117.237376668601
C-WEU-SWE,WEU,urb,comm,copper,0.193603643
C-WEU-SWE,WEU,urb,comm,glass,3.184437765
C-WEU-SWE,WEU,urb,comm,steel,43.9
C-WEU-SWE,WEU,urb,comm,wood,26
R32ANUZ,PAO,rur,comm,aluminum,0.49
R32ANUZ,PAO,rur,comm,brick,148.4681853888453
R32ANUZ,PAO,rur,comm,concrete,1070.520293428136
R32ANUZ,PAO,rur,comm,copper,0.182895495
R32ANUZ,PAO,rur,comm,glass,2.57
R32ANUZ,PAO,rur,comm,steel,47.155099775
R32ANUZ,PAO,rur,comm,wood,25.61503160168455
R32ANUZ,PAO,urb,comm,aluminum,0.49
R32ANUZ,PAO,urb,comm,brick,148.4681853888453
R32ANUZ,PAO,urb,comm,concrete,1070.520293428136
R32ANUZ,PAO,urb,comm,copper,0.182895495
R32ANUZ,PAO,urb,comm,glass,2.57
R32ANUZ,PAO,urb,comm,steel,47.155099775
R32ANUZ,PAO,urb,comm,wood,25.61503160168455
R32BRA,LAC,rur,comm,aluminum,0.49
R32BRA,LAC,rur,comm,brick,728.95
R32BRA,LAC,rur,comm,concrete,655.6291390728477
R32BRA,LAC,rur,comm,copper,0.182895495
R32BRA,LAC,rur,comm,glass,2
R32BRA,LAC,rur,comm,steel,26
R32BRA,LAC,rur,comm,wood,20.63083209
R32BRA,LAC,urb,comm,aluminum,0.49
R32BRA,LAC,urb,comm,brick,206.5
R32BRA,LAC,urb,comm,concrete,1088.71
R32BRA,LAC,urb,comm,copper,0.182895495
R32BRA,LAC,urb,comm,glass,2
R32BRA,LAC,urb,comm,steel,54.6812586
R32BRA,LAC,urb,comm,wood,19.29429824561403
R32CAN,NAM,rur,comm,aluminum,0.49
R32CAN,NAM,rur,comm,brick,148.4681853888453
R32CAN,NAM,rur,comm,concrete,1117.237376668601
R32CAN,NAM,rur,comm,copper,0.182895495
R32CAN,NAM,rur,comm,glass,2.57
R32CAN,NAM,rur,comm,steel,46
R32CAN,NAM,rur,comm,wood,25.66551271338188
R32CAN,NAM,urb,comm,aluminum,0.49
R32CAN,NAM,urb,comm,brick,148.4681853888453
R32CAN,NAM,urb,comm,concrete,1117.237376668601
R32CAN,NAM,urb,comm,copper,0.182895495
R32CAN,NAM,urb,comm,glass,2.57
R32CAN,NAM,urb,comm,steel,46
R32CAN,NAM,urb,comm,wood,25.66551271338188
R32CAS-CAU,FSU,rur,comm,aluminum,0.49
R32CAS-CAU,FSU,rur,comm,brick,206.5
R32CAS-CAU,FSU,rur,comm,concrete,1078.607735
R32CAS-CAU,FSU,rur,comm,copper,0.182895495
R32CAS-CAU,FSU,rur,comm,glass,2
R32CAS-CAU,FSU,rur,comm,steel,54.6812586
R32CAS-CAU,FSU,rur,comm,wood,19.29429824561403
R32CAS-CAU,FSU,urb,comm,aluminum,0.49
R32CAS-CAU,FSU,urb,comm,brick,206.5
R32CAS-CAU,FSU,urb,comm,concrete,1078.607735
R32CAS-CAU,FSU,urb,comm,copper,0.182895495
R32CAS-CAU,FSU,urb,comm,glass,2
R32CAS-CAU,FSU,urb,comm,steel,54.6812586
R32CAS-CAU,FSU,urb,comm,wood,19.29429824561403
R32CAS-OTH,FSU,rur,comm,aluminum,0.49
R32CAS-OTH,FSU,rur,comm,brick,206.5
R32CAS-OTH,FSU,rur,comm,concrete,1078.607735
R32CAS-OTH,FSU,rur,comm,copper,0.182895495
R32CAS-OTH,FSU,rur,comm,glass,2
R32CAS-OTH,FSU,rur,comm,steel,54.6812586
R32CAS-OTH,FSU,rur,comm,wood,19.29429824561403
R32CAS-OTH,FSU,urb,comm,aluminum,0.49
R32CAS-OTH,FSU,urb,comm,brick,206.5
R32CAS-OTH,FSU,urb,comm,concrete,1078.607735
R32CAS-OTH,FSU,urb,comm,copper,0.182895495
R32CAS-OTH,FSU,urb,comm,glass,2
R32CAS-OTH,FSU,urb,comm,steel,54.6812586
R32CAS-OTH,FSU,urb,comm,wood,19.29429824561403
R32CHN,CPA,rur,comm,aluminum,0.49
R32CHN,CPA,rur,comm,brick,570
R32CHN,CPA,rur,comm,concrete,1431
R32CHN,CPA,rur,comm,copper,0.182895495
R32CHN,CPA,rur,comm,glass,2
R32CHN,CPA,rur,comm,steel,26
R32CHN,CPA,rur,comm,wood,17
R32CHN,CPA,urb,comm,aluminum,0.496117796
R32CHN,CPA,urb,comm,brick,289.65
R32CHN,CPA,urb,comm,concrete,945.36
R32CHN,CPA,urb,comm,copper,0.1827802765
R32CHN,CPA,urb,comm,glass,2
R32CHN,CPA,urb,comm,steel,62.5
R32CHN,CPA,urb,comm,wood,6.05
R32EEU,EEU,rur,comm,aluminum,0.49
R32EEU,EEU,rur,comm,brick,148.4681853888453
R32EEU,EEU,rur,comm,concrete,1062.432851856273
R32EEU,EEU,rur,comm,copper,0.182895495
R32EEU,EEU,rur,comm,glass,2.57
R32EEU,EEU,rur,comm,steel,47
R32EEU,EEU,rur,comm,wood,25.66551271338188
R32EEU,EEU,urb,comm,aluminum,0.49
R32EEU,EEU,urb,comm,brick,148.4681853888453
R32EEU,EEU,urb,comm,concrete,1062.432851856273
R32EEU,EEU,urb,comm,copper,0.182895495
R32EEU,EEU,urb,comm,glass,2.57
R32EEU,EEU,urb,comm,steel,47
R32EEU,EEU,urb,comm,wood,25.66551271338188
R32EEU-FSU,FSU,rur,comm,aluminum,0.49
R32EEU-FSU,FSU,rur,comm,brick,206.5
R32EEU-FSU,FSU,rur,comm,concrete,1078.607735
R32EEU-FSU,FSU,rur,comm,copper,0.182895495
R32EEU-FSU,FSU,rur,comm,glass,2
R32EEU-FSU,FSU,rur,comm,steel,54.6812586
R32EEU-FSU,FSU,rur,comm,wood,19.29429824561403
R32EEU-FSU,FSU,urb,comm,aluminum,0.49
R32EEU-FSU,FSU,urb,comm,brick,206.5
R32EEU-FSU,FSU,urb,comm,concrete,1078.607735
R32EEU-FSU,FSU,urb,comm,copper,0.182895495
R32EEU-FSU,FSU,urb,comm,glass,2
R32EEU-FSU,FSU,urb,comm,steel,54.6812586
R32EEU-FSU,FSU,urb,comm,wood,19.29429824561403
R32IDN,PAS,rur,comm,aluminum,0.49
R32IDN,PAS,rur,comm,brick,570
R32IDN,PAS,rur,comm,concrete,1431
R32IDN,PAS,rur,comm,copper,0.182895495
R32IDN,PAS,rur,comm,glass,2
R32IDN,PAS,rur,comm,steel,26
R32IDN,PAS,rur,comm,wood,24
R32IDN,PAS,urb,comm,aluminum,0.49
R32IDN,PAS,urb,comm,brick,288.215
R32IDN,PAS,urb,comm,concrete,1062.485
R32IDN,PAS,urb,comm,copper,0.182895495
R32IDN,PAS,urb,comm,glass,2
R32IDN,PAS,urb,comm,steel,66
R32IDN,PAS,urb,comm,wood,6.05
R32IND,SAS,rur,comm,aluminum,0.49
R32IND,SAS,rur,comm,brick,570
R32IND,SAS,rur,comm,concrete,1431
R32IND,SAS,rur,comm,copper,0.182895495
R32IND,SAS,rur,comm,glass,2
R32IND,SAS,rur,comm,steel,26
R32IND,SAS,rur,comm,wood,24
R32IND,SAS,urb,comm,aluminum,0.49
R32IND,SAS,urb,comm,brick,288.215
R32IND,SAS,urb,comm,concrete,1062.485
R32IND,SAS,urb,comm,copper,0.182895495
R32IND,SAS,urb,comm,glass,2
R32IND,SAS,urb,comm,steel,66
R32IND,SAS,urb,comm,wood,6.05
R32JPN,PAO,rur,comm,aluminum,0.49
R32JPN,PAO,rur,comm,brick,148.4681853888453
R32JPN,PAO,rur,comm,concrete,1078.607735
R32JPN,PAO,rur,comm,copper,0.182895495
R32JPN,PAO,rur,comm,glass,2.57
R32JPN,PAO,rur,comm,steel,47.31019955
R32JPN,PAO,rur,comm,wood,25.56455048998722
R32JPN,PAO,urb,comm,aluminum,0.49
R32JPN,PAO,urb,comm,brick,148.4681853888453
R32JPN,PAO,urb,comm,concrete,1078.607735
R32JPN,PAO,urb,comm,copper,0.182895495
R32JPN,PAO,urb,comm,glass,2.57
R32JPN,PAO,urb,comm,steel,47.31019955
R32JPN,PAO,urb,comm,wood,25.56455048998722
R32KOR,PAS,rur,comm,aluminum,0.49
R32KOR,PAS,rur,comm,brick,973.3597983
R32KOR,PAS,rur,comm,concrete,465.24064171123
R32KOR,PAS,rur,comm,copper,0.182895495
R32KOR,PAS,rur,comm,glass,2
R32KOR,PAS,rur,comm,steel,23.59701493
R32KOR,PAS,rur,comm,wood,27.76593221
R32KOR,PAS,urb,comm,aluminum,0.49
R32KOR,PAS,urb,comm,brick,148.4681853888453
R32KOR,PAS,urb,comm,concrete,1062.432851856273
R32KOR,PAS,urb,comm,copper,0.182895495
R32KOR,PAS,urb,comm,glass,2.57
R32KOR,PAS,urb,comm,steel,47
R32KOR,PAS,urb,comm,wood,25.66551271338188
R32LAM-L,LAC,rur,comm,aluminum,0.49
R32LAM-L,LAC,rur,comm,brick,728.95
R32LAM-L,LAC,rur,comm,concrete,655.6291390728477
R32LAM-L,LAC,rur,comm,copper,0.182895495
R32LAM-L,LAC,rur,comm,glass,2
R32LAM-L,LAC,rur,comm,steel,26
R32LAM-L,LAC,rur,comm,wood,20.63083209
R32LAM-L,LAC,urb,comm,aluminum,0.49
R32LAM-L,LAC,urb,comm,brick,206.5
R32LAM-L,LAC,urb,comm,concrete,1088.71
R32LAM-L,LAC,urb,comm,copper,0.182895495
R32LAM-L,LAC,urb,comm,glass,2
R32LAM-L,LAC,urb,comm,steel,54.6812586
R32LAM-L,LAC,urb,comm,wood,19.29429824561403
R32LAM-M,LAC,rur,comm,aluminum,0.49
R32LAM-M,LAC,rur,comm,brick,728.95
R32LAM-M,LAC,rur,comm,concrete,655.6291390728477
R32LAM-M,LAC,rur,comm,copper,0.182895495
R32LAM-M,LAC,rur,comm,glass,2
R32LAM-M,LAC,rur,comm,steel,26
R32LAM-M,LAC,rur,comm,wood,20.63083209
R32LAM-M,LAC,urb,comm,aluminum,0.49
R32LAM-M,LAC,urb,comm,brick,206.5
R32LAM-M,LAC,urb,comm,concrete,1088.71
R32LAM-M,LAC,urb,comm,copper,0.182895495
R32LAM-M,LAC,urb,comm,glass,2
R32LAM-M,LAC,urb,comm,steel,54.6812586
R32LAM-M,LAC,urb,comm,wood,19.29429824561403
R32MEA-H,MEA,rur,comm,aluminum,0.49
R32MEA-H,MEA,rur,comm,brick,206.5
R32MEA-H,MEA,rur,comm,concrete,1078.607735
R32MEA-H,MEA,rur,comm,copper,0.182895495
R32MEA-H,MEA,rur,comm,glass,2
R32MEA-H,MEA,rur,comm,steel,54.6812586
R32MEA-H,MEA,rur,comm,wood,19.29429824561403
R32MEA-H,MEA,urb,comm,aluminum,0.49
R32MEA-H,MEA,urb,comm,brick,206.5
R32MEA-H,MEA,urb,comm,concrete,1078.607735
R32MEA-H,MEA,urb,comm,copper,0.182895495
R32MEA-H,MEA,urb,comm,glass,2
R32MEA-H,MEA,urb,comm,steel,54.6812586
R32MEA-H,MEA,urb,comm,wood,19.29429824561403
R32MEA-M,MEA,rur,comm,aluminum,0.49
R32MEA-M,MEA,rur,comm,brick,206.5
R32MEA-M,MEA,rur,comm,concrete,1078.607735
R32MEA-M,MEA,rur,comm,copper,0.182895495
R32MEA-M,MEA,rur,comm,glass,2
R32MEA-M,MEA,rur,comm,steel,54.6812586
R32MEA-M,MEA,rur,comm,wood,19.29429824561403
R32MEA-M,MEA,urb,comm,aluminum,0.49
R32MEA-M,MEA,urb,comm,brick,206.5
R32MEA-M,MEA,urb,comm,concrete,1078.607735
R32MEA-M,MEA,urb,comm,copper,0.182895495
R32MEA-M,MEA,urb,comm,glass,2
R32MEA-M,MEA,urb,comm,steel,54.6812586
R32MEA-M,MEA,urb,comm,wood,19.29429824561403
R32MEX,LAC,rur,comm,aluminum,0.49
R32MEX,LAC,rur,comm,brick,728.95
R32MEX,LAC,rur,comm,concrete,655.6291390728477
R32MEX,LAC,rur,comm,copper,0.182895495
R32MEX,LAC,rur,comm,glass,2
R32MEX,LAC,rur,comm,steel,26
R32MEX,LAC,rur,comm,wood,20.63083209
R32MEX,LAC,urb,comm,aluminum,0.49
R32MEX,LAC,urb,comm,brick,206.5
R32MEX,LAC,urb,comm,concrete,1088.71
R32MEX,LAC,urb,comm,copper,0.182895495
R32MEX,LAC,urb,comm,glass,2
R32MEX,LAC,urb,comm,steel,54.6812586
R32MEX,LAC,urb,comm,wood,19.29429824561403
R32NAF,MEA,rur,comm,aluminum,0.49
R32NAF,MEA,rur,comm,brick,206.5
R32NAF,MEA,rur,comm,concrete,1078.607735
R32NAF,MEA,rur,comm,copper,0.182895495
R32NAF,MEA,rur,comm,glass,2
R32NAF,MEA,rur,comm,steel,54.6812586
R32NAF,MEA,rur,comm,wood,19.29429824561403
R32NAF,MEA,urb,comm,aluminum,0.49
R32NAF,MEA,urb,comm,brick,206.5
R32NAF,MEA,urb,comm,concrete,1078.607735
R32NAF,MEA,urb,comm,copper,0.182895495
R32NAF,MEA,urb,comm,glass,2
R32NAF,MEA,urb,comm,steel,54.6812586
R32NAF,MEA,urb,comm,wood,19.29429824561403
R32OAS-CPA,CPA,rur,comm,aluminum,0.49
R32OAS-CPA,CPA,rur,comm,brick,570
R32OAS-CPA,CPA,rur,comm,concrete,1431
R32OAS-CPA,CPA,rur,comm,copper,0.182895495
R32OAS-CPA,CPA,rur,comm,glass,2
R32OAS-CPA,CPA,rur,comm,steel,26
R32OAS-CPA,CPA,rur,comm,wood,24
R32OAS-CPA,CPA,urb,comm,aluminum,0.49
R32OAS-CPA,CPA,urb,comm,brick,288.215
R32OAS-CPA,CPA,urb,comm,concrete,1062.485
R32OAS-CPA,CPA,urb,comm,copper,0.182895495
R32OAS-CPA,CPA,urb,comm,glass,2
R32OAS-CPA,CPA,urb,comm,steel,66
R32OAS-CPA,CPA,urb,comm,wood,6.05
R32OAS-L-PAS,PAS,rur,comm,aluminum,0.49
R32OAS-L-PAS,PAS,rur,comm,brick,570
R32OAS-L-PAS,PAS,rur,comm,concrete,1431
R32OAS-L-PAS,PAS,rur,comm,copper,0.182895495
R32OAS-L-PAS,PAS,rur,comm,glass,2
R32OAS-L-PAS,PAS,rur,comm,steel,26
R32OAS-L-PAS,PAS,rur,comm,wood,17
R32OAS-L-PAS,PAS,urb,comm,aluminum,0.49
R32OAS-L-PAS,PAS,urb,comm,brick,288.215
R32OAS-L-PAS,PAS,urb,comm,concrete,1091.055
R32OAS-L-PAS,PAS,urb,comm,copper,0.182895495
R32OAS-L-PAS,PAS,urb,comm,glass,2
R32OAS-L-PAS,PAS,urb,comm,steel,70.72
R32OAS-L-PAS,PAS,urb,comm,wood,6.05
R32OAS-L-SAS,SAS,rur,comm,aluminum,0.49
R32OAS-L-SAS,SAS,rur,comm,brick,570
R32OAS-L-SAS,SAS,rur,comm,concrete,1431
R32OAS-L-SAS,SAS,rur,comm,copper,0.182895495
R32OAS-L-SAS,SAS,rur,comm,glass,2
R32OAS-L-SAS,SAS,rur,comm,steel,26
R32OAS-L-SAS,SAS,rur,comm,wood,17
R32OAS-L-SAS,SAS,urb,comm,aluminum,0.49
R32OAS-L-SAS,SAS,urb,comm,brick,288.215
R32OAS-L-SAS,SAS,urb,comm,concrete,1091.055
R32OAS-L-SAS,SAS,urb,comm,copper,0.182895495
R32OAS-L-SAS,SAS,urb,comm,glass,2
R32OAS-L-SAS,SAS,urb,comm,steel,70.72
R32OAS-L-SAS,SAS,urb,comm,wood,6.05
R32OAS-M-PAS,PAS,rur,comm,aluminum,0.49
R32OAS-M-PAS,PAS,rur,comm,brick,570
R32OAS-M-PAS,PAS,rur,comm,concrete,1431
R32OAS-M-PAS,PAS,rur,comm,copper,0.182895495
R32OAS-M-PAS,PAS,rur,comm,glass,2
R32OAS-M-PAS,PAS,rur,comm,steel,26
R32OAS-M-PAS,PAS,rur,comm,wood,24
R32OAS-M-PAS,PAS,urb,comm,aluminum,0.4868515905
R32OAS-M-PAS,PAS,urb,comm,brick,289.65
R32OAS-M-PAS,PAS,urb,comm,concrete,1088.71
R32OAS-M-PAS,PAS,urb,comm,copper,0.182895495
R32OAS-M-PAS,PAS,urb,comm,glass,2
R32OAS-M-PAS,PAS,urb,comm,steel,68.36
R32OAS-M-PAS,PAS,urb,comm,wood,5.525
R32OAS-M-SAS,SAS,rur,comm,aluminum,0.49
R32OAS-M-SAS,SAS,rur,comm,brick,570
R32OAS-M-SAS,SAS,rur,comm,concrete,1431
R32OAS-M-SAS,SAS,rur,comm,copper,0.182895495
R32OAS-M-SAS,SAS,rur,comm,glass,2
R32OAS-M-SAS,SAS,rur,comm,steel,26
R32OAS-M-SAS,SAS,rur,comm,wood,24
R32OAS-M-SAS,SAS,urb,comm,aluminum,0.4868515905
R32OAS-M-SAS,SAS,urb,comm,brick,289.65
R32OAS-M-SAS,SAS,urb,comm,concrete,1088.71
R32OAS-M-SAS,SAS,urb,comm,copper,0.182895495
R32OAS-M-SAS,SAS,urb,comm,glass,2
R32OAS-M-SAS,SAS,urb,comm,steel,68.36
R32OAS-M-SAS,SAS,urb,comm,wood,5.525
R32PAK,SAS,rur,comm,aluminum,0.49
R32PAK,SAS,rur,comm,brick,570
R32PAK,SAS,rur,comm,concrete,1431
R32PAK,SAS,rur,comm,copper,0.182895495
R32PAK,SAS,rur,comm,glass,2
R32PAK,SAS,rur,comm,steel,26
R32PAK,SAS,rur,comm,wood,24
R32PAK,SAS,urb,comm,aluminum,0.49
R32PAK,SAS,urb,comm,brick,288.215
R32PAK,SAS,urb,comm,concrete,1062.485
R32PAK,SAS,urb,comm,copper,0.182895495
R32PAK,SAS,urb,comm,glass,2
R32PAK,SAS,urb,comm,steel,66
R32PAK,SAS,urb,comm,wood,6.05
R32RUS,FSU,rur,comm,aluminum,0.49
R32RUS,FSU,rur,comm,brick,206.5
R32RUS,FSU,rur,comm,concrete,1078.607735
R32RUS,FSU,rur,comm,copper,0.182895495
R32RUS,FSU,rur,comm,glass,2
R32RUS,FSU,rur,comm,steel,54.6812586
R32RUS,FSU,rur,comm,wood,19.29429824561403
R32RUS,FSU,urb,comm,aluminum,0.49
R32RUS,FSU,urb,comm,brick,206.5
R32RUS,FSU,urb,comm,concrete,1078.607735
R32RUS,FSU,urb,comm,copper,0.182895495
R32RUS,FSU,urb,comm,glass,2
R32RUS,FSU,urb,comm,steel,54.6812586
R32RUS,FSU,urb,comm,wood,19.29429824561403
R32SAF,AFR,rur,comm,aluminum,0.49
R32SAF,AFR,rur,comm,brick,728.95
R32SAF,AFR,rur,comm,concrete,655.6291390728477
R32SAF,AFR,rur,comm,copper,0.182895495
R32SAF,AFR,rur,comm,glass,2
R32SAF,AFR,rur,comm,steel,26
R32SAF,AFR,rur,comm,wood,20.63083209
R32SAF,AFR,urb,comm,aluminum,0.49
R32SAF,AFR,urb,comm,brick,206.5
R32SAF,AFR,urb,comm,concrete,1078.607735
R32SAF,AFR,urb,comm,copper,0.182895495
R32SAF,AFR,urb,comm,glass,2
R32SAF,AFR,urb,comm,steel,54.6812586
R32SAF,AFR,urb,comm,wood,19.29429824561403
R32SSA-L,AFR,rur,comm,aluminum,0.49
R32SSA-L,AFR,rur,comm,brick,728.95
R32SSA-L,AFR,rur,comm,concrete,655.6291390728477
R32SSA-L,AFR,rur,comm,copper,0.182895495
R32SSA-L,AFR,rur,comm,glass,2
R32SSA-L,AFR,rur,comm,steel,26
R32SSA-L,AFR,rur,comm,wood,20.63083209
R32SSA-L,AFR,urb,comm,aluminum,0.49
R32SSA-L,AFR,urb,comm,brick,206.5
R32SSA-L,AFR,urb,comm,concrete,1078.607735
R32SSA-L,AFR,urb,comm,copper,0.182895495
R32SSA-L,AFR,urb,comm,glass,2
R32SSA-L,AFR,urb,comm,steel,54.6812586
R32SSA-L,AFR,urb,comm,wood,19.29429824561403
R32SSA-M,AFR,rur,comm,aluminum,0.49
R32SSA-M,AFR,rur,comm,brick,728.95
R32SSA-M,AFR,rur,comm,concrete,655.6291390728477
R32SSA-M,AFR,rur,comm,copper,0.182895495
R32SSA-M,AFR,rur,comm,glass,2
R32SSA-M,AFR,rur,comm,steel,26
R32SSA-M,AFR,rur,comm,wood,20.63083209
R32SSA-M,AFR,urb,comm,aluminum,0.49
R32SSA-M,AFR,urb,comm,brick,206.5
R32SSA-M,AFR,urb,comm,concrete,1078.607735
R32SSA-M,AFR,urb,comm,copper,0.182895495
R32SSA-M,AFR,urb,comm,glass,2
R32SSA-M,AFR,urb,comm,steel,54.6812586
R32SSA-M,AFR,urb,comm,wood,19.29429824561403
R32TUR,WEU,rur,comm,aluminum,0.49
R32TUR,WEU,rur,comm,brick,148.4681853888453
R32TUR,WEU,rur,comm,concrete,1062.432851856273
R32TUR,WEU,rur,comm,copper,0.182895495
R32TUR,WEU,rur,comm,glass,2.57
R32TUR,WEU,rur,comm,steel,47
R32TUR,WEU,rur,comm,wood,25.66551271338188
R32TUR,WEU,urb,comm,aluminum,0.49
R32TUR,WEU,urb,comm,brick,148.4681853888453
R32TUR,WEU,urb,comm,concrete,1062.432851856273
R32TUR,WEU,urb,comm,copper,0.182895495
R32TUR,WEU,urb,comm,glass,2.57
R32TUR,WEU,urb,comm,steel,47
R32TUR,WEU,urb,comm,wood,25.66551271338188
R32USA,NAM,rur,comm,aluminum,0.49
R32USA,NAM,rur,comm,brick,148.4681853888453
R32USA,NAM,rur,comm,concrete,989.2037932
R32USA,NAM,rur,comm,copper,0.182895495
R32USA,NAM,rur,comm,glass,2.57
R32USA,NAM,rur,comm,steel,53.9
R32USA,NAM,rur,comm,wood,24.88401518346689
R32USA,NAM,urb,comm,aluminum,0.49
R32USA,NAM,urb,comm,brick,148.4681853888453
R32USA,NAM,urb,comm,concrete,989.2037932
R32USA,NAM,urb,comm,copper,0.182895495
R32USA,NAM,urb,comm,glass,2.57
R32USA,NAM,urb,comm,steel,53.9
R32USA,NAM,urb,comm,wood,24.88401518346689
