node,commodity,level,year,time,value,unit
R12_AFR,resid_apps_electr,final,2020,year,7.138429342,GWa
R12_AFR,resid_apps_electr,final,2025,year,8.687338369,GWa
R12_AFR,resid_apps_electr,final,2030,year,10.2362474,GWa
R12_AFR,resid_apps_electr,final,2035,year,16.6039089,GWa
R12_AFR,resid_apps_electr,final,2040,year,24.38926889,GWa
R12_AFR,resid_apps_electr,final,2045,year,34.54919699,GWa
R12_AFR,resid_apps_electr,final,2050,year,44.70912508,GWa
R12_AFR,resid_apps_electr,final,2055,year,55.71356319,GWa
R12_AFR,resid_apps_electr,final,2060,year,66.7180013,GWa
R12_AFR,resid_apps_electr,final,2070,year,96.19728785,GWa
R12_AFR,resid_apps_electr,final,2080,year,127.3878003,GWa
R12_AFR,resid_apps_electr,final,2090,year,164.9169533,GWa
R12_AFR,resid_apps_electr,final,2100,year,210.0538638,GWa
R12_AFR,resid_cook_electr,final,2020,year,1.264341485,GWa
R12_AFR,resid_cook_electr,final,2025,year,1.108954794,GWa
R12_AFR,resid_cook_electr,final,2030,year,0.914266977,GWa
R12_AFR,resid_cook_electr,final,2035,year,0.617701207,GWa
R12_AFR,resid_cook_electr,final,2040,year,0.321135437,GWa
R12_AFR,resid_cook_electr,final,2045,year,0.852977674,GWa
R12_AFR,resid_cook_electr,final,2050,year,1.384819911,GWa
R12_AFR,resid_cook_electr,final,2055,year,2.942609967,GWa
R12_AFR,resid_cook_electr,final,2060,year,4.500400023,GWa
R12_AFR,resid_cook_electr,final,2070,year,4.884896907,GWa
R12_AFR,resid_cook_electr,final,2080,year,7.321297802,GWa
R12_AFR,resid_cook_electr,final,2090,year,17.94833574,GWa
R12_AFR,resid_cook_electr,final,2100,year,32.0382328,GWa
R12_AFR,resid_cook_biomass,final,2020,year,112.2210303,GWa
R12_AFR,resid_cook_non-comm,final,2020,year,23.32011255,GWa
R12_AFR,resid_cook_lightoil,final,2020,year,6.493394366,GWa
R12_AFR,resid_cook_biomass,final,2025,year,115.7223491,GWa
R12_AFR,resid_cook_non-comm,final,2025,year,24.80142716,GWa
R12_AFR,resid_cook_lightoil,final,2025,year,9.028179849,GWa
R12_AFR,resid_cook_biomass,final,2030,year,117.1737215,GWa
R12_AFR,resid_cook_non-comm,final,2030,year,25.82349412,GWa
R12_AFR,resid_cook_lightoil,final,2030,year,15.83486383,GWa
R12_AFR,resid_cook_biomass,final,2035,year,125.3676452,GWa
R12_AFR,resid_cook_non-comm,final,2035,year,26.82407091,GWa
R12_AFR,resid_cook_lightoil,final,2035,year,46.49927245,GWa
R12_AFR,resid_cook_biomass,final,2040,year,130.0706699,GWa
R12_AFR,resid_cook_non-comm,final,2040,year,27.04748453,GWa
R12_AFR,resid_cook_lightoil,final,2040,year,83.60600118,GWa
R12_AFR,resid_cook_biomass,final,2045,year,135.8285215,GWa
R12_AFR,resid_cook_non-comm,final,2045,year,27.67224842,GWa
R12_AFR,resid_cook_lightoil,final,2045,year,98.68659131,GWa
R12_AFR,resid_cook_biomass,final,2050,year,138.4947134,GWa
R12_AFR,resid_cook_non-comm,final,2050,year,27.60965189,GWa
R12_AFR,resid_cook_lightoil,final,2050,year,119.5222725,GWa
R12_AFR,resid_cook_biomass,final,2055,year,133.3956823,GWa
R12_AFR,resid_cook_non-comm,final,2055,year,26.60423849,GWa
R12_AFR,resid_cook_lightoil,final,2055,year,133.3637705,GWa
R12_AFR,resid_cook_biomass,final,2060,year,127.4151326,GWa
R12_AFR,resid_cook_non-comm,final,2060,year,25.40522185,GWa
R12_AFR,resid_cook_lightoil,final,2060,year,148.6288485,GWa
R12_AFR,resid_cook_biomass,final,2070,year,106.7923192,GWa
R12_AFR,resid_cook_non-comm,final,2070,year,20.84539923,GWa
R12_AFR,resid_cook_lightoil,final,2070,year,221.7175837,GWa
R12_AFR,resid_cook_biomass,final,2080,year,100.8308135,GWa
R12_AFR,resid_cook_non-comm,final,2080,year,16.53997296,GWa
R12_AFR,resid_cook_lightoil,final,2080,year,281.6329109,GWa
R12_AFR,resid_cook_biomass,final,2090,year,97.66318941,GWa
R12_AFR,resid_cook_non-comm,final,2090,year,14.02570949,GWa
R12_AFR,resid_cook_lightoil,final,2090,year,310.2353219,GWa
R12_AFR,resid_cook_biomass,final,2100,year,94.4173296,GWa
R12_AFR,resid_cook_non-comm,final,2100,year,9.601256127,GWa
R12_AFR,resid_cook_lightoil,final,2100,year,334.4596502,GWa
R12_CHN,resid_apps_electr,final,2020,year,69.05669209,GWa
R12_CHN,resid_apps_electr,final,2025,year,121.1166719,GWa
R12_CHN,resid_apps_electr,final,2030,year,121.3507088,GWa
R12_CHN,resid_apps_electr,final,2035,year,119.173451,GWa
R12_CHN,resid_apps_electr,final,2040,year,116.9961932,GWa
R12_CHN,resid_apps_electr,final,2045,year,115.4312351,GWa
R12_CHN,resid_apps_electr,final,2050,year,113.8662771,GWa
R12_CHN,resid_apps_electr,final,2055,year,111.315853,GWa
R12_CHN,resid_apps_electr,final,2060,year,108.7654289,GWa
R12_CHN,resid_apps_electr,final,2070,year,98.36649214,GWa
R12_CHN,resid_apps_electr,final,2080,year,92.61284729,GWa
R12_CHN,resid_apps_electr,final,2090,year,83.9768974,GWa
R12_CHN,resid_apps_electr,final,2100,year,75.03959318,GWa
R12_CHN,resid_cook_electr,final,2020,year,24.30815613,GWa
R12_CHN,resid_cook_electr,final,2025,year,43.14567891,GWa
R12_CHN,resid_cook_electr,final,2030,year,43.434039,GWa
R12_CHN,resid_cook_electr,final,2035,year,42.6938847,GWa
R12_CHN,resid_cook_electr,final,2040,year,41.95373039,GWa
R12_CHN,resid_cook_electr,final,2045,year,41.33186124,GWa
R12_CHN,resid_cook_electr,final,2050,year,40.70999209,GWa
R12_CHN,resid_cook_electr,final,2055,year,39.45373624,GWa
R12_CHN,resid_cook_electr,final,2060,year,38.1974804,GWa
R12_CHN,resid_cook_electr,final,2070,year,34.07229505,GWa
R12_CHN,resid_cook_electr,final,2080,year,31.53085794,GWa
R12_CHN,resid_cook_electr,final,2090,year,27.96578982,GWa
R12_CHN,resid_cook_electr,final,2100,year,24.59424314,GWa
R12_CHN,resid_cook_biomass,final,2020,year,25.71497143,GWa
R12_CHN,resid_cook_non-comm,final,2020,year,0,GWa
R12_CHN,resid_cook_lightoil,final,2020,year,32.96599388,GWa
R12_CHN,resid_cook_biomass,final,2025,year,25.86571495,GWa
R12_CHN,resid_cook_non-comm,final,2025,year,0.00637,GWa
R12_CHN,resid_cook_lightoil,final,2025,year,29.97883542,GWa
R12_CHN,resid_cook_biomass,final,2030,year,33.29965513,GWa
R12_CHN,resid_cook_non-comm,final,2030,year,0.0168,GWa
R12_CHN,resid_cook_lightoil,final,2030,year,28.48334734,GWa
R12_CHN,resid_cook_biomass,final,2035,year,33.68887931,GWa
R12_CHN,resid_cook_non-comm,final,2035,year,0.00551,GWa
R12_CHN,resid_cook_lightoil,final,2035,year,26.85642534,GWa
R12_CHN,resid_cook_biomass,final,2040,year,45.60568133,GWa
R12_CHN,resid_cook_non-comm,final,2040,year,0.000373,GWa
R12_CHN,resid_cook_lightoil,final,2040,year,26.89540006,GWa
R12_CHN,resid_cook_biomass,final,2045,year,44.86177087,GWa
R12_CHN,resid_cook_non-comm,final,2045,year,0.021,GWa
R12_CHN,resid_cook_lightoil,final,2045,year,25.83456938,GWa
R12_CHN,resid_cook_biomass,final,2050,year,54.30174953,GWa
R12_CHN,resid_cook_non-comm,final,2050,year,0.047048281,GWa
R12_CHN,resid_cook_lightoil,final,2050,year,26.0998584,GWa
R12_CHN,resid_cook_biomass,final,2055,year,47.92190762,GWa
R12_CHN,resid_cook_non-comm,final,2055,year,0.080607275,GWa
R12_CHN,resid_cook_lightoil,final,2055,year,25.39737423,GWa
R12_CHN,resid_cook_biomass,final,2060,year,44.14688771,GWa
R12_CHN,resid_cook_non-comm,final,2060,year,0.115342256,GWa
R12_CHN,resid_cook_lightoil,final,2060,year,24.6617447,GWa
R12_CHN,resid_cook_biomass,final,2070,year,32.84501657,GWa
R12_CHN,resid_cook_non-comm,final,2070,year,0,GWa
R12_CHN,resid_cook_lightoil,final,2070,year,22.31575568,GWa
R12_CHN,resid_cook_biomass,final,2080,year,23.00690627,GWa
R12_CHN,resid_cook_non-comm,final,2080,year,0.056820485,GWa
R12_CHN,resid_cook_lightoil,final,2080,year,20.57134642,GWa
R12_CHN,resid_cook_biomass,final,2090,year,13.98632166,GWa
R12_CHN,resid_cook_non-comm,final,2090,year,0.042734074,GWa
R12_CHN,resid_cook_lightoil,final,2090,year,18.36223,GWa
R12_CHN,resid_cook_biomass,final,2100,year,7.157643497,GWa
R12_CHN,resid_cook_non-comm,final,2100,year,0.0207,GWa
R12_CHN,resid_cook_lightoil,final,2100,year,16.35872121,GWa
R12_EEU,resid_apps_electr,final,2020,year,10.10378961,GWa
R12_EEU,resid_apps_electr,final,2025,year,10.68243498,GWa
R12_EEU,resid_apps_electr,final,2030,year,11.26108035,GWa
R12_EEU,resid_apps_electr,final,2035,year,11.6815672,GWa
R12_EEU,resid_apps_electr,final,2040,year,12.10205404,GWa
R12_EEU,resid_apps_electr,final,2045,year,12.30004187,GWa
R12_EEU,resid_apps_electr,final,2050,year,12.4980297,GWa
R12_EEU,resid_apps_electr,final,2055,year,12.65410145,GWa
R12_EEU,resid_apps_electr,final,2060,year,12.8101732,GWa
R12_EEU,resid_apps_electr,final,2070,year,13.10611284,GWa
R12_EEU,resid_apps_electr,final,2080,year,13.2970013,GWa
R12_EEU,resid_apps_electr,final,2090,year,13.53338004,GWa
R12_EEU,resid_apps_electr,final,2100,year,13.59029813,GWa
R12_EEU,resid_cook_electr,final,2020,year,0.327147977,GWa
R12_EEU,resid_cook_electr,final,2025,year,0.348583519,GWa
R12_EEU,resid_cook_electr,final,2030,year,0.370019061,GWa
R12_EEU,resid_cook_electr,final,2035,year,0.383806899,GWa
R12_EEU,resid_cook_electr,final,2040,year,0.397594738,GWa
R12_EEU,resid_cook_electr,final,2045,year,0.405029308,GWa
R12_EEU,resid_cook_electr,final,2050,year,0.412463878,GWa
R12_EEU,resid_cook_electr,final,2055,year,0.417324265,GWa
R12_EEU,resid_cook_electr,final,2060,year,0.422184652,GWa
R12_EEU,resid_cook_electr,final,2070,year,0.431441192,GWa
R12_EEU,resid_cook_electr,final,2080,year,0.438698668,GWa
R12_EEU,resid_cook_electr,final,2090,year,0.445550301,GWa
R12_EEU,resid_cook_electr,final,2100,year,0.447005339,GWa
R12_EEU,resid_cook_biomass,final,2020,year,5.356493245,GWa
R12_EEU,resid_cook_non-comm,final,2020,year,0.063090291,GWa
R12_EEU,resid_cook_lightoil,final,2020,year,0.315820748,GWa
R12_EEU,resid_cook_biomass,final,2025,year,5.717756144,GWa
R12_EEU,resid_cook_non-comm,final,2025,year,0.047657518,GWa
R12_EEU,resid_cook_lightoil,final,2025,year,0.313278462,GWa
R12_EEU,resid_cook_biomass,final,2030,year,5.900059312,GWa
R12_EEU,resid_cook_non-comm,final,2030,year,0.015601997,GWa
R12_EEU,resid_cook_lightoil,final,2030,year,0.229757077,GWa
R12_EEU,resid_cook_biomass,final,2035,year,5.437623374,GWa
R12_EEU,resid_cook_non-comm,final,2035,year,0.011714457,GWa
R12_EEU,resid_cook_lightoil,final,2035,year,0.233870123,GWa
R12_EEU,resid_cook_biomass,final,2040,year,4.950275835,GWa
R12_EEU,resid_cook_non-comm,final,2040,year,0.00247,GWa
R12_EEU,resid_cook_lightoil,final,2040,year,0.14163229,GWa
R12_EEU,resid_cook_biomass,final,2045,year,4.349249348,GWa
R12_EEU,resid_cook_non-comm,final,2045,year,0.002,GWa
R12_EEU,resid_cook_lightoil,final,2045,year,0.138284837,GWa
R12_EEU,resid_cook_biomass,final,2050,year,3.814010094,GWa
R12_EEU,resid_cook_non-comm,final,2050,year,0.00153,GWa
R12_EEU,resid_cook_lightoil,final,2050,year,0.053959812,GWa
R12_EEU,resid_cook_biomass,final,2055,year,3.207767575,GWa
R12_EEU,resid_cook_non-comm,final,2055,year,0.0012,GWa
R12_EEU,resid_cook_lightoil,final,2055,year,0.042491109,GWa
R12_EEU,resid_cook_biomass,final,2060,year,2.788341512,GWa
R12_EEU,resid_cook_non-comm,final,2060,year,0.000866,GWa
R12_EEU,resid_cook_lightoil,final,2060,year,0.024988554,GWa
R12_EEU,resid_cook_biomass,final,2070,year,1.55513015,GWa
R12_EEU,resid_cook_non-comm,final,2070,year,0.0009,GWa
R12_EEU,resid_cook_lightoil,final,2070,year,0.004731618,GWa
R12_EEU,resid_cook_biomass,final,2080,year,0.287124958,GWa
R12_EEU,resid_cook_non-comm,final,2080,year,0.000791,GWa
R12_EEU,resid_cook_lightoil,final,2080,year,0.00233,GWa
R12_EEU,resid_cook_biomass,final,2090,year,0.377866777,GWa
R12_EEU,resid_cook_non-comm,final,2090,year,0.000862,GWa
R12_EEU,resid_cook_lightoil,final,2090,year,0.0025,GWa
R12_EEU,resid_cook_biomass,final,2100,year,0.279817101,GWa
R12_EEU,resid_cook_non-comm,final,2100,year,0.000759,GWa
R12_EEU,resid_cook_lightoil,final,2100,year,0.00162,GWa
R12_FSU,resid_apps_electr,final,2020,year,24.94896082,GWa
R12_FSU,resid_apps_electr,final,2025,year,26.01124549,GWa
R12_FSU,resid_apps_electr,final,2030,year,27.07353015,GWa
R12_FSU,resid_apps_electr,final,2035,year,28.4147572,GWa
R12_FSU,resid_apps_electr,final,2040,year,29.75598425,GWa
R12_FSU,resid_apps_electr,final,2045,year,31.50137113,GWa
R12_FSU,resid_apps_electr,final,2050,year,33.24675801,GWa
R12_FSU,resid_apps_electr,final,2055,year,35.42605477,GWa
R12_FSU,resid_apps_electr,final,2060,year,37.60535152,GWa
R12_FSU,resid_apps_electr,final,2070,year,42.51789107,GWa
R12_FSU,resid_apps_electr,final,2080,year,47.55070019,GWa
R12_FSU,resid_apps_electr,final,2090,year,52.90278692,GWa
R12_FSU,resid_apps_electr,final,2100,year,58.63087226,GWa
R12_FSU,resid_cook_electr,final,2020,year,0.53439475,GWa
R12_FSU,resid_cook_electr,final,2025,year,0.475057948,GWa
R12_FSU,resid_cook_electr,final,2030,year,0.415721146,GWa
R12_FSU,resid_cook_electr,final,2035,year,0.367896085,GWa
R12_FSU,resid_cook_electr,final,2040,year,0.320071024,GWa
R12_FSU,resid_cook_electr,final,2045,year,0.292880873,GWa
R12_FSU,resid_cook_electr,final,2050,year,0.265690723,GWa
R12_FSU,resid_cook_electr,final,2055,year,0.245072099,GWa
R12_FSU,resid_cook_electr,final,2060,year,0.224453475,GWa
R12_FSU,resid_cook_electr,final,2070,year,0.187779134,GWa
R12_FSU,resid_cook_electr,final,2080,year,0.142769017,GWa
R12_FSU,resid_cook_electr,final,2090,year,0.117302857,GWa
R12_FSU,resid_cook_electr,final,2100,year,0.112771887,GWa
R12_FSU,resid_cook_biomass,final,2020,year,5.641946553,GWa
R12_FSU,resid_cook_non-comm,final,2020,year,0.376232427,GWa
R12_FSU,resid_cook_lightoil,final,2020,year,23.44790298,GWa
R12_FSU,resid_cook_biomass,final,2025,year,5.778766,GWa
R12_FSU,resid_cook_non-comm,final,2025,year,0.344219514,GWa
R12_FSU,resid_cook_lightoil,final,2025,year,33.82500196,GWa
R12_FSU,resid_cook_biomass,final,2030,year,5.48437871,GWa
R12_FSU,resid_cook_non-comm,final,2030,year,0.244293281,GWa
R12_FSU,resid_cook_lightoil,final,2030,year,52.979026,GWa
R12_FSU,resid_cook_biomass,final,2035,year,5.537382882,GWa
R12_FSU,resid_cook_non-comm,final,2035,year,0.138435346,GWa
R12_FSU,resid_cook_lightoil,final,2035,year,112.0635505,GWa
R12_FSU,resid_cook_biomass,final,2040,year,4.873718909,GWa
R12_FSU,resid_cook_non-comm,final,2040,year,0.035121216,GWa
R12_FSU,resid_cook_lightoil,final,2040,year,185.3435115,GWa
R12_FSU,resid_cook_biomass,final,2045,year,3.926091522,GWa
R12_FSU,resid_cook_non-comm,final,2045,year,0.029425872,GWa
R12_FSU,resid_cook_lightoil,final,2045,year,203.6275087,GWa
R12_FSU,resid_cook_biomass,final,2050,year,2.470157705,GWa
R12_FSU,resid_cook_non-comm,final,2050,year,0.023730529,GWa
R12_FSU,resid_cook_lightoil,final,2050,year,235.0631607,GWa
R12_FSU,resid_cook_biomass,final,2055,year,1.653766856,GWa
R12_FSU,resid_cook_non-comm,final,2055,year,0.018077017,GWa
R12_FSU,resid_cook_lightoil,final,2055,year,206.9808668,GWa
R12_FSU,resid_cook_biomass,final,2060,year,0.812885982,GWa
R12_FSU,resid_cook_non-comm,final,2060,year,0.012423505,GWa
R12_FSU,resid_cook_lightoil,final,2060,year,182.9386089,GWa
R12_FSU,resid_cook_biomass,final,2070,year,0.676634672,GWa
R12_FSU,resid_cook_non-comm,final,2070,year,0.005899614,GWa
R12_FSU,resid_cook_lightoil,final,2070,year,231.7265939,GWa
R12_FSU,resid_cook_biomass,final,2080,year,0.199035282,GWa
R12_FSU,resid_cook_non-comm,final,2080,year,0.00222,GWa
R12_FSU,resid_cook_lightoil,final,2080,year,217.4963599,GWa
R12_FSU,resid_cook_biomass,final,2090,year,0.561776609,GWa
R12_FSU,resid_cook_non-comm,final,2090,year,0.00141,GWa
R12_FSU,resid_cook_lightoil,final,2090,year,170.0701357,GWa
R12_FSU,resid_cook_biomass,final,2100,year,0.510971344,GWa
R12_FSU,resid_cook_non-comm,final,2100,year,0.000195,GWa
R12_FSU,resid_cook_lightoil,final,2100,year,150.6997526,GWa
R12_LAM,resid_apps_electr,final,2020,year,28.81378882,GWa
R12_LAM,resid_apps_electr,final,2025,year,30.16904213,GWa
R12_LAM,resid_apps_electr,final,2030,year,31.52429544,GWa
R12_LAM,resid_apps_electr,final,2035,year,32.87257247,GWa
R12_LAM,resid_apps_electr,final,2040,year,34.2208495,GWa
R12_LAM,resid_apps_electr,final,2045,year,35.57152909,GWa
R12_LAM,resid_apps_electr,final,2050,year,36.92220868,GWa
R12_LAM,resid_apps_electr,final,2055,year,38.21567859,GWa
R12_LAM,resid_apps_electr,final,2060,year,39.5091485,GWa
R12_LAM,resid_apps_electr,final,2070,year,42.10243133,GWa
R12_LAM,resid_apps_electr,final,2080,year,44.39730505,GWa
R12_LAM,resid_apps_electr,final,2090,year,46.32973212,GWa
R12_LAM,resid_apps_electr,final,2100,year,48.31421102,GWa
R12_LAM,resid_cook_electr,final,2020,year,0.218346961,GWa
R12_LAM,resid_cook_electr,final,2025,year,0.233572024,GWa
R12_LAM,resid_cook_electr,final,2030,year,0.248797087,GWa
R12_LAM,resid_cook_electr,final,2035,year,0.27176242,GWa
R12_LAM,resid_cook_electr,final,2040,year,0.294727753,GWa
R12_LAM,resid_cook_electr,final,2045,year,0.348602861,GWa
R12_LAM,resid_cook_electr,final,2050,year,0.402477969,GWa
R12_LAM,resid_cook_electr,final,2055,year,0.475916378,GWa
R12_LAM,resid_cook_electr,final,2060,year,0.549354786,GWa
R12_LAM,resid_cook_electr,final,2070,year,0.781335451,GWa
R12_LAM,resid_cook_electr,final,2080,year,1.088603829,GWa
R12_LAM,resid_cook_electr,final,2090,year,1.339622758,GWa
R12_LAM,resid_cook_electr,final,2100,year,1.618152357,GWa
R12_LAM,resid_cook_biomass,final,2020,year,53.09290256,GWa
R12_LAM,resid_cook_non-comm,final,2020,year,13.93441115,GWa
R12_LAM,resid_cook_lightoil,final,2020,year,13.96984841,GWa
R12_LAM,resid_cook_biomass,final,2025,year,54.83360309,GWa
R12_LAM,resid_cook_non-comm,final,2025,year,13.84365323,GWa
R12_LAM,resid_cook_lightoil,final,2025,year,14.22823757,GWa
R12_LAM,resid_cook_biomass,final,2030,year,53.34143209,GWa
R12_LAM,resid_cook_non-comm,final,2030,year,13.0547428,GWa
R12_LAM,resid_cook_lightoil,final,2030,year,15.25615046,GWa
R12_LAM,resid_cook_biomass,final,2035,year,54.9202927,GWa
R12_LAM,resid_cook_non-comm,final,2035,year,12.75718036,GWa
R12_LAM,resid_cook_lightoil,final,2035,year,15.94482526,GWa
R12_LAM,resid_cook_biomass,final,2040,year,51.38413722,GWa
R12_LAM,resid_cook_non-comm,final,2040,year,11.34020482,GWa
R12_LAM,resid_cook_lightoil,final,2040,year,17.6507277,GWa
R12_LAM,resid_cook_biomass,final,2045,year,49.86495642,GWa
R12_LAM,resid_cook_non-comm,final,2045,year,11.08727536,GWa
R12_LAM,resid_cook_lightoil,final,2045,year,18.27163797,GWa
R12_LAM,resid_cook_biomass,final,2050,year,43.67848761,GWa
R12_LAM,resid_cook_non-comm,final,2050,year,9.802836601,GWa
R12_LAM,resid_cook_lightoil,final,2050,year,19.815783,GWa
R12_LAM,resid_cook_biomass,final,2055,year,41.65468172,GWa
R12_LAM,resid_cook_non-comm,final,2055,year,9.217020951,GWa
R12_LAM,resid_cook_lightoil,final,2055,year,20.35794325,GWa
R12_LAM,resid_cook_biomass,final,2060,year,38.29839268,GWa
R12_LAM,resid_cook_non-comm,final,2060,year,8.322534514,GWa
R12_LAM,resid_cook_lightoil,final,2060,year,21.09122183,GWa
R12_LAM,resid_cook_biomass,final,2070,year,35.23772228,GWa
R12_LAM,resid_cook_non-comm,final,2070,year,7.095538034,GWa
R12_LAM,resid_cook_lightoil,final,2070,year,21.35610036,GWa
R12_LAM,resid_cook_biomass,final,2080,year,31.73329964,GWa
R12_LAM,resid_cook_non-comm,final,2080,year,6.241180954,GWa
R12_LAM,resid_cook_lightoil,final,2080,year,21.13190599,GWa
R12_LAM,resid_cook_biomass,final,2090,year,28.70333514,GWa
R12_LAM,resid_cook_non-comm,final,2090,year,5.613022437,GWa
R12_LAM,resid_cook_lightoil,final,2090,year,20.40722056,GWa
R12_LAM,resid_cook_biomass,final,2100,year,26.60805676,GWa
R12_LAM,resid_cook_non-comm,final,2100,year,4.967578191,GWa
R12_LAM,resid_cook_lightoil,final,2100,year,19.80231803,GWa
R12_MEA,resid_apps_electr,final,2020,year,15.90387613,GWa
R12_MEA,resid_apps_electr,final,2025,year,18.55881088,GWa
R12_MEA,resid_apps_electr,final,2030,year,21.21374562,GWa
R12_MEA,resid_apps_electr,final,2035,year,24.24997035,GWa
R12_MEA,resid_apps_electr,final,2040,year,27.28619508,GWa
R12_MEA,resid_apps_electr,final,2045,year,30.43870008,GWa
R12_MEA,resid_apps_electr,final,2050,year,33.59120509,GWa
R12_MEA,resid_apps_electr,final,2055,year,36.82487118,GWa
R12_MEA,resid_apps_electr,final,2060,year,40.05853728,GWa
R12_MEA,resid_apps_electr,final,2070,year,46.97486643,GWa
R12_MEA,resid_apps_electr,final,2080,year,53.55861771,GWa
R12_MEA,resid_apps_electr,final,2090,year,60.24104832,GWa
R12_MEA,resid_apps_electr,final,2100,year,67.37231938,GWa
R12_MEA,resid_cook_electr,final,2020,year,1.139102602,GWa
R12_MEA,resid_cook_electr,final,2025,year,1.435742638,GWa
R12_MEA,resid_cook_electr,final,2030,year,1.732382673,GWa
R12_MEA,resid_cook_electr,final,2035,year,2.292998572,GWa
R12_MEA,resid_cook_electr,final,2040,year,2.85361447,GWa
R12_MEA,resid_cook_electr,final,2045,year,3.256235933,GWa
R12_MEA,resid_cook_electr,final,2050,year,3.658857397,GWa
R12_MEA,resid_cook_electr,final,2055,year,4.540367038,GWa
R12_MEA,resid_cook_electr,final,2060,year,5.42187668,GWa
R12_MEA,resid_cook_electr,final,2070,year,5.965984777,GWa
R12_MEA,resid_cook_electr,final,2080,year,6.046501986,GWa
R12_MEA,resid_cook_electr,final,2090,year,7.016503112,GWa
R12_MEA,resid_cook_electr,final,2100,year,7.205352401,GWa
R12_MEA,resid_cook_biomass,final,2020,year,13.7055642,GWa
R12_MEA,resid_cook_non-comm,final,2020,year,1.718297715,GWa
R12_MEA,resid_cook_lightoil,final,2020,year,27.03767727,GWa
R12_MEA,resid_cook_biomass,final,2025,year,13.72071318,GWa
R12_MEA,resid_cook_non-comm,final,2025,year,1.632565726,GWa
R12_MEA,resid_cook_lightoil,final,2025,year,23.73131155,GWa
R12_MEA,resid_cook_biomass,final,2030,year,14.36678482,GWa
R12_MEA,resid_cook_non-comm,final,2030,year,1.592141074,GWa
R12_MEA,resid_cook_lightoil,final,2030,year,26.03500531,GWa
R12_MEA,resid_cook_biomass,final,2035,year,13.56023793,GWa
R12_MEA,resid_cook_non-comm,final,2035,year,1.353449969,GWa
R12_MEA,resid_cook_lightoil,final,2035,year,26.43283683,GWa
R12_MEA,resid_cook_biomass,final,2040,year,13.82033573,GWa
R12_MEA,resid_cook_non-comm,final,2040,year,1.198315538,GWa
R12_MEA,resid_cook_lightoil,final,2040,year,35.43186231,GWa
R12_MEA,resid_cook_biomass,final,2045,year,13.0417979,GWa
R12_MEA,resid_cook_non-comm,final,2045,year,1.027697054,GWa
R12_MEA,resid_cook_lightoil,final,2045,year,36.15899419,GWa
R12_MEA,resid_cook_biomass,final,2050,year,13.27953845,GWa
R12_MEA,resid_cook_non-comm,final,2050,year,0.940979489,GWa
R12_MEA,resid_cook_lightoil,final,2050,year,44.59225727,GWa
R12_MEA,resid_cook_biomass,final,2055,year,13.38525998,GWa
R12_MEA,resid_cook_non-comm,final,2055,year,0.903429749,GWa
R12_MEA,resid_cook_lightoil,final,2055,year,46.69662452,GWa
R12_MEA,resid_cook_biomass,final,2060,year,13.84339684,GWa
R12_MEA,resid_cook_non-comm,final,2060,year,0.900818599,GWa
R12_MEA,resid_cook_lightoil,final,2060,year,50.77857593,GWa
R12_MEA,resid_cook_biomass,final,2070,year,12.56539092,GWa
R12_MEA,resid_cook_non-comm,final,2070,year,1.075772265,GWa
R12_MEA,resid_cook_lightoil,final,2070,year,58.49195581,GWa
R12_MEA,resid_cook_biomass,final,2080,year,11.38959702,GWa
R12_MEA,resid_cook_non-comm,final,2080,year,0.81833701,GWa
R12_MEA,resid_cook_lightoil,final,2080,year,62.54113304,GWa
R12_MEA,resid_cook_biomass,final,2090,year,10.40696509,GWa
R12_MEA,resid_cook_non-comm,final,2090,year,0.574020142,GWa
R12_MEA,resid_cook_lightoil,final,2090,year,61.61269303,GWa
R12_MEA,resid_cook_biomass,final,2100,year,10.10231235,GWa
R12_MEA,resid_cook_non-comm,final,2100,year,0.522100446,GWa
R12_MEA,resid_cook_lightoil,final,2100,year,63.30733657,GWa
R12_NAM,resid_apps_electr,final,2020,year,91.60595826,GWa
R12_NAM,resid_apps_electr,final,2025,year,93.70576301,GWa
R12_NAM,resid_apps_electr,final,2030,year,95.80556776,GWa
R12_NAM,resid_apps_electr,final,2035,year,98.09408848,GWa
R12_NAM,resid_apps_electr,final,2040,year,100.3826092,GWa
R12_NAM,resid_apps_electr,final,2045,year,102.2657884,GWa
R12_NAM,resid_apps_electr,final,2050,year,104.1489675,GWa
R12_NAM,resid_apps_electr,final,2055,year,105.7118608,GWa
R12_NAM,resid_apps_electr,final,2060,year,107.274754,GWa
R12_NAM,resid_apps_electr,final,2070,year,109.9820823,GWa
R12_NAM,resid_apps_electr,final,2080,year,111.8723367,GWa
R12_NAM,resid_apps_electr,final,2090,year,112.7428391,GWa
R12_NAM,resid_apps_electr,final,2100,year,112.3720765,GWa
R12_NAM,resid_cook_electr,final,2020,year,13.41192256,GWa
R12_NAM,resid_cook_electr,final,2025,year,13.48931741,GWa
R12_NAM,resid_cook_electr,final,2030,year,13.56671225,GWa
R12_NAM,resid_cook_electr,final,2035,year,13.82522465,GWa
R12_NAM,resid_cook_electr,final,2040,year,14.08373704,GWa
R12_NAM,resid_cook_electr,final,2045,year,14.21598235,GWa
R12_NAM,resid_cook_electr,final,2050,year,14.34822766,GWa
R12_NAM,resid_cook_electr,final,2055,year,14.49217443,GWa
R12_NAM,resid_cook_electr,final,2060,year,14.6361212,GWa
R12_NAM,resid_cook_electr,final,2070,year,14.99702066,GWa
R12_NAM,resid_cook_electr,final,2080,year,15.05488941,GWa
R12_NAM,resid_cook_electr,final,2090,year,15.06899815,GWa
R12_NAM,resid_cook_electr,final,2100,year,14.8745874,GWa
R12_NAM,resid_cook_biomass,final,2020,year,10.72271405,GWa
R12_NAM,resid_cook_non-comm,final,2020,year,0.015,GWa
R12_NAM,resid_cook_lightoil,final,2020,year,18.78353502,GWa
R12_NAM,resid_cook_biomass,final,2025,year,14.8505122,GWa
R12_NAM,resid_cook_non-comm,final,2025,year,0.0142,GWa
R12_NAM,resid_cook_lightoil,final,2025,year,21.43265948,GWa
R12_NAM,resid_cook_biomass,final,2030,year,17.15455479,GWa
R12_NAM,resid_cook_non-comm,final,2030,year,0.00965,GWa
R12_NAM,resid_cook_lightoil,final,2030,year,27.85014844,GWa
R12_NAM,resid_cook_biomass,final,2035,year,16.17602058,GWa
R12_NAM,resid_cook_non-comm,final,2035,year,0.0184,GWa
R12_NAM,resid_cook_lightoil,final,2035,year,42.70826203,GWa
R12_NAM,resid_cook_biomass,final,2040,year,12.69534997,GWa
R12_NAM,resid_cook_non-comm,final,2040,year,0.0218,GWa
R12_NAM,resid_cook_lightoil,final,2040,year,64.48736288,GWa
R12_NAM,resid_cook_biomass,final,2045,year,11.53546493,GWa
R12_NAM,resid_cook_non-comm,final,2045,year,0.012,GWa
R12_NAM,resid_cook_lightoil,final,2045,year,77.27793387,GWa
R12_NAM,resid_cook_biomass,final,2050,year,8.296702649,GWa
R12_NAM,resid_cook_non-comm,final,2050,year,0,GWa
R12_NAM,resid_cook_lightoil,final,2050,year,96.9735423,GWa
R12_NAM,resid_cook_biomass,final,2055,year,6.465694646,GWa
R12_NAM,resid_cook_non-comm,final,2055,year,0.000069,GWa
R12_NAM,resid_cook_lightoil,final,2055,year,87.82119927,GWa
R12_NAM,resid_cook_biomass,final,2060,year,4.356812194,GWa
R12_NAM,resid_cook_non-comm,final,2060,year,0.000138,GWa
R12_NAM,resid_cook_lightoil,final,2060,year,81.50137025,GWa
R12_NAM,resid_cook_biomass,final,2070,year,2.039517026,GWa
R12_NAM,resid_cook_non-comm,final,2070,year,0.000189,GWa
R12_NAM,resid_cook_lightoil,final,2070,year,46.68894301,GWa
R12_NAM,resid_cook_biomass,final,2080,year,0.46294996,GWa
R12_NAM,resid_cook_non-comm,final,2080,year,0.0018,GWa
R12_NAM,resid_cook_lightoil,final,2080,year,62.2968428,GWa
R12_NAM,resid_cook_biomass,final,2090,year,0.257401411,GWa
R12_NAM,resid_cook_non-comm,final,2090,year,0.00469,GWa
R12_NAM,resid_cook_lightoil,final,2090,year,65.84141757,GWa
R12_NAM,resid_cook_biomass,final,2100,year,0.164600299,GWa
R12_NAM,resid_cook_non-comm,final,2100,year,0.0161,GWa
R12_NAM,resid_cook_lightoil,final,2100,year,51.90319526,GWa
R12_PAO,resid_apps_electr,final,2020,year,26.44920621,GWa
R12_PAO,resid_apps_electr,final,2025,year,25.95790787,GWa
R12_PAO,resid_apps_electr,final,2030,year,25.46660952,GWa
R12_PAO,resid_apps_electr,final,2035,year,24.93078012,GWa
R12_PAO,resid_apps_electr,final,2040,year,24.39495072,GWa
R12_PAO,resid_apps_electr,final,2045,year,23.86954893,GWa
R12_PAO,resid_apps_electr,final,2050,year,23.34414714,GWa
R12_PAO,resid_apps_electr,final,2055,year,22.94315686,GWa
R12_PAO,resid_apps_electr,final,2060,year,22.54216659,GWa
R12_PAO,resid_apps_electr,final,2070,year,21.32787333,GWa
R12_PAO,resid_apps_electr,final,2080,year,20.32540669,GWa
R12_PAO,resid_apps_electr,final,2090,year,19.58062092,GWa
R12_PAO,resid_apps_electr,final,2100,year,18.59172485,GWa
R12_PAO,resid_cook_electr,final,2020,year,0.698886081,GWa
R12_PAO,resid_cook_electr,final,2025,year,0.681671084,GWa
R12_PAO,resid_cook_electr,final,2030,year,0.664456086,GWa
R12_PAO,resid_cook_electr,final,2035,year,0.650126011,GWa
R12_PAO,resid_cook_electr,final,2040,year,0.635795937,GWa
R12_PAO,resid_cook_electr,final,2045,year,0.622751527,GWa
R12_PAO,resid_cook_electr,final,2050,year,0.609707117,GWa
R12_PAO,resid_cook_electr,final,2055,year,0.605084194,GWa
R12_PAO,resid_cook_electr,final,2060,year,0.600461271,GWa
R12_PAO,resid_cook_electr,final,2070,year,0.552783689,GWa
R12_PAO,resid_cook_electr,final,2080,year,0.521220488,GWa
R12_PAO,resid_cook_electr,final,2090,year,0.516174983,GWa
R12_PAO,resid_cook_electr,final,2100,year,0.493862688,GWa
R12_PAO,resid_cook_biomass,final,2020,year,2.756252615,GWa
R12_PAO,resid_cook_non-comm,final,2020,year,0.0226,GWa
R12_PAO,resid_cook_lightoil,final,2020,year,14.1312236,GWa
R12_PAO,resid_cook_biomass,final,2025,year,4.109807121,GWa
R12_PAO,resid_cook_non-comm,final,2025,year,0.0232,GWa
R12_PAO,resid_cook_lightoil,final,2025,year,12.05163309,GWa
R12_PAO,resid_cook_biomass,final,2030,year,4.540662939,GWa
R12_PAO,resid_cook_non-comm,final,2030,year,0.0176,GWa
R12_PAO,resid_cook_lightoil,final,2030,year,10.59871148,GWa
R12_PAO,resid_cook_biomass,final,2035,year,5.095237735,GWa
R12_PAO,resid_cook_non-comm,final,2035,year,0.0203,GWa
R12_PAO,resid_cook_lightoil,final,2035,year,7.250352659,GWa
R12_PAO,resid_cook_biomass,final,2040,year,4.297762357,GWa
R12_PAO,resid_cook_non-comm,final,2040,year,0.014,GWa
R12_PAO,resid_cook_lightoil,final,2040,year,5.329748137,GWa
R12_PAO,resid_cook_biomass,final,2045,year,4.429654807,GWa
R12_PAO,resid_cook_non-comm,final,2045,year,0.0169,GWa
R12_PAO,resid_cook_lightoil,final,2045,year,2.389428574,GWa
R12_PAO,resid_cook_biomass,final,2050,year,3.396089862,GWa
R12_PAO,resid_cook_non-comm,final,2050,year,0.012,GWa
R12_PAO,resid_cook_lightoil,final,2050,year,1.030852781,GWa
R12_PAO,resid_cook_biomass,final,2055,year,2.918063689,GWa
R12_PAO,resid_cook_non-comm,final,2055,year,0.0113,GWa
R12_PAO,resid_cook_lightoil,final,2055,year,2.357193222,GWa
R12_PAO,resid_cook_biomass,final,2060,year,2.205893512,GWa
R12_PAO,resid_cook_non-comm,final,2060,year,0.00905,GWa
R12_PAO,resid_cook_lightoil,final,2060,year,2.140832995,GWa
R12_PAO,resid_cook_biomass,final,2070,year,1.89708495,GWa
R12_PAO,resid_cook_non-comm,final,2070,year,0.00644,GWa
R12_PAO,resid_cook_lightoil,final,2070,year,1.64438489,GWa
R12_PAO,resid_cook_biomass,final,2080,year,1.773079305,GWa
R12_PAO,resid_cook_non-comm,final,2080,year,0.00741,GWa
R12_PAO,resid_cook_lightoil,final,2080,year,1.323221736,GWa
R12_PAO,resid_cook_biomass,final,2090,year,1.607731405,GWa
R12_PAO,resid_cook_non-comm,final,2090,year,0.00855,GWa
R12_PAO,resid_cook_lightoil,final,2090,year,1.079494274,GWa
R12_PAO,resid_cook_biomass,final,2100,year,1.432453281,GWa
R12_PAO,resid_cook_non-comm,final,2100,year,0.00876,GWa
R12_PAO,resid_cook_lightoil,final,2100,year,0.861557934,GWa
R12_PAS,resid_apps_electr,final,2020,year,24.0453057,GWa
R12_PAS,resid_apps_electr,final,2025,year,26.63905775,GWa
R12_PAS,resid_apps_electr,final,2030,year,29.23280981,GWa
R12_PAS,resid_apps_electr,final,2035,year,31.48611941,GWa
R12_PAS,resid_apps_electr,final,2040,year,33.73942901,GWa
R12_PAS,resid_apps_electr,final,2045,year,35.31316248,GWa
R12_PAS,resid_apps_electr,final,2050,year,36.88689596,GWa
R12_PAS,resid_apps_electr,final,2055,year,38.0123731,GWa
R12_PAS,resid_apps_electr,final,2060,year,39.13785025,GWa
R12_PAS,resid_apps_electr,final,2070,year,40.60475227,GWa
R12_PAS,resid_apps_electr,final,2080,year,41.70397594,GWa
R12_PAS,resid_apps_electr,final,2090,year,42.16638093,GWa
R12_PAS,resid_apps_electr,final,2100,year,42.69913889,GWa
R12_PAS,resid_cook_electr,final,2020,year,1.417445327,GWa
R12_PAS,resid_cook_electr,final,2025,year,1.727461525,GWa
R12_PAS,resid_cook_electr,final,2030,year,2.037477723,GWa
R12_PAS,resid_cook_electr,final,2035,year,2.264682349,GWa
R12_PAS,resid_cook_electr,final,2040,year,2.491886976,GWa
R12_PAS,resid_cook_electr,final,2045,year,2.64247315,GWa
R12_PAS,resid_cook_electr,final,2050,year,2.793059325,GWa
R12_PAS,resid_cook_electr,final,2055,year,2.891142373,GWa
R12_PAS,resid_cook_electr,final,2060,year,2.98922542,GWa
R12_PAS,resid_cook_electr,final,2070,year,3.084249796,GWa
R12_PAS,resid_cook_electr,final,2080,year,3.083667132,GWa
R12_PAS,resid_cook_electr,final,2090,year,3.019305387,GWa
R12_PAS,resid_cook_electr,final,2100,year,2.944959095,GWa
R12_PAS,resid_cook_biomass,final,2020,year,21.55496617,GWa
R12_PAS,resid_cook_non-comm,final,2020,year,2.465037441,GWa
R12_PAS,resid_cook_lightoil,final,2020,year,21.35068389,GWa
R12_PAS,resid_cook_biomass,final,2025,year,20.80086337,GWa
R12_PAS,resid_cook_non-comm,final,2025,year,1.936110081,GWa
R12_PAS,resid_cook_lightoil,final,2025,year,24.67484823,GWa
R12_PAS,resid_cook_biomass,final,2030,year,21.22979287,GWa
R12_PAS,resid_cook_non-comm,final,2030,year,1.367787306,GWa
R12_PAS,resid_cook_lightoil,final,2030,year,25.96925615,GWa
R12_PAS,resid_cook_biomass,final,2035,year,19.06688353,GWa
R12_PAS,resid_cook_non-comm,final,2035,year,0.929344551,GWa
R12_PAS,resid_cook_lightoil,final,2035,year,27.61201236,GWa
R12_PAS,resid_cook_biomass,final,2040,year,18.86079296,GWa
R12_PAS,resid_cook_non-comm,final,2040,year,0.455236025,GWa
R12_PAS,resid_cook_lightoil,final,2040,year,26.11644814,GWa
R12_PAS,resid_cook_biomass,final,2045,year,17.74941778,GWa
R12_PAS,resid_cook_non-comm,final,2045,year,0.325064632,GWa
R12_PAS,resid_cook_lightoil,final,2045,year,27.0023233,GWa
R12_PAS,resid_cook_biomass,final,2050,year,18.47268678,GWa
R12_PAS,resid_cook_non-comm,final,2050,year,0.179688859,GWa
R12_PAS,resid_cook_lightoil,final,2050,year,25.07234051,GWa
R12_PAS,resid_cook_biomass,final,2055,year,18.01089949,GWa
R12_PAS,resid_cook_non-comm,final,2055,year,0.006211764,GWa
R12_PAS,resid_cook_lightoil,final,2055,year,24.73119047,GWa
R12_PAS,resid_cook_biomass,final,2060,year,18.14636052,GWa
R12_PAS,resid_cook_non-comm,final,2060,year,0.082261104,GWa
R12_PAS,resid_cook_lightoil,final,2060,year,23.65433354,GWa
R12_PAS,resid_cook_biomass,final,2070,year,17.23725577,GWa
R12_PAS,resid_cook_non-comm,final,2070,year,0.040475155,GWa
R12_PAS,resid_cook_lightoil,final,2070,year,22.63366029,GWa
R12_PAS,resid_cook_biomass,final,2080,year,16.28354814,GWa
R12_PAS,resid_cook_non-comm,final,2080,year,0.02726777,GWa
R12_PAS,resid_cook_lightoil,final,2080,year,21.78073208,GWa
R12_PAS,resid_cook_biomass,final,2090,year,14.51616584,GWa
R12_PAS,resid_cook_non-comm,final,2090,year,0.019732835,GWa
R12_PAS,resid_cook_lightoil,final,2090,year,20.67779976,GWa
R12_PAS,resid_cook_biomass,final,2100,year,14.76378753,GWa
R12_PAS,resid_cook_non-comm,final,2100,year,0.011286662,GWa
R12_PAS,resid_cook_lightoil,final,2100,year,19.44598788,GWa
R12_RCPA,resid_apps_electr,final,2020,year,3.522656158,GWa
R12_RCPA,resid_apps_electr,final,2025,year,3.65622964,GWa
R12_RCPA,resid_apps_electr,final,2030,year,3.789803121,GWa
R12_RCPA,resid_apps_electr,final,2035,year,3.946913592,GWa
R12_RCPA,resid_apps_electr,final,2040,year,4.104024063,GWa
R12_RCPA,resid_apps_electr,final,2045,year,4.220386826,GWa
R12_RCPA,resid_apps_electr,final,2050,year,4.336749588,GWa
R12_RCPA,resid_apps_electr,final,2055,year,4.432215416,GWa
R12_RCPA,resid_apps_electr,final,2060,year,4.527681244,GWa
R12_RCPA,resid_apps_electr,final,2070,year,4.699238451,GWa
R12_RCPA,resid_apps_electr,final,2080,year,4.840169278,GWa
R12_RCPA,resid_apps_electr,final,2090,year,4.922226433,GWa
R12_RCPA,resid_apps_electr,final,2100,year,4.968610338,GWa
R12_RCPA,resid_cook_electr,final,2020,year,0.994111183,GWa
R12_RCPA,resid_cook_electr,final,2025,year,1.0498958,GWa
R12_RCPA,resid_cook_electr,final,2030,year,1.105680417,GWa
R12_RCPA,resid_cook_electr,final,2035,year,1.126675047,GWa
R12_RCPA,resid_cook_electr,final,2040,year,1.147669678,GWa
R12_RCPA,resid_cook_electr,final,2045,year,1.155376948,GWa
R12_RCPA,resid_cook_electr,final,2050,year,1.163084219,GWa
R12_RCPA,resid_cook_electr,final,2055,year,1.166094974,GWa
R12_RCPA,resid_cook_electr,final,2060,year,1.169105729,GWa
R12_RCPA,resid_cook_electr,final,2070,year,1.161505927,GWa
R12_RCPA,resid_cook_electr,final,2080,year,1.143544613,GWa
R12_RCPA,resid_cook_electr,final,2090,year,1.115659219,GWa
R12_RCPA,resid_cook_electr,final,2100,year,1.082085965,GWa
R12_RCPA,resid_cook_biomass,final,2020,year,8.238499778,GWa
R12_RCPA,resid_cook_non-comm,final,2020,year,0.728036294,GWa
R12_RCPA,resid_cook_lightoil,final,2020,year,2.321865052,GWa
R12_RCPA,resid_cook_biomass,final,2025,year,8.048811543,GWa
R12_RCPA,resid_cook_non-comm,final,2025,year,0.636802409,GWa
R12_RCPA,resid_cook_lightoil,final,2025,year,2.853484907,GWa
R12_RCPA,resid_cook_biomass,final,2030,year,7.72561263,GWa
R12_RCPA,resid_cook_non-comm,final,2030,year,0.530339682,GWa
R12_RCPA,resid_cook_lightoil,final,2030,year,3.006222968,GWa
R12_RCPA,resid_cook_biomass,final,2035,year,7.543851911,GWa
R12_RCPA,resid_cook_non-comm,final,2035,year,0.459384757,GWa
R12_RCPA,resid_cook_lightoil,final,2035,year,3.290804691,GWa
R12_RCPA,resid_cook_biomass,final,2040,year,7.249264125,GWa
R12_RCPA,resid_cook_non-comm,final,2040,year,0.372706187,GWa
R12_RCPA,resid_cook_lightoil,final,2040,year,2.931399686,GWa
R12_RCPA,resid_cook_biomass,final,2045,year,6.662339272,GWa
R12_RCPA,resid_cook_non-comm,final,2045,year,0.289334736,GWa
R12_RCPA,resid_cook_lightoil,final,2045,year,3.118783565,GWa
R12_RCPA,resid_cook_biomass,final,2050,year,5.988270887,GWa
R12_RCPA,resid_cook_non-comm,final,2050,year,0.193265084,GWa
R12_RCPA,resid_cook_lightoil,final,2050,year,2.730362826,GWa
R12_RCPA,resid_cook_biomass,final,2055,year,6.122797152,GWa
R12_RCPA,resid_cook_non-comm,final,2055,year,0.153439254,GWa
R12_RCPA,resid_cook_lightoil,final,2055,year,2.706357683,GWa
R12_RCPA,resid_cook_biomass,final,2060,year,6.280195274,GWa
R12_RCPA,resid_cook_non-comm,final,2060,year,0.114326629,GWa
R12_RCPA,resid_cook_lightoil,final,2060,year,2.51358932,GWa
R12_RCPA,resid_cook_biomass,final,2070,year,5.402636088,GWa
R12_RCPA,resid_cook_non-comm,final,2070,year,0.0841176,GWa
R12_RCPA,resid_cook_lightoil,final,2070,year,2.378562805,GWa
R12_RCPA,resid_cook_biomass,final,2080,year,4.036869848,GWa
R12_RCPA,resid_cook_non-comm,final,2080,year,0.041585238,GWa
R12_RCPA,resid_cook_lightoil,final,2080,year,2.283505969,GWa
R12_RCPA,resid_cook_biomass,final,2090,year,3.425598367,GWa
R12_RCPA,resid_cook_non-comm,final,2090,year,0.044897688,GWa
R12_RCPA,resid_cook_lightoil,final,2090,year,2.163906387,GWa
R12_RCPA,resid_cook_biomass,final,2100,year,3.084191848,GWa
R12_RCPA,resid_cook_non-comm,final,2100,year,0.04481133,GWa
R12_RCPA,resid_cook_lightoil,final,2100,year,2.019390416,GWa
R12_SAS,resid_apps_electr,final,2020,year,26.25009473,GWa
R12_SAS,resid_apps_electr,final,2025,year,31.91423441,GWa
R12_SAS,resid_apps_electr,final,2030,year,34.82853586,GWa
R12_SAS,resid_apps_electr,final,2035,year,38.14940813,GWa
R12_SAS,resid_apps_electr,final,2040,year,41.47028039,GWa
R12_SAS,resid_apps_electr,final,2045,year,44.98914648,GWa
R12_SAS,resid_apps_electr,final,2050,year,48.50801257,GWa
R12_SAS,resid_apps_electr,final,2055,year,51.74881839,GWa
R12_SAS,resid_apps_electr,final,2060,year,54.9896242,GWa
R12_SAS,resid_apps_electr,final,2070,year,61.82960217,GWa
R12_SAS,resid_apps_electr,final,2080,year,67.99452813,GWa
R12_SAS,resid_apps_electr,final,2090,year,73.66982685,GWa
R12_SAS,resid_apps_electr,final,2100,year,78.6925194,GWa
R12_SAS,resid_cook_electr,final,2020,year,1.409977702,GWa
R12_SAS,resid_cook_electr,final,2025,year,3.600165587,GWa
R12_SAS,resid_cook_electr,final,2030,year,5.087786334,GWa
R12_SAS,resid_cook_electr,final,2035,year,7.999759566,GWa
R12_SAS,resid_cook_electr,final,2040,year,10.9117328,GWa
R12_SAS,resid_cook_electr,final,2045,year,18.26886722,GWa
R12_SAS,resid_cook_electr,final,2050,year,25.62600164,GWa
R12_SAS,resid_cook_electr,final,2055,year,29.96759022,GWa
R12_SAS,resid_cook_electr,final,2060,year,34.30917881,GWa
R12_SAS,resid_cook_electr,final,2070,year,36.55290604,GWa
R12_SAS,resid_cook_electr,final,2080,year,37.06466822,GWa
R12_SAS,resid_cook_electr,final,2090,year,35.90273276,GWa
R12_SAS,resid_cook_electr,final,2100,year,34.9463838,GWa
R12_SAS,resid_cook_biomass,final,2020,year,53.82302179,GWa
R12_SAS,resid_cook_non-comm,final,2020,year,29.42946934,GWa
R12_SAS,resid_cook_lightoil,final,2020,year,41.59076882,GWa
R12_SAS,resid_cook_biomass,final,2025,year,53.84290382,GWa
R12_SAS,resid_cook_non-comm,final,2025,year,27.18405224,GWa
R12_SAS,resid_cook_lightoil,final,2025,year,47.90691036,GWa
R12_SAS,resid_cook_biomass,final,2030,year,56.11380713,GWa
R12_SAS,resid_cook_non-comm,final,2030,year,25.78655424,GWa
R12_SAS,resid_cook_lightoil,final,2030,year,58.00568495,GWa
R12_SAS,resid_cook_biomass,final,2035,year,55.05267253,GWa
R12_SAS,resid_cook_non-comm,final,2035,year,22.87326914,GWa
R12_SAS,resid_cook_lightoil,final,2035,year,62.55183892,GWa
R12_SAS,resid_cook_biomass,final,2040,year,57.47329686,GWa
R12_SAS,resid_cook_non-comm,final,2040,year,21.2974616,GWa
R12_SAS,resid_cook_lightoil,final,2040,year,72.9700455,GWa
R12_SAS,resid_cook_biomass,final,2045,year,54.80411999,GWa
R12_SAS,resid_cook_non-comm,final,2045,year,19.74603066,GWa
R12_SAS,resid_cook_lightoil,final,2045,year,69.05124638,GWa
R12_SAS,resid_cook_biomass,final,2050,year,55.28874875,GWa
R12_SAS,resid_cook_non-comm,final,2050,year,19.42794255,GWa
R12_SAS,resid_cook_lightoil,final,2050,year,70.41176468,GWa
R12_SAS,resid_cook_biomass,final,2055,year,57.20009558,GWa
R12_SAS,resid_cook_non-comm,final,2055,year,16.97997473,GWa
R12_SAS,resid_cook_lightoil,final,2055,year,72.5273584,GWa
R12_SAS,resid_cook_biomass,final,2060,year,59.9636999,GWa
R12_SAS,resid_cook_non-comm,final,2060,year,14.89448464,GWa
R12_SAS,resid_cook_lightoil,final,2060,year,76.04036058,GWa
R12_SAS,resid_cook_biomass,final,2070,year,62.15765233,GWa
R12_SAS,resid_cook_non-comm,final,2070,year,11.04075039,GWa
R12_SAS,resid_cook_lightoil,final,2070,year,93.47718252,GWa
R12_SAS,resid_cook_biomass,final,2080,year,64.02977659,GWa
R12_SAS,resid_cook_non-comm,final,2080,year,8.836341161,GWa
R12_SAS,resid_cook_lightoil,final,2080,year,104.4617146,GWa
R12_SAS,resid_cook_biomass,final,2090,year,54.59553134,GWa
R12_SAS,resid_cook_non-comm,final,2090,year,7.577730651,GWa
R12_SAS,resid_cook_lightoil,final,2090,year,111.9520408,GWa
R12_SAS,resid_cook_biomass,final,2100,year,51.39506706,GWa
R12_SAS,resid_cook_non-comm,final,2100,year,7.359825662,GWa
R12_SAS,resid_cook_lightoil,final,2100,year,116.2393992,GWa
R12_WEU,resid_apps_electr,final,2020,year,60.20898722,GWa
R12_WEU,resid_apps_electr,final,2025,year,59.85959862,GWa
R12_WEU,resid_apps_electr,final,2030,year,59.51021002,GWa
R12_WEU,resid_apps_electr,final,2035,year,58.56646592,GWa
R12_WEU,resid_apps_electr,final,2040,year,57.62272183,GWa
R12_WEU,resid_apps_electr,final,2045,year,57.20966376,GWa
R12_WEU,resid_apps_electr,final,2050,year,56.79660569,GWa
R12_WEU,resid_apps_electr,final,2055,year,56.93473297,GWa
R12_WEU,resid_apps_electr,final,2060,year,57.07286026,GWa
R12_WEU,resid_apps_electr,final,2070,year,58.71112781,GWa
R12_WEU,resid_apps_electr,final,2080,year,60.32649448,GWa
R12_WEU,resid_apps_electr,final,2090,year,60.33667047,GWa
R12_WEU,resid_apps_electr,final,2100,year,60.28440637,GWa
R12_WEU,resid_cook_electr,final,2020,year,2.811444263,GWa
R12_WEU,resid_cook_electr,final,2025,year,2.804038737,GWa
R12_WEU,resid_cook_electr,final,2030,year,2.796633212,GWa
R12_WEU,resid_cook_electr,final,2035,year,2.725635062,GWa
R12_WEU,resid_cook_electr,final,2040,year,2.654636912,GWa
R12_WEU,resid_cook_electr,final,2045,year,2.626691771,GWa
R12_WEU,resid_cook_electr,final,2050,year,2.59874663,GWa
R12_WEU,resid_cook_electr,final,2055,year,2.607301221,GWa
R12_WEU,resid_cook_electr,final,2060,year,2.615855813,GWa
R12_WEU,resid_cook_electr,final,2070,year,2.75575707,GWa
R12_WEU,resid_cook_electr,final,2080,year,2.905459688,GWa
R12_WEU,resid_cook_electr,final,2090,year,2.90884175,GWa
R12_WEU,resid_cook_electr,final,2100,year,2.918301857,GWa
R12_WEU,resid_cook_biomass,final,2020,year,15.30683828,GWa
R12_WEU,resid_cook_non-comm,final,2020,year,0.319960972,GWa
R12_WEU,resid_cook_lightoil,final,2020,year,12.35448113,GWa
R12_WEU,resid_cook_biomass,final,2025,year,15.33564626,GWa
R12_WEU,resid_cook_non-comm,final,2025,year,0.284433717,GWa
R12_WEU,resid_cook_lightoil,final,2025,year,11.448521,GWa
R12_WEU,resid_cook_biomass,final,2030,year,14.49746412,GWa
R12_WEU,resid_cook_non-comm,final,2030,year,0.216889745,GWa
R12_WEU,resid_cook_lightoil,final,2030,year,10.83300729,GWa
R12_WEU,resid_cook_biomass,final,2035,year,13.64298512,GWa
R12_WEU,resid_cook_non-comm,final,2035,year,0.140094942,GWa
R12_WEU,resid_cook_lightoil,final,2035,year,11.20439501,GWa
R12_WEU,resid_cook_biomass,final,2040,year,11.55581031,GWa
R12_WEU,resid_cook_non-comm,final,2040,year,0.017221152,GWa
R12_WEU,resid_cook_lightoil,final,2040,year,12.14347684,GWa
R12_WEU,resid_cook_biomass,final,2045,year,11.11822592,GWa
R12_WEU,resid_cook_non-comm,final,2045,year,0.020638446,GWa
R12_WEU,resid_cook_lightoil,final,2045,year,11.2317872,GWa
R12_WEU,resid_cook_biomass,final,2050,year,9.742354697,GWa
R12_WEU,resid_cook_non-comm,final,2050,year,0.012385251,GWa
R12_WEU,resid_cook_lightoil,final,2050,year,10.84107705,GWa
R12_WEU,resid_cook_biomass,final,2055,year,8.265557365,GWa
R12_WEU,resid_cook_non-comm,final,2055,year,0.012569829,GWa
R12_WEU,resid_cook_lightoil,final,2055,year,9.903240369,GWa
R12_WEU,resid_cook_biomass,final,2060,year,6.737504789,GWa
R12_WEU,resid_cook_non-comm,final,2060,year,0.012754407,GWa
R12_WEU,resid_cook_lightoil,final,2060,year,9.153539154,GWa
R12_WEU,resid_cook_biomass,final,2070,year,5.532201034,GWa
R12_WEU,resid_cook_non-comm,final,2070,year,0.011449447,GWa
R12_WEU,resid_cook_lightoil,final,2070,year,9.938554841,GWa
R12_WEU,resid_cook_biomass,final,2080,year,2.93382762,GWa
R12_WEU,resid_cook_non-comm,final,2080,year,0.010637007,GWa
R12_WEU,resid_cook_lightoil,final,2080,year,8.862104195,GWa
R12_WEU,resid_cook_biomass,final,2090,year,0.632422094,GWa
R12_WEU,resid_cook_non-comm,final,2090,year,0.00890251,GWa
R12_WEU,resid_cook_lightoil,final,2090,year,8.414471992,GWa
R12_WEU,resid_cook_biomass,final,2100,year,0.597583781,GWa
R12_WEU,resid_cook_non-comm,final,2100,year,0.007774342,GWa
R12_WEU,resid_cook_lightoil,final,2100,year,8.249029366,GWa
R12_AFR,resids_apps_gas,final,2020,year,0.064340615,GWa
R12_AFR,resids_apps_gas,final,2025,year,0.079104765,GWa
R12_AFR,resids_apps_gas,final,2030,year,0.102092684,GWa
R12_AFR,resids_apps_gas,final,2035,year,0.096652933,GWa
R12_AFR,resids_apps_gas,final,2040,year,0.108822558,GWa
R12_AFR,resids_apps_gas,final,2045,year,0.141390348,GWa
R12_AFR,resids_apps_gas,final,2050,year,0.152033493,GWa
R12_AFR,resids_apps_gas,final,2055,year,0.174830487,GWa
R12_AFR,resids_apps_gas,final,2060,year,0.192854033,GWa
R12_AFR,resids_apps_gas,final,2070,year,0.23390228,GWa
R12_AFR,resids_apps_gas,final,2080,year,0.292883601,GWa
R12_AFR,resids_apps_gas,final,2090,year,0.356618686,GWa
R12_AFR,resids_apps_gas,final,2100,year,0.456411098,GWa
R12_CHN,resids_apps_gas,final,2020,year,10.70770388,GWa
R12_CHN,resids_apps_gas,final,2025,year,10.61399561,GWa
R12_CHN,resids_apps_gas,final,2030,year,10.48070031,GWa
R12_CHN,resids_apps_gas,final,2035,year,10.41819593,GWa
R12_CHN,resids_apps_gas,final,2040,year,10.44691082,GWa
R12_CHN,resids_apps_gas,final,2045,year,10.21365956,GWa
R12_CHN,resids_apps_gas,final,2050,year,10.23029007,GWa
R12_CHN,resids_apps_gas,final,2055,year,9.981576517,GWa
R12_CHN,resids_apps_gas,final,2060,year,9.641206035,GWa
R12_CHN,resids_apps_gas,final,2070,year,9.142537743,GWa
R12_CHN,resids_apps_gas,final,2080,year,8.667829533,GWa
R12_CHN,resids_apps_gas,final,2090,year,7.845528645,GWa
R12_CHN,resids_apps_gas,final,2100,year,7.289517028,GWa
R12_EEU,resids_apps_gas,final,2020,year,1.06305033,GWa
R12_EEU,resids_apps_gas,final,2025,year,0.962925593,GWa
R12_EEU,resids_apps_gas,final,2030,year,0.858770991,GWa
R12_EEU,resids_apps_gas,final,2035,year,0.780690362,GWa
R12_EEU,resids_apps_gas,final,2040,year,0.707096626,GWa
R12_EEU,resids_apps_gas,final,2045,year,0.668269586,GWa
R12_EEU,resids_apps_gas,final,2050,year,0.604120806,GWa
R12_EEU,resids_apps_gas,final,2055,year,0.558948621,GWa
R12_EEU,resids_apps_gas,final,2060,year,0.517953711,GWa
R12_EEU,resids_apps_gas,final,2070,year,0.399812758,GWa
R12_EEU,resids_apps_gas,final,2080,year,0.31810408,GWa
R12_EEU,resids_apps_gas,final,2090,year,0.248095408,GWa
R12_EEU,resids_apps_gas,final,2100,year,0.196471246,GWa
R12_FSU,resids_apps_gas,final,2020,year,3.527858104,GWa
R12_FSU,resids_apps_gas,final,2025,year,3.57819763,GWa
R12_FSU,resids_apps_gas,final,2030,year,3.675387376,GWa
R12_FSU,resids_apps_gas,final,2035,year,3.798119736,GWa
R12_FSU,resids_apps_gas,final,2040,year,3.910526948,GWa
R12_FSU,resids_apps_gas,final,2045,year,4.064219636,GWa
R12_FSU,resids_apps_gas,final,2050,year,4.179290026,GWa
R12_FSU,resids_apps_gas,final,2055,year,4.270535775,GWa
R12_FSU,resids_apps_gas,final,2060,year,4.373191772,GWa
R12_FSU,resids_apps_gas,final,2070,year,4.511381995,GWa
R12_FSU,resids_apps_gas,final,2080,year,4.566534757,GWa
R12_FSU,resids_apps_gas,final,2090,year,4.603174118,GWa
R12_FSU,resids_apps_gas,final,2100,year,4.583120198,GWa
R12_LAM,resids_apps_gas,final,2020,year,3.319060985,GWa
R12_LAM,resids_apps_gas,final,2025,year,3.557244546,GWa
R12_LAM,resids_apps_gas,final,2030,year,3.906643264,GWa
R12_LAM,resids_apps_gas,final,2035,year,4.18693267,GWa
R12_LAM,resids_apps_gas,final,2040,year,4.469885291,GWa
R12_LAM,resids_apps_gas,final,2045,year,4.712265515,GWa
R12_LAM,resids_apps_gas,final,2050,year,4.994902282,GWa
R12_LAM,resids_apps_gas,final,2055,year,5.262102722,GWa
R12_LAM,resids_apps_gas,final,2060,year,5.427410168,GWa
R12_LAM,resids_apps_gas,final,2070,year,5.73924427,GWa
R12_LAM,resids_apps_gas,final,2080,year,6.085591336,GWa
R12_LAM,resids_apps_gas,final,2090,year,6.208642897,GWa
R12_LAM,resids_apps_gas,final,2100,year,6.39734477,GWa
R12_MEA,resids_apps_gas,final,2020,year,3.921560771,GWa
R12_MEA,resids_apps_gas,final,2025,year,4.234418889,GWa
R12_MEA,resids_apps_gas,final,2030,year,4.658723721,GWa
R12_MEA,resids_apps_gas,final,2035,year,5.129752397,GWa
R12_MEA,resids_apps_gas,final,2040,year,5.702845354,GWa
R12_MEA,resids_apps_gas,final,2045,year,6.27521018,GWa
R12_MEA,resids_apps_gas,final,2050,year,6.904509568,GWa
R12_MEA,resids_apps_gas,final,2055,year,7.568346779,GWa
R12_MEA,resids_apps_gas,final,2060,year,8.156615929,GWa
R12_MEA,resids_apps_gas,final,2070,year,8.935846928,GWa
R12_MEA,resids_apps_gas,final,2080,year,9.560266432,GWa
R12_MEA,resids_apps_gas,final,2090,year,10.16119374,GWa
R12_MEA,resids_apps_gas,final,2100,year,10.70366997,GWa
R12_NAM,resids_apps_gas,final,2020,year,1.979383872,GWa
R12_NAM,resids_apps_gas,final,2025,year,1.996144393,GWa
R12_NAM,resids_apps_gas,final,2030,year,1.991688858,GWa
R12_NAM,resids_apps_gas,final,2035,year,2.018609927,GWa
R12_NAM,resids_apps_gas,final,2040,year,2.063331267,GWa
R12_NAM,resids_apps_gas,final,2045,year,2.112773976,GWa
R12_NAM,resids_apps_gas,final,2050,year,2.159733167,GWa
R12_NAM,resids_apps_gas,final,2055,year,2.197631589,GWa
R12_NAM,resids_apps_gas,final,2060,year,2.230776513,GWa
R12_NAM,resids_apps_gas,final,2070,year,2.262536125,GWa
R12_NAM,resids_apps_gas,final,2080,year,2.326565196,GWa
R12_NAM,resids_apps_gas,final,2090,year,2.325135461,GWa
R12_NAM,resids_apps_gas,final,2100,year,2.354232093,GWa
R12_PAO,resids_apps_gas,final,2020,year,1.712336535,GWa
R12_PAO,resids_apps_gas,final,2025,year,1.673626753,GWa
R12_PAO,resids_apps_gas,final,2030,year,1.645548667,GWa
R12_PAO,resids_apps_gas,final,2035,year,1.63363655,GWa
R12_PAO,resids_apps_gas,final,2040,year,1.648111634,GWa
R12_PAO,resids_apps_gas,final,2045,year,1.655981629,GWa
R12_PAO,resids_apps_gas,final,2050,year,1.65537589,GWa
R12_PAO,resids_apps_gas,final,2055,year,1.655522204,GWa
R12_PAO,resids_apps_gas,final,2060,year,1.647809081,GWa
R12_PAO,resids_apps_gas,final,2070,year,1.623042945,GWa
R12_PAO,resids_apps_gas,final,2080,year,1.581541471,GWa
R12_PAO,resids_apps_gas,final,2090,year,1.530337912,GWa
R12_PAO,resids_apps_gas,final,2100,year,1.483697822,GWa
R12_PAS,resids_apps_gas,final,2020,year,5.052457605,GWa
R12_PAS,resids_apps_gas,final,2025,year,5.523870258,GWa
R12_PAS,resids_apps_gas,final,2030,year,5.976432573,GWa
R12_PAS,resids_apps_gas,final,2035,year,6.495600919,GWa
R12_PAS,resids_apps_gas,final,2040,year,7.097344381,GWa
R12_PAS,resids_apps_gas,final,2045,year,7.665289442,GWa
R12_PAS,resids_apps_gas,final,2050,year,8.314487697,GWa
R12_PAS,resids_apps_gas,final,2055,year,8.988928473,GWa
R12_PAS,resids_apps_gas,final,2060,year,9.490226063,GWa
R12_PAS,resids_apps_gas,final,2070,year,9.898404623,GWa
R12_PAS,resids_apps_gas,final,2080,year,9.983492367,GWa
R12_PAS,resids_apps_gas,final,2090,year,9.76415443,GWa
R12_PAS,resids_apps_gas,final,2100,year,9.489409567,GWa
R12_RCPA,resids_apps_gas,final,2020,year,0.050859209,GWa
R12_RCPA,resids_apps_gas,final,2025,year,0.061207998,GWa
R12_RCPA,resids_apps_gas,final,2030,year,0.07226233,GWa
R12_RCPA,resids_apps_gas,final,2035,year,0.087561637,GWa
R12_RCPA,resids_apps_gas,final,2040,year,0.104781245,GWa
R12_RCPA,resids_apps_gas,final,2045,year,0.119781582,GWa
R12_RCPA,resids_apps_gas,final,2050,year,0.145139162,GWa
R12_RCPA,resids_apps_gas,final,2055,year,0.15994061,GWa
R12_RCPA,resids_apps_gas,final,2060,year,0.18376133,GWa
R12_RCPA,resids_apps_gas,final,2070,year,0.230002248,GWa
R12_RCPA,resids_apps_gas,final,2080,year,0.284174113,GWa
R12_RCPA,resids_apps_gas,final,2090,year,0.33166985,GWa
R12_RCPA,resids_apps_gas,final,2100,year,0.376952921,GWa
R12_SAS,resids_apps_gas,final,2020,year,3.441139945,GWa
R12_SAS,resids_apps_gas,final,2025,year,3.955874751,GWa
R12_SAS,resids_apps_gas,final,2030,year,4.607947258,GWa
R12_SAS,resids_apps_gas,final,2035,year,5.472543548,GWa
R12_SAS,resids_apps_gas,final,2040,year,6.308423674,GWa
R12_SAS,resids_apps_gas,final,2045,year,7.381455,GWa
R12_SAS,resids_apps_gas,final,2050,year,8.451608182,GWa
R12_SAS,resids_apps_gas,final,2055,year,9.509307144,GWa
R12_SAS,resids_apps_gas,final,2060,year,10.59484256,GWa
R12_SAS,resids_apps_gas,final,2070,year,13.15615062,GWa
R12_SAS,resids_apps_gas,final,2080,year,15.61058308,GWa
R12_SAS,resids_apps_gas,final,2090,year,18.0726571,GWa
R12_SAS,resids_apps_gas,final,2100,year,20.58120318,GWa
R12_WEU,resids_apps_gas,final,2020,year,3.707087333,GWa
R12_WEU,resids_apps_gas,final,2025,year,3.566262317,GWa
R12_WEU,resids_apps_gas,final,2030,year,3.457432755,GWa
R12_WEU,resids_apps_gas,final,2035,year,3.462324054,GWa
R12_WEU,resids_apps_gas,final,2040,year,3.408275425,GWa
R12_WEU,resids_apps_gas,final,2045,year,3.380550452,GWa
R12_WEU,resids_apps_gas,final,2050,year,3.387852298,GWa
R12_WEU,resids_apps_gas,final,2055,year,3.361808397,GWa
R12_WEU,resids_apps_gas,final,2060,year,3.287389983,GWa
R12_WEU,resids_apps_gas,final,2070,year,3.170877468,GWa
R12_WEU,resids_apps_gas,final,2080,year,3.090901888,GWa
R12_WEU,resids_apps_gas,final,2090,year,2.965674191,GWa
R12_WEU,resids_apps_gas,final,2100,year,2.769822263,GWa
