region_bld,mat,arch,bld_age,parameter,value
C-EEU-BGR,perm,ABL,p1,scale,157.7884697180439
C-EEU-BGR,perm,MFH,p1,scale,157.7884697180439
C-EEU-BGR,perm,SFH,p1,scale,157.7884697180439
C-EEU-BGR,perm,ABL,p1,shape,2.5
C-EEU-BGR,perm,MFH,p1,shape,2.5
C-EEU-BGR,perm,SFH,p1,shape,2.5
C-EEU-BGR,perm,ABL,p2,scale,133.51332053065252
C-EEU-BGR,perm,MFH,p2,scale,133.51332053065252
C-EEU-BGR,perm,SFH,p2,scale,133.51332053065252
C-EEU-BGR,perm,ABL,p2,shape,2.5
C-EEU-BGR,perm,MFH,p2,shape,2.5
C-EEU-BGR,perm,SFH,p2,shape,2.5
C-EEU-BGR,perm,ABL,p3,scale,133.51332053065252
C-EEU-BGR,perm,MFH,p3,scale,133.51332053065252
C-EEU-BGR,perm,SFH,p3,scale,133.51332053065252
C-EEU-BGR,perm,ABL,p3,shape,2.5
C-EEU-BGR,perm,MFH,p3,shape,2.5
C-EEU-BGR,perm,SFH,p3,shape,2.5
C-EEU-BGR,perm,ABL,p4,scale,133.51332053065252
C-EEU-BGR,perm,MFH,p4,scale,133.51332053065252
C-EEU-BGR,perm,SFH,p4,scale,133.51332053065252
C-EEU-BGR,perm,ABL,p4,shape,2.5
C-EEU-BGR,perm,MFH,p4,shape,2.5
C-EEU-BGR,perm,SFH,p4,shape,2.5
C-EEU-BGR,perm,ABL,p5,scale,133.51332053065252
C-EEU-BGR,perm,MFH,p5,scale,133.51332053065252
C-EEU-BGR,perm,SFH,p5,scale,133.51332053065252
C-EEU-BGR,perm,ABL,p5,shape,2.5
C-EEU-BGR,perm,MFH,p5,shape,2.5
C-EEU-BGR,perm,SFH,p5,shape,2.5
C-EEU-BGR,perm,ABL,p6,scale,133.51332053065252
C-EEU-BGR,perm,MFH,p6,scale,133.51332053065252
C-EEU-BGR,perm,SFH,p6,scale,133.51332053065252
C-EEU-BGR,perm,ABL,p6,shape,2.5
C-EEU-BGR,perm,MFH,p6,shape,2.5
C-EEU-BGR,perm,SFH,p6,shape,2.5
C-EEU-BGR,perm,ABL,p7,scale,133.51332053065252
C-EEU-BGR,perm,MFH,p7,scale,133.51332053065252
C-EEU-BGR,perm,SFH,p7,scale,133.51332053065252
C-EEU-BGR,perm,ABL,p7,shape,2.5
C-EEU-BGR,perm,MFH,p7,shape,2.5
C-EEU-BGR,perm,SFH,p7,shape,2.5
C-EEU-BGR,perm,ABL,p8,scale,133.51332053065252
C-EEU-BGR,perm,MFH,p8,scale,133.51332053065252
C-EEU-BGR,perm,SFH,p8,scale,133.51332053065252
C-EEU-BGR,perm,ABL,p8,shape,2.5
C-EEU-BGR,perm,MFH,p8,shape,2.5
C-EEU-BGR,perm,SFH,p8,shape,2.5
C-EEU-BGR,perm,ABL,p9,scale,133.51332053065252
C-EEU-BGR,perm,MFH,p9,scale,133.51332053065252
C-EEU-BGR,perm,SFH,p9,scale,133.51332053065252
C-EEU-BGR,perm,ABL,p9,shape,2.5
C-EEU-BGR,perm,MFH,p9,shape,2.5
C-EEU-BGR,perm,SFH,p9,shape,2.5
C-EEU-CZE,perm,ABL,p1,scale,157.7884697180439
C-EEU-CZE,perm,MFH,p1,scale,157.7884697180439
C-EEU-CZE,perm,SFH,p1,scale,157.7884697180439
C-EEU-CZE,perm,ABL,p1,shape,2.5
C-EEU-CZE,perm,MFH,p1,shape,2.5
C-EEU-CZE,perm,SFH,p1,shape,2.5
C-EEU-CZE,perm,ABL,p2,scale,135.24725975832334
C-EEU-CZE,perm,MFH,p2,scale,135.24725975832334
C-EEU-CZE,perm,SFH,p2,scale,135.24725975832334
C-EEU-CZE,perm,ABL,p2,shape,2.5
C-EEU-CZE,perm,MFH,p2,shape,2.5
C-EEU-CZE,perm,SFH,p2,shape,2.5
C-EEU-CZE,perm,ABL,p3,scale,135.24725975832334
C-EEU-CZE,perm,MFH,p3,scale,135.24725975832334
C-EEU-CZE,perm,SFH,p3,scale,135.24725975832334
C-EEU-CZE,perm,ABL,p3,shape,2.5
C-EEU-CZE,perm,MFH,p3,shape,2.5
C-EEU-CZE,perm,SFH,p3,shape,2.5
C-EEU-CZE,perm,ABL,p4,scale,135.24725975832334
C-EEU-CZE,perm,MFH,p4,scale,135.24725975832334
C-EEU-CZE,perm,SFH,p4,scale,135.24725975832334
C-EEU-CZE,perm,ABL,p4,shape,2.5
C-EEU-CZE,perm,MFH,p4,shape,2.5
C-EEU-CZE,perm,SFH,p4,shape,2.5
C-EEU-CZE,perm,ABL,p5,scale,135.24725975832334
C-EEU-CZE,perm,MFH,p5,scale,135.24725975832334
C-EEU-CZE,perm,SFH,p5,scale,135.24725975832334
C-EEU-CZE,perm,ABL,p5,shape,2.5
C-EEU-CZE,perm,MFH,p5,shape,2.5
C-EEU-CZE,perm,SFH,p5,shape,2.5
C-EEU-CZE,perm,ABL,p6,scale,135.24725975832334
C-EEU-CZE,perm,MFH,p6,scale,135.24725975832334
C-EEU-CZE,perm,SFH,p6,scale,135.24725975832334
C-EEU-CZE,perm,ABL,p6,shape,2.5
C-EEU-CZE,perm,MFH,p6,shape,2.5
C-EEU-CZE,perm,SFH,p6,shape,2.5
C-EEU-CZE,perm,ABL,p7,scale,135.24725975832334
C-EEU-CZE,perm,MFH,p7,scale,135.24725975832334
C-EEU-CZE,perm,SFH,p7,scale,135.24725975832334
C-EEU-CZE,perm,ABL,p7,shape,2.5
C-EEU-CZE,perm,MFH,p7,shape,2.5
C-EEU-CZE,perm,SFH,p7,shape,2.5
C-EEU-CZE,perm,ABL,p8,scale,135.24725975832334
C-EEU-CZE,perm,MFH,p8,scale,135.24725975832334
C-EEU-CZE,perm,SFH,p8,scale,135.24725975832334
C-EEU-CZE,perm,ABL,p8,shape,2.5
C-EEU-CZE,perm,MFH,p8,shape,2.5
C-EEU-CZE,perm,SFH,p8,shape,2.5
C-EEU-CZE,perm,ABL,p9,scale,135.24725975832334
C-EEU-CZE,perm,MFH,p9,scale,135.24725975832334
C-EEU-CZE,perm,SFH,p9,scale,135.24725975832334
C-EEU-CZE,perm,ABL,p9,shape,2.5
C-EEU-CZE,perm,MFH,p9,shape,2.5
C-EEU-CZE,perm,SFH,p9,shape,2.5
C-EEU-EST,perm,ABL,p1,scale,157.7884697180439
C-EEU-EST,perm,MFH,p1,scale,157.7884697180439
C-EEU-EST,perm,SFH,p1,scale,157.7884697180439
C-EEU-EST,perm,ABL,p1,shape,2.5
C-EEU-EST,perm,MFH,p1,shape,2.5
C-EEU-EST,perm,SFH,p1,shape,2.5
C-EEU-EST,perm,ABL,p2,scale,133.51332053065252
C-EEU-EST,perm,MFH,p2,scale,133.51332053065252
C-EEU-EST,perm,SFH,p2,scale,133.51332053065252
C-EEU-EST,perm,ABL,p2,shape,2.5
C-EEU-EST,perm,MFH,p2,shape,2.5
C-EEU-EST,perm,SFH,p2,shape,2.5
C-EEU-EST,perm,ABL,p3,scale,133.51332053065252
C-EEU-EST,perm,MFH,p3,scale,133.51332053065252
C-EEU-EST,perm,SFH,p3,scale,133.51332053065252
C-EEU-EST,perm,ABL,p3,shape,2.5
C-EEU-EST,perm,MFH,p3,shape,2.5
C-EEU-EST,perm,SFH,p3,shape,2.5
C-EEU-EST,perm,ABL,p4,scale,133.51332053065252
C-EEU-EST,perm,MFH,p4,scale,133.51332053065252
C-EEU-EST,perm,SFH,p4,scale,133.51332053065252
C-EEU-EST,perm,ABL,p4,shape,2.5
C-EEU-EST,perm,MFH,p4,shape,2.5
C-EEU-EST,perm,SFH,p4,shape,2.5
C-EEU-EST,perm,ABL,p5,scale,133.51332053065252
C-EEU-EST,perm,MFH,p5,scale,133.51332053065252
C-EEU-EST,perm,SFH,p5,scale,133.51332053065252
C-EEU-EST,perm,ABL,p5,shape,2.5
C-EEU-EST,perm,MFH,p5,shape,2.5
C-EEU-EST,perm,SFH,p5,shape,2.5
C-EEU-EST,perm,ABL,p6,scale,133.51332053065252
C-EEU-EST,perm,MFH,p6,scale,133.51332053065252
C-EEU-EST,perm,SFH,p6,scale,133.51332053065252
C-EEU-EST,perm,ABL,p6,shape,2.5
C-EEU-EST,perm,MFH,p6,shape,2.5
C-EEU-EST,perm,SFH,p6,shape,2.5
C-EEU-EST,perm,ABL,p7,scale,133.51332053065252
C-EEU-EST,perm,MFH,p7,scale,133.51332053065252
C-EEU-EST,perm,SFH,p7,scale,133.51332053065252
C-EEU-EST,perm,ABL,p7,shape,2.5
C-EEU-EST,perm,MFH,p7,shape,2.5
C-EEU-EST,perm,SFH,p7,shape,2.5
C-EEU-EST,perm,ABL,p8,scale,133.51332053065252
C-EEU-EST,perm,MFH,p8,scale,133.51332053065252
C-EEU-EST,perm,SFH,p8,scale,133.51332053065252
C-EEU-EST,perm,ABL,p8,shape,2.5
C-EEU-EST,perm,MFH,p8,shape,2.5
C-EEU-EST,perm,SFH,p8,shape,2.5
C-EEU-EST,perm,ABL,p9,scale,133.51332053065252
C-EEU-EST,perm,MFH,p9,scale,133.51332053065252
C-EEU-EST,perm,SFH,p9,scale,133.51332053065252
C-EEU-EST,perm,ABL,p9,shape,2.5
C-EEU-EST,perm,MFH,p9,shape,2.5
C-EEU-EST,perm,SFH,p9,shape,2.5
C-EEU-HRV,perm,ABL,p1,scale,156.89276808914664
C-EEU-HRV,perm,MFH,p1,scale,156.89276808914664
C-EEU-HRV,perm,SFH,p1,scale,156.89276808914664
C-EEU-HRV,perm,ABL,p1,shape,2.95
C-EEU-HRV,perm,MFH,p1,shape,2.95
C-EEU-HRV,perm,SFH,p1,shape,2.95
C-EEU-HRV,perm,ABL,p2,scale,132.75541915235485
C-EEU-HRV,perm,MFH,p2,scale,132.75541915235485
C-EEU-HRV,perm,SFH,p2,scale,132.75541915235485
C-EEU-HRV,perm,ABL,p2,shape,2.95
C-EEU-HRV,perm,MFH,p2,shape,2.95
C-EEU-HRV,perm,SFH,p2,shape,2.95
C-EEU-HRV,perm,ABL,p3,scale,132.75541915235485
C-EEU-HRV,perm,MFH,p3,scale,132.75541915235485
C-EEU-HRV,perm,SFH,p3,scale,132.75541915235485
C-EEU-HRV,perm,ABL,p3,shape,2.95
C-EEU-HRV,perm,MFH,p3,shape,2.95
C-EEU-HRV,perm,SFH,p3,shape,2.95
C-EEU-HRV,perm,ABL,p4,scale,132.75541915235485
C-EEU-HRV,perm,MFH,p4,scale,132.75541915235485
C-EEU-HRV,perm,SFH,p4,scale,132.75541915235485
C-EEU-HRV,perm,ABL,p4,shape,2.95
C-EEU-HRV,perm,MFH,p4,shape,2.95
C-EEU-HRV,perm,SFH,p4,shape,2.95
C-EEU-HRV,perm,ABL,p5,scale,132.75541915235485
C-EEU-HRV,perm,MFH,p5,scale,132.75541915235485
C-EEU-HRV,perm,SFH,p5,scale,132.75541915235485
C-EEU-HRV,perm,ABL,p5,shape,2.95
C-EEU-HRV,perm,MFH,p5,shape,2.95
C-EEU-HRV,perm,SFH,p5,shape,2.95
C-EEU-HRV,perm,ABL,p6,scale,132.75541915235485
C-EEU-HRV,perm,MFH,p6,scale,132.75541915235485
C-EEU-HRV,perm,SFH,p6,scale,132.75541915235485
C-EEU-HRV,perm,ABL,p6,shape,2.95
C-EEU-HRV,perm,MFH,p6,shape,2.95
C-EEU-HRV,perm,SFH,p6,shape,2.95
C-EEU-HRV,perm,ABL,p7,scale,132.75541915235485
C-EEU-HRV,perm,MFH,p7,scale,132.75541915235485
C-EEU-HRV,perm,SFH,p7,scale,132.75541915235485
C-EEU-HRV,perm,ABL,p7,shape,2.95
C-EEU-HRV,perm,MFH,p7,shape,2.95
C-EEU-HRV,perm,SFH,p7,shape,2.95
C-EEU-HRV,perm,ABL,p8,scale,132.75541915235485
C-EEU-HRV,perm,MFH,p8,scale,132.75541915235485
C-EEU-HRV,perm,SFH,p8,scale,132.75541915235485
C-EEU-HRV,perm,ABL,p8,shape,2.95
C-EEU-HRV,perm,MFH,p8,shape,2.95
C-EEU-HRV,perm,SFH,p8,shape,2.95
C-EEU-HRV,perm,ABL,p9,scale,132.75541915235485
C-EEU-HRV,perm,MFH,p9,scale,132.75541915235485
C-EEU-HRV,perm,SFH,p9,scale,132.75541915235485
C-EEU-HRV,perm,ABL,p9,shape,2.95
C-EEU-HRV,perm,MFH,p9,shape,2.95
C-EEU-HRV,perm,SFH,p9,shape,2.95
C-EEU-HUN,perm,ABL,p1,scale,157.7884697180439
C-EEU-HUN,perm,MFH,p1,scale,157.7884697180439
C-EEU-HUN,perm,SFH,p1,scale,157.7884697180439
C-EEU-HUN,perm,ABL,p1,shape,2.5
C-EEU-HUN,perm,MFH,p1,shape,2.5
C-EEU-HUN,perm,SFH,p1,shape,2.5
C-EEU-HUN,perm,ABL,p2,scale,140.8825622482535
C-EEU-HUN,perm,MFH,p2,scale,140.8825622482535
C-EEU-HUN,perm,SFH,p2,scale,140.8825622482535
C-EEU-HUN,perm,ABL,p2,shape,2.5
C-EEU-HUN,perm,MFH,p2,shape,2.5
C-EEU-HUN,perm,SFH,p2,shape,2.5
C-EEU-HUN,perm,ABL,p3,scale,140.8825622482535
C-EEU-HUN,perm,MFH,p3,scale,140.8825622482535
C-EEU-HUN,perm,SFH,p3,scale,140.8825622482535
C-EEU-HUN,perm,ABL,p3,shape,2.5
C-EEU-HUN,perm,MFH,p3,shape,2.5
C-EEU-HUN,perm,SFH,p3,shape,2.5
C-EEU-HUN,perm,ABL,p4,scale,140.8825622482535
C-EEU-HUN,perm,MFH,p4,scale,140.8825622482535
C-EEU-HUN,perm,SFH,p4,scale,140.8825622482535
C-EEU-HUN,perm,ABL,p4,shape,2.5
C-EEU-HUN,perm,MFH,p4,shape,2.5
C-EEU-HUN,perm,SFH,p4,shape,2.5
C-EEU-HUN,perm,ABL,p5,scale,140.8825622482535
C-EEU-HUN,perm,MFH,p5,scale,140.8825622482535
C-EEU-HUN,perm,SFH,p5,scale,140.8825622482535
C-EEU-HUN,perm,ABL,p5,shape,2.5
C-EEU-HUN,perm,MFH,p5,shape,2.5
C-EEU-HUN,perm,SFH,p5,shape,2.5
C-EEU-HUN,perm,ABL,p6,scale,140.8825622482535
C-EEU-HUN,perm,MFH,p6,scale,140.8825622482535
C-EEU-HUN,perm,SFH,p6,scale,140.8825622482535
C-EEU-HUN,perm,ABL,p6,shape,2.5
C-EEU-HUN,perm,MFH,p6,shape,2.5
C-EEU-HUN,perm,SFH,p6,shape,2.5
C-EEU-HUN,perm,ABL,p7,scale,140.8825622482535
C-EEU-HUN,perm,MFH,p7,scale,140.8825622482535
C-EEU-HUN,perm,SFH,p7,scale,140.8825622482535
C-EEU-HUN,perm,ABL,p7,shape,2.5
C-EEU-HUN,perm,MFH,p7,shape,2.5
C-EEU-HUN,perm,SFH,p7,shape,2.5
C-EEU-HUN,perm,ABL,p8,scale,140.8825622482535
C-EEU-HUN,perm,MFH,p8,scale,140.8825622482535
C-EEU-HUN,perm,SFH,p8,scale,140.8825622482535
C-EEU-HUN,perm,ABL,p8,shape,2.5
C-EEU-HUN,perm,MFH,p8,shape,2.5
C-EEU-HUN,perm,SFH,p8,shape,2.5
C-EEU-HUN,perm,ABL,p9,scale,140.8825622482535
C-EEU-HUN,perm,MFH,p9,scale,140.8825622482535
C-EEU-HUN,perm,SFH,p9,scale,140.8825622482535
C-EEU-HUN,perm,ABL,p9,shape,2.5
C-EEU-HUN,perm,MFH,p9,shape,2.5
C-EEU-HUN,perm,SFH,p9,shape,2.5
C-EEU-LTU,perm,ABL,p1,scale,157.7884697180439
C-EEU-LTU,perm,MFH,p1,scale,157.7884697180439
C-EEU-LTU,perm,SFH,p1,scale,157.7884697180439
C-EEU-LTU,perm,ABL,p1,shape,2.5
C-EEU-LTU,perm,MFH,p1,shape,2.5
C-EEU-LTU,perm,SFH,p1,shape,2.5
C-EEU-LTU,perm,ABL,p2,scale,133.51332053065252
C-EEU-LTU,perm,MFH,p2,scale,133.51332053065252
C-EEU-LTU,perm,SFH,p2,scale,133.51332053065252
C-EEU-LTU,perm,ABL,p2,shape,2.5
C-EEU-LTU,perm,MFH,p2,shape,2.5
C-EEU-LTU,perm,SFH,p2,shape,2.5
C-EEU-LTU,perm,ABL,p3,scale,133.51332053065252
C-EEU-LTU,perm,MFH,p3,scale,133.51332053065252
C-EEU-LTU,perm,SFH,p3,scale,133.51332053065252
C-EEU-LTU,perm,ABL,p3,shape,2.5
C-EEU-LTU,perm,MFH,p3,shape,2.5
C-EEU-LTU,perm,SFH,p3,shape,2.5
C-EEU-LTU,perm,ABL,p4,scale,133.51332053065252
C-EEU-LTU,perm,MFH,p4,scale,133.51332053065252
C-EEU-LTU,perm,SFH,p4,scale,133.51332053065252
C-EEU-LTU,perm,ABL,p4,shape,2.5
C-EEU-LTU,perm,MFH,p4,shape,2.5
C-EEU-LTU,perm,SFH,p4,shape,2.5
C-EEU-LTU,perm,ABL,p5,scale,133.51332053065252
C-EEU-LTU,perm,MFH,p5,scale,133.51332053065252
C-EEU-LTU,perm,SFH,p5,scale,133.51332053065252
C-EEU-LTU,perm,ABL,p5,shape,2.5
C-EEU-LTU,perm,MFH,p5,shape,2.5
C-EEU-LTU,perm,SFH,p5,shape,2.5
C-EEU-LTU,perm,ABL,p6,scale,133.51332053065252
C-EEU-LTU,perm,MFH,p6,scale,133.51332053065252
C-EEU-LTU,perm,SFH,p6,scale,133.51332053065252
C-EEU-LTU,perm,ABL,p6,shape,2.5
C-EEU-LTU,perm,MFH,p6,shape,2.5
C-EEU-LTU,perm,SFH,p6,shape,2.5
C-EEU-LTU,perm,ABL,p7,scale,133.51332053065252
C-EEU-LTU,perm,MFH,p7,scale,133.51332053065252
C-EEU-LTU,perm,SFH,p7,scale,133.51332053065252
C-EEU-LTU,perm,ABL,p7,shape,2.5
C-EEU-LTU,perm,MFH,p7,shape,2.5
C-EEU-LTU,perm,SFH,p7,shape,2.5
C-EEU-LTU,perm,ABL,p8,scale,133.51332053065252
C-EEU-LTU,perm,MFH,p8,scale,133.51332053065252
C-EEU-LTU,perm,SFH,p8,scale,133.51332053065252
C-EEU-LTU,perm,ABL,p8,shape,2.5
C-EEU-LTU,perm,MFH,p8,shape,2.5
C-EEU-LTU,perm,SFH,p8,shape,2.5
C-EEU-LTU,perm,ABL,p9,scale,133.51332053065252
C-EEU-LTU,perm,MFH,p9,scale,133.51332053065252
C-EEU-LTU,perm,SFH,p9,scale,133.51332053065252
C-EEU-LTU,perm,ABL,p9,shape,2.5
C-EEU-LTU,perm,MFH,p9,shape,2.5
C-EEU-LTU,perm,SFH,p9,shape,2.5
C-EEU-LVA,perm,ABL,p1,scale,157.7884697180439
C-EEU-LVA,perm,MFH,p1,scale,157.7884697180439
C-EEU-LVA,perm,SFH,p1,scale,157.7884697180439
C-EEU-LVA,perm,ABL,p1,shape,2.5
C-EEU-LVA,perm,MFH,p1,shape,2.5
C-EEU-LVA,perm,SFH,p1,shape,2.5
C-EEU-LVA,perm,ABL,p2,scale,133.51332053065252
C-EEU-LVA,perm,MFH,p2,scale,133.51332053065252
C-EEU-LVA,perm,SFH,p2,scale,133.51332053065252
C-EEU-LVA,perm,ABL,p2,shape,2.5
C-EEU-LVA,perm,MFH,p2,shape,2.5
C-EEU-LVA,perm,SFH,p2,shape,2.5
C-EEU-LVA,perm,ABL,p3,scale,133.51332053065252
C-EEU-LVA,perm,MFH,p3,scale,133.51332053065252
C-EEU-LVA,perm,SFH,p3,scale,133.51332053065252
C-EEU-LVA,perm,ABL,p3,shape,2.5
C-EEU-LVA,perm,MFH,p3,shape,2.5
C-EEU-LVA,perm,SFH,p3,shape,2.5
C-EEU-LVA,perm,ABL,p4,scale,133.51332053065252
C-EEU-LVA,perm,MFH,p4,scale,133.51332053065252
C-EEU-LVA,perm,SFH,p4,scale,133.51332053065252
C-EEU-LVA,perm,ABL,p4,shape,2.5
C-EEU-LVA,perm,MFH,p4,shape,2.5
C-EEU-LVA,perm,SFH,p4,shape,2.5
C-EEU-LVA,perm,ABL,p5,scale,133.51332053065252
C-EEU-LVA,perm,MFH,p5,scale,133.51332053065252
C-EEU-LVA,perm,SFH,p5,scale,133.51332053065252
C-EEU-LVA,perm,ABL,p5,shape,2.5
C-EEU-LVA,perm,MFH,p5,shape,2.5
C-EEU-LVA,perm,SFH,p5,shape,2.5
C-EEU-LVA,perm,ABL,p6,scale,133.51332053065252
C-EEU-LVA,perm,MFH,p6,scale,133.51332053065252
C-EEU-LVA,perm,SFH,p6,scale,133.51332053065252
C-EEU-LVA,perm,ABL,p6,shape,2.5
C-EEU-LVA,perm,MFH,p6,shape,2.5
C-EEU-LVA,perm,SFH,p6,shape,2.5
C-EEU-LVA,perm,ABL,p7,scale,133.51332053065252
C-EEU-LVA,perm,MFH,p7,scale,133.51332053065252
C-EEU-LVA,perm,SFH,p7,scale,133.51332053065252
C-EEU-LVA,perm,ABL,p7,shape,2.5
C-EEU-LVA,perm,MFH,p7,shape,2.5
C-EEU-LVA,perm,SFH,p7,shape,2.5
C-EEU-LVA,perm,ABL,p8,scale,133.51332053065252
C-EEU-LVA,perm,MFH,p8,scale,133.51332053065252
C-EEU-LVA,perm,SFH,p8,scale,133.51332053065252
C-EEU-LVA,perm,ABL,p8,shape,2.5
C-EEU-LVA,perm,MFH,p8,shape,2.5
C-EEU-LVA,perm,SFH,p8,shape,2.5
C-EEU-LVA,perm,ABL,p9,scale,133.51332053065252
C-EEU-LVA,perm,MFH,p9,scale,133.51332053065252
C-EEU-LVA,perm,SFH,p9,scale,133.51332053065252
C-EEU-LVA,perm,ABL,p9,shape,2.5
C-EEU-LVA,perm,MFH,p9,shape,2.5
C-EEU-LVA,perm,SFH,p9,shape,2.5
C-EEU-POL,perm,ABL,p1,scale,157.7884697180439
C-EEU-POL,perm,MFH,p1,scale,157.7884697180439
C-EEU-POL,perm,SFH,p1,scale,157.7884697180439
C-EEU-POL,perm,ABL,p1,shape,2.5
C-EEU-POL,perm,MFH,p1,shape,2.5
C-EEU-POL,perm,SFH,p1,shape,2.5
C-EEU-POL,perm,ABL,p2,scale,133.51332053065252
C-EEU-POL,perm,MFH,p2,scale,133.51332053065252
C-EEU-POL,perm,SFH,p2,scale,133.51332053065252
C-EEU-POL,perm,ABL,p2,shape,2.5
C-EEU-POL,perm,MFH,p2,shape,2.5
C-EEU-POL,perm,SFH,p2,shape,2.5
C-EEU-POL,perm,ABL,p3,scale,133.51332053065252
C-EEU-POL,perm,MFH,p3,scale,133.51332053065252
C-EEU-POL,perm,SFH,p3,scale,133.51332053065252
C-EEU-POL,perm,ABL,p3,shape,2.5
C-EEU-POL,perm,MFH,p3,shape,2.5
C-EEU-POL,perm,SFH,p3,shape,2.5
C-EEU-POL,perm,ABL,p4,scale,133.51332053065252
C-EEU-POL,perm,MFH,p4,scale,133.51332053065252
C-EEU-POL,perm,SFH,p4,scale,133.51332053065252
C-EEU-POL,perm,ABL,p4,shape,2.5
C-EEU-POL,perm,MFH,p4,shape,2.5
C-EEU-POL,perm,SFH,p4,shape,2.5
C-EEU-POL,perm,ABL,p5,scale,133.51332053065252
C-EEU-POL,perm,MFH,p5,scale,133.51332053065252
C-EEU-POL,perm,SFH,p5,scale,133.51332053065252
C-EEU-POL,perm,ABL,p5,shape,2.5
C-EEU-POL,perm,MFH,p5,shape,2.5
C-EEU-POL,perm,SFH,p5,shape,2.5
C-EEU-POL,perm,ABL,p6,scale,133.51332053065252
C-EEU-POL,perm,MFH,p6,scale,133.51332053065252
C-EEU-POL,perm,SFH,p6,scale,133.51332053065252
C-EEU-POL,perm,ABL,p6,shape,2.5
C-EEU-POL,perm,MFH,p6,shape,2.5
C-EEU-POL,perm,SFH,p6,shape,2.5
C-EEU-POL,perm,ABL,p7,scale,133.51332053065252
C-EEU-POL,perm,MFH,p7,scale,133.51332053065252
C-EEU-POL,perm,SFH,p7,scale,133.51332053065252
C-EEU-POL,perm,ABL,p7,shape,2.5
C-EEU-POL,perm,MFH,p7,shape,2.5
C-EEU-POL,perm,SFH,p7,shape,2.5
C-EEU-POL,perm,ABL,p8,scale,133.51332053065252
C-EEU-POL,perm,MFH,p8,scale,133.51332053065252
C-EEU-POL,perm,SFH,p8,scale,133.51332053065252
C-EEU-POL,perm,ABL,p8,shape,2.5
C-EEU-POL,perm,MFH,p8,shape,2.5
C-EEU-POL,perm,SFH,p8,shape,2.5
C-EEU-POL,perm,ABL,p9,scale,133.51332053065252
C-EEU-POL,perm,MFH,p9,scale,133.51332053065252
C-EEU-POL,perm,SFH,p9,scale,133.51332053065252
C-EEU-POL,perm,ABL,p9,shape,2.5
C-EEU-POL,perm,MFH,p9,shape,2.5
C-EEU-POL,perm,SFH,p9,shape,2.5
C-EEU-ROU,perm,ABL,p1,scale,157.7884697180439
C-EEU-ROU,perm,MFH,p1,scale,157.7884697180439
C-EEU-ROU,perm,SFH,p1,scale,157.7884697180439
C-EEU-ROU,perm,ABL,p1,shape,2.5
C-EEU-ROU,perm,MFH,p1,shape,2.5
C-EEU-ROU,perm,SFH,p1,shape,2.5
C-EEU-ROU,perm,ABL,p2,scale,133.51332053065252
C-EEU-ROU,perm,MFH,p2,scale,133.51332053065252
C-EEU-ROU,perm,SFH,p2,scale,133.51332053065252
C-EEU-ROU,perm,ABL,p2,shape,2.5
C-EEU-ROU,perm,MFH,p2,shape,2.5
C-EEU-ROU,perm,SFH,p2,shape,2.5
C-EEU-ROU,perm,ABL,p3,scale,133.51332053065252
C-EEU-ROU,perm,MFH,p3,scale,133.51332053065252
C-EEU-ROU,perm,SFH,p3,scale,133.51332053065252
C-EEU-ROU,perm,ABL,p3,shape,2.5
C-EEU-ROU,perm,MFH,p3,shape,2.5
C-EEU-ROU,perm,SFH,p3,shape,2.5
C-EEU-ROU,perm,ABL,p4,scale,133.51332053065252
C-EEU-ROU,perm,MFH,p4,scale,133.51332053065252
C-EEU-ROU,perm,SFH,p4,scale,133.51332053065252
C-EEU-ROU,perm,ABL,p4,shape,2.5
C-EEU-ROU,perm,MFH,p4,shape,2.5
C-EEU-ROU,perm,SFH,p4,shape,2.5
C-EEU-ROU,perm,ABL,p5,scale,133.51332053065252
C-EEU-ROU,perm,MFH,p5,scale,133.51332053065252
C-EEU-ROU,perm,SFH,p5,scale,133.51332053065252
C-EEU-ROU,perm,ABL,p5,shape,2.5
C-EEU-ROU,perm,MFH,p5,shape,2.5
C-EEU-ROU,perm,SFH,p5,shape,2.5
C-EEU-ROU,perm,ABL,p6,scale,133.51332053065252
C-EEU-ROU,perm,MFH,p6,scale,133.51332053065252
C-EEU-ROU,perm,SFH,p6,scale,133.51332053065252
C-EEU-ROU,perm,ABL,p6,shape,2.5
C-EEU-ROU,perm,MFH,p6,shape,2.5
C-EEU-ROU,perm,SFH,p6,shape,2.5
C-EEU-ROU,perm,ABL,p7,scale,133.51332053065252
C-EEU-ROU,perm,MFH,p7,scale,133.51332053065252
C-EEU-ROU,perm,SFH,p7,scale,133.51332053065252
C-EEU-ROU,perm,ABL,p7,shape,2.5
C-EEU-ROU,perm,MFH,p7,shape,2.5
C-EEU-ROU,perm,SFH,p7,shape,2.5
C-EEU-ROU,perm,ABL,p8,scale,133.51332053065252
C-EEU-ROU,perm,MFH,p8,scale,133.51332053065252
C-EEU-ROU,perm,SFH,p8,scale,133.51332053065252
C-EEU-ROU,perm,ABL,p8,shape,2.5
C-EEU-ROU,perm,MFH,p8,shape,2.5
C-EEU-ROU,perm,SFH,p8,shape,2.5
C-EEU-ROU,perm,ABL,p9,scale,133.51332053065252
C-EEU-ROU,perm,MFH,p9,scale,133.51332053065252
C-EEU-ROU,perm,SFH,p9,scale,133.51332053065252
C-EEU-ROU,perm,ABL,p9,shape,2.5
C-EEU-ROU,perm,MFH,p9,shape,2.5
C-EEU-ROU,perm,SFH,p9,shape,2.5
C-EEU-SVK,perm,ABL,p1,scale,157.7884697180439
C-EEU-SVK,perm,MFH,p1,scale,157.7884697180439
C-EEU-SVK,perm,SFH,p1,scale,157.7884697180439
C-EEU-SVK,perm,ABL,p1,shape,2.5
C-EEU-SVK,perm,MFH,p1,shape,2.5
C-EEU-SVK,perm,SFH,p1,shape,2.5
C-EEU-SVK,perm,ABL,p2,scale,133.51332053065252
C-EEU-SVK,perm,MFH,p2,scale,133.51332053065252
C-EEU-SVK,perm,SFH,p2,scale,133.51332053065252
C-EEU-SVK,perm,ABL,p2,shape,2.5
C-EEU-SVK,perm,MFH,p2,shape,2.5
C-EEU-SVK,perm,SFH,p2,shape,2.5
C-EEU-SVK,perm,ABL,p3,scale,133.51332053065252
C-EEU-SVK,perm,MFH,p3,scale,133.51332053065252
C-EEU-SVK,perm,SFH,p3,scale,133.51332053065252
C-EEU-SVK,perm,ABL,p3,shape,2.5
C-EEU-SVK,perm,MFH,p3,shape,2.5
C-EEU-SVK,perm,SFH,p3,shape,2.5
C-EEU-SVK,perm,ABL,p4,scale,133.51332053065252
C-EEU-SVK,perm,MFH,p4,scale,133.51332053065252
C-EEU-SVK,perm,SFH,p4,scale,133.51332053065252
C-EEU-SVK,perm,ABL,p4,shape,2.5
C-EEU-SVK,perm,MFH,p4,shape,2.5
C-EEU-SVK,perm,SFH,p4,shape,2.5
C-EEU-SVK,perm,ABL,p5,scale,133.51332053065252
C-EEU-SVK,perm,MFH,p5,scale,133.51332053065252
C-EEU-SVK,perm,SFH,p5,scale,133.51332053065252
C-EEU-SVK,perm,ABL,p5,shape,2.5
C-EEU-SVK,perm,MFH,p5,shape,2.5
C-EEU-SVK,perm,SFH,p5,shape,2.5
C-EEU-SVK,perm,ABL,p6,scale,133.51332053065252
C-EEU-SVK,perm,MFH,p6,scale,133.51332053065252
C-EEU-SVK,perm,SFH,p6,scale,133.51332053065252
C-EEU-SVK,perm,ABL,p6,shape,2.5
C-EEU-SVK,perm,MFH,p6,shape,2.5
C-EEU-SVK,perm,SFH,p6,shape,2.5
C-EEU-SVK,perm,ABL,p7,scale,133.51332053065252
C-EEU-SVK,perm,MFH,p7,scale,133.51332053065252
C-EEU-SVK,perm,SFH,p7,scale,133.51332053065252
C-EEU-SVK,perm,ABL,p7,shape,2.5
C-EEU-SVK,perm,MFH,p7,shape,2.5
C-EEU-SVK,perm,SFH,p7,shape,2.5
C-EEU-SVK,perm,ABL,p8,scale,133.51332053065252
C-EEU-SVK,perm,MFH,p8,scale,133.51332053065252
C-EEU-SVK,perm,SFH,p8,scale,133.51332053065252
C-EEU-SVK,perm,ABL,p8,shape,2.5
C-EEU-SVK,perm,MFH,p8,shape,2.5
C-EEU-SVK,perm,SFH,p8,shape,2.5
C-EEU-SVK,perm,ABL,p9,scale,133.51332053065252
C-EEU-SVK,perm,MFH,p9,scale,133.51332053065252
C-EEU-SVK,perm,SFH,p9,scale,133.51332053065252
C-EEU-SVK,perm,ABL,p9,shape,2.5
C-EEU-SVK,perm,MFH,p9,shape,2.5
C-EEU-SVK,perm,SFH,p9,shape,2.5
C-EEU-SVN,perm,ABL,p1,scale,157.7884697180439
C-EEU-SVN,perm,MFH,p1,scale,157.7884697180439
C-EEU-SVN,perm,SFH,p1,scale,157.7884697180439
C-EEU-SVN,perm,ABL,p1,shape,2.5
C-EEU-SVN,perm,MFH,p1,shape,2.5
C-EEU-SVN,perm,SFH,p1,shape,2.5
C-EEU-SVN,perm,ABL,p2,scale,135.24725975832334
C-EEU-SVN,perm,MFH,p2,scale,135.24725975832334
C-EEU-SVN,perm,SFH,p2,scale,135.24725975832334
C-EEU-SVN,perm,ABL,p2,shape,2.5
C-EEU-SVN,perm,MFH,p2,shape,2.5
C-EEU-SVN,perm,SFH,p2,shape,2.5
C-EEU-SVN,perm,ABL,p3,scale,135.24725975832334
C-EEU-SVN,perm,MFH,p3,scale,135.24725975832334
C-EEU-SVN,perm,SFH,p3,scale,135.24725975832334
C-EEU-SVN,perm,ABL,p3,shape,2.5
C-EEU-SVN,perm,MFH,p3,shape,2.5
C-EEU-SVN,perm,SFH,p3,shape,2.5
C-EEU-SVN,perm,ABL,p4,scale,135.24725975832334
C-EEU-SVN,perm,MFH,p4,scale,135.24725975832334
C-EEU-SVN,perm,SFH,p4,scale,135.24725975832334
C-EEU-SVN,perm,ABL,p4,shape,2.5
C-EEU-SVN,perm,MFH,p4,shape,2.5
C-EEU-SVN,perm,SFH,p4,shape,2.5
C-EEU-SVN,perm,ABL,p5,scale,135.24725975832334
C-EEU-SVN,perm,MFH,p5,scale,135.24725975832334
C-EEU-SVN,perm,SFH,p5,scale,135.24725975832334
C-EEU-SVN,perm,ABL,p5,shape,2.5
C-EEU-SVN,perm,MFH,p5,shape,2.5
C-EEU-SVN,perm,SFH,p5,shape,2.5
C-EEU-SVN,perm,ABL,p6,scale,135.24725975832334
C-EEU-SVN,perm,MFH,p6,scale,135.24725975832334
C-EEU-SVN,perm,SFH,p6,scale,135.24725975832334
C-EEU-SVN,perm,ABL,p6,shape,2.5
C-EEU-SVN,perm,MFH,p6,shape,2.5
C-EEU-SVN,perm,SFH,p6,shape,2.5
C-EEU-SVN,perm,ABL,p7,scale,135.24725975832334
C-EEU-SVN,perm,MFH,p7,scale,135.24725975832334
C-EEU-SVN,perm,SFH,p7,scale,135.24725975832334
C-EEU-SVN,perm,ABL,p7,shape,2.5
C-EEU-SVN,perm,MFH,p7,shape,2.5
C-EEU-SVN,perm,SFH,p7,shape,2.5
C-EEU-SVN,perm,ABL,p8,scale,135.24725975832334
C-EEU-SVN,perm,MFH,p8,scale,135.24725975832334
C-EEU-SVN,perm,SFH,p8,scale,135.24725975832334
C-EEU-SVN,perm,ABL,p8,shape,2.5
C-EEU-SVN,perm,MFH,p8,shape,2.5
C-EEU-SVN,perm,SFH,p8,shape,2.5
C-EEU-SVN,perm,ABL,p9,scale,135.24725975832334
C-EEU-SVN,perm,MFH,p9,scale,135.24725975832334
C-EEU-SVN,perm,SFH,p9,scale,135.24725975832334
C-EEU-SVN,perm,ABL,p9,shape,2.5
C-EEU-SVN,perm,MFH,p9,shape,2.5
C-EEU-SVN,perm,SFH,p9,shape,2.5
C-WEU-AUT,perm,ABL,p1,scale,220
C-WEU-AUT,perm,MFH,p1,scale,220
C-WEU-AUT,perm,SFH,p1,scale,220
C-WEU-AUT,perm,ABL,p1,shape,0.9
C-WEU-AUT,perm,MFH,p1,shape,0.9
C-WEU-AUT,perm,SFH,p1,shape,0.9
C-WEU-AUT,perm,ABL,p2,scale,220
C-WEU-AUT,perm,MFH,p2,scale,220
C-WEU-AUT,perm,SFH,p2,scale,220
C-WEU-AUT,perm,ABL,p2,shape,0.9
C-WEU-AUT,perm,MFH,p2,shape,0.9
C-WEU-AUT,perm,SFH,p2,shape,0.9
C-WEU-AUT,perm,ABL,p3,scale,130
C-WEU-AUT,perm,MFH,p3,scale,130
C-WEU-AUT,perm,SFH,p3,scale,130
C-WEU-AUT,perm,ABL,p3,shape,4
C-WEU-AUT,perm,MFH,p3,shape,4
C-WEU-AUT,perm,SFH,p3,shape,4
C-WEU-AUT,perm,ABL,p4,scale,130
C-WEU-AUT,perm,MFH,p4,scale,130
C-WEU-AUT,perm,SFH,p4,scale,130
C-WEU-AUT,perm,ABL,p4,shape,4
C-WEU-AUT,perm,MFH,p4,shape,4
C-WEU-AUT,perm,SFH,p4,shape,4
C-WEU-AUT,perm,ABL,p5,scale,130
C-WEU-AUT,perm,MFH,p5,scale,130
C-WEU-AUT,perm,SFH,p5,scale,130
C-WEU-AUT,perm,ABL,p5,shape,4
C-WEU-AUT,perm,MFH,p5,shape,4
C-WEU-AUT,perm,SFH,p5,shape,4
C-WEU-AUT,perm,ABL,p6,scale,130
C-WEU-AUT,perm,MFH,p6,scale,130
C-WEU-AUT,perm,SFH,p6,scale,130
C-WEU-AUT,perm,ABL,p6,shape,4
C-WEU-AUT,perm,MFH,p6,shape,4
C-WEU-AUT,perm,SFH,p6,shape,4
C-WEU-AUT,perm,ABL,p7,scale,130
C-WEU-AUT,perm,MFH,p7,scale,130
C-WEU-AUT,perm,SFH,p7,scale,130
C-WEU-AUT,perm,ABL,p7,shape,4
C-WEU-AUT,perm,MFH,p7,shape,4
C-WEU-AUT,perm,SFH,p7,shape,4
C-WEU-AUT,perm,ABL,p8,scale,130
C-WEU-AUT,perm,MFH,p8,scale,130
C-WEU-AUT,perm,SFH,p8,scale,130
C-WEU-AUT,perm,ABL,p8,shape,4
C-WEU-AUT,perm,MFH,p8,shape,4
C-WEU-AUT,perm,SFH,p8,shape,4
C-WEU-AUT,perm,ABL,p9,scale,130
C-WEU-AUT,perm,MFH,p9,scale,130
C-WEU-AUT,perm,SFH,p9,scale,130
C-WEU-AUT,perm,ABL,p9,shape,4
C-WEU-AUT,perm,MFH,p9,shape,4
C-WEU-AUT,perm,SFH,p9,shape,4
C-WEU-BEL,perm,ABL,p1,scale,156.89276808914664
C-WEU-BEL,perm,MFH,p1,scale,156.89276808914664
C-WEU-BEL,perm,SFH,p1,scale,156.89276808914664
C-WEU-BEL,perm,ABL,p1,shape,2.95
C-WEU-BEL,perm,MFH,p1,shape,2.95
C-WEU-BEL,perm,SFH,p1,shape,2.95
C-WEU-BEL,perm,ABL,p2,scale,132.75541915235485
C-WEU-BEL,perm,MFH,p2,scale,132.75541915235485
C-WEU-BEL,perm,SFH,p2,scale,132.75541915235485
C-WEU-BEL,perm,ABL,p2,shape,2.95
C-WEU-BEL,perm,MFH,p2,shape,2.95
C-WEU-BEL,perm,SFH,p2,shape,2.95
C-WEU-BEL,perm,ABL,p3,scale,132.75541915235485
C-WEU-BEL,perm,MFH,p3,scale,132.75541915235485
C-WEU-BEL,perm,SFH,p3,scale,132.75541915235485
C-WEU-BEL,perm,ABL,p3,shape,2.95
C-WEU-BEL,perm,MFH,p3,shape,2.95
C-WEU-BEL,perm,SFH,p3,shape,2.95
C-WEU-BEL,perm,ABL,p4,scale,132.75541915235485
C-WEU-BEL,perm,MFH,p4,scale,132.75541915235485
C-WEU-BEL,perm,SFH,p4,scale,132.75541915235485
C-WEU-BEL,perm,ABL,p4,shape,2.95
C-WEU-BEL,perm,MFH,p4,shape,2.95
C-WEU-BEL,perm,SFH,p4,shape,2.95
C-WEU-BEL,perm,ABL,p5,scale,132.75541915235485
C-WEU-BEL,perm,MFH,p5,scale,132.75541915235485
C-WEU-BEL,perm,SFH,p5,scale,132.75541915235485
C-WEU-BEL,perm,ABL,p5,shape,2.95
C-WEU-BEL,perm,MFH,p5,shape,2.95
C-WEU-BEL,perm,SFH,p5,shape,2.95
C-WEU-BEL,perm,ABL,p6,scale,132.75541915235485
C-WEU-BEL,perm,MFH,p6,scale,132.75541915235485
C-WEU-BEL,perm,SFH,p6,scale,132.75541915235485
C-WEU-BEL,perm,ABL,p6,shape,2.95
C-WEU-BEL,perm,MFH,p6,shape,2.95
C-WEU-BEL,perm,SFH,p6,shape,2.95
C-WEU-BEL,perm,ABL,p7,scale,132.75541915235485
C-WEU-BEL,perm,MFH,p7,scale,132.75541915235485
C-WEU-BEL,perm,SFH,p7,scale,132.75541915235485
C-WEU-BEL,perm,ABL,p7,shape,2.95
C-WEU-BEL,perm,MFH,p7,shape,2.95
C-WEU-BEL,perm,SFH,p7,shape,2.95
C-WEU-BEL,perm,ABL,p8,scale,132.75541915235485
C-WEU-BEL,perm,MFH,p8,scale,132.75541915235485
C-WEU-BEL,perm,SFH,p8,scale,132.75541915235485
C-WEU-BEL,perm,ABL,p8,shape,2.95
C-WEU-BEL,perm,MFH,p8,shape,2.95
C-WEU-BEL,perm,SFH,p8,shape,2.95
C-WEU-BEL,perm,ABL,p9,scale,132.75541915235485
C-WEU-BEL,perm,MFH,p9,scale,132.75541915235485
C-WEU-BEL,perm,SFH,p9,scale,132.75541915235485
C-WEU-BEL,perm,ABL,p9,shape,2.95
C-WEU-BEL,perm,MFH,p9,shape,2.95
C-WEU-BEL,perm,SFH,p9,shape,2.95
C-WEU-CYP,perm,ABL,p1,scale,156.89276808914664
C-WEU-CYP,perm,MFH,p1,scale,156.89276808914664
C-WEU-CYP,perm,SFH,p1,scale,156.89276808914664
C-WEU-CYP,perm,ABL,p1,shape,2.95
C-WEU-CYP,perm,MFH,p1,shape,2.95
C-WEU-CYP,perm,SFH,p1,shape,2.95
C-WEU-CYP,perm,ABL,p2,scale,140.0828286510238
C-WEU-CYP,perm,MFH,p2,scale,140.0828286510238
C-WEU-CYP,perm,SFH,p2,scale,140.0828286510238
C-WEU-CYP,perm,ABL,p2,shape,2.95
C-WEU-CYP,perm,MFH,p2,shape,2.95
C-WEU-CYP,perm,SFH,p2,shape,2.95
C-WEU-CYP,perm,ABL,p3,scale,140.0828286510238
C-WEU-CYP,perm,MFH,p3,scale,140.0828286510238
C-WEU-CYP,perm,SFH,p3,scale,140.0828286510238
C-WEU-CYP,perm,ABL,p3,shape,2.95
C-WEU-CYP,perm,MFH,p3,shape,2.95
C-WEU-CYP,perm,SFH,p3,shape,2.95
C-WEU-CYP,perm,ABL,p4,scale,140.0828286510238
C-WEU-CYP,perm,MFH,p4,scale,140.0828286510238
C-WEU-CYP,perm,SFH,p4,scale,140.0828286510238
C-WEU-CYP,perm,ABL,p4,shape,2.95
C-WEU-CYP,perm,MFH,p4,shape,2.95
C-WEU-CYP,perm,SFH,p4,shape,2.95
C-WEU-CYP,perm,ABL,p5,scale,140.0828286510238
C-WEU-CYP,perm,MFH,p5,scale,140.0828286510238
C-WEU-CYP,perm,SFH,p5,scale,140.0828286510238
C-WEU-CYP,perm,ABL,p5,shape,2.95
C-WEU-CYP,perm,MFH,p5,shape,2.95
C-WEU-CYP,perm,SFH,p5,shape,2.95
C-WEU-CYP,perm,ABL,p6,scale,140.0828286510238
C-WEU-CYP,perm,MFH,p6,scale,140.0828286510238
C-WEU-CYP,perm,SFH,p6,scale,140.0828286510238
C-WEU-CYP,perm,ABL,p6,shape,2.95
C-WEU-CYP,perm,MFH,p6,shape,2.95
C-WEU-CYP,perm,SFH,p6,shape,2.95
C-WEU-CYP,perm,ABL,p7,scale,140.0828286510238
C-WEU-CYP,perm,MFH,p7,scale,140.0828286510238
C-WEU-CYP,perm,SFH,p7,scale,140.0828286510238
C-WEU-CYP,perm,ABL,p7,shape,2.95
C-WEU-CYP,perm,MFH,p7,shape,2.95
C-WEU-CYP,perm,SFH,p7,shape,2.95
C-WEU-CYP,perm,ABL,p8,scale,140.0828286510238
C-WEU-CYP,perm,MFH,p8,scale,140.0828286510238
C-WEU-CYP,perm,SFH,p8,scale,140.0828286510238
C-WEU-CYP,perm,ABL,p8,shape,2.95
C-WEU-CYP,perm,MFH,p8,shape,2.95
C-WEU-CYP,perm,SFH,p8,shape,2.95
C-WEU-CYP,perm,ABL,p9,scale,140.0828286510238
C-WEU-CYP,perm,MFH,p9,scale,140.0828286510238
C-WEU-CYP,perm,SFH,p9,scale,140.0828286510238
C-WEU-CYP,perm,ABL,p9,shape,2.95
C-WEU-CYP,perm,MFH,p9,shape,2.95
C-WEU-CYP,perm,SFH,p9,shape,2.95
C-WEU-DEU,perm,ABL,p1,scale,156.89276808914664
C-WEU-DEU,perm,MFH,p1,scale,156.89276808914664
C-WEU-DEU,perm,SFH,p1,scale,156.89276808914664
C-WEU-DEU,perm,ABL,p1,shape,2.95
C-WEU-DEU,perm,MFH,p1,shape,2.95
C-WEU-DEU,perm,SFH,p1,shape,2.95
C-WEU-DEU,perm,ABL,p2,scale,140.0828286510238
C-WEU-DEU,perm,MFH,p2,scale,140.0828286510238
C-WEU-DEU,perm,SFH,p2,scale,140.0828286510238
C-WEU-DEU,perm,ABL,p2,shape,2.95
C-WEU-DEU,perm,MFH,p2,shape,2.95
C-WEU-DEU,perm,SFH,p2,shape,2.95
C-WEU-DEU,perm,ABL,p3,scale,140.0828286510238
C-WEU-DEU,perm,MFH,p3,scale,140.0828286510238
C-WEU-DEU,perm,SFH,p3,scale,140.0828286510238
C-WEU-DEU,perm,ABL,p3,shape,2.95
C-WEU-DEU,perm,MFH,p3,shape,2.95
C-WEU-DEU,perm,SFH,p3,shape,2.95
C-WEU-DEU,perm,ABL,p4,scale,140.0828286510238
C-WEU-DEU,perm,MFH,p4,scale,140.0828286510238
C-WEU-DEU,perm,SFH,p4,scale,140.0828286510238
C-WEU-DEU,perm,ABL,p4,shape,2.95
C-WEU-DEU,perm,MFH,p4,shape,2.95
C-WEU-DEU,perm,SFH,p4,shape,2.95
C-WEU-DEU,perm,ABL,p5,scale,140.0828286510238
C-WEU-DEU,perm,MFH,p5,scale,140.0828286510238
C-WEU-DEU,perm,SFH,p5,scale,140.0828286510238
C-WEU-DEU,perm,ABL,p5,shape,2.95
C-WEU-DEU,perm,MFH,p5,shape,2.95
C-WEU-DEU,perm,SFH,p5,shape,2.95
C-WEU-DEU,perm,ABL,p6,scale,140.0828286510238
C-WEU-DEU,perm,MFH,p6,scale,140.0828286510238
C-WEU-DEU,perm,SFH,p6,scale,140.0828286510238
C-WEU-DEU,perm,ABL,p6,shape,2.95
C-WEU-DEU,perm,MFH,p6,shape,2.95
C-WEU-DEU,perm,SFH,p6,shape,2.95
C-WEU-DEU,perm,ABL,p7,scale,140.0828286510238
C-WEU-DEU,perm,MFH,p7,scale,140.0828286510238
C-WEU-DEU,perm,SFH,p7,scale,140.0828286510238
C-WEU-DEU,perm,ABL,p7,shape,2.95
C-WEU-DEU,perm,MFH,p7,shape,2.95
C-WEU-DEU,perm,SFH,p7,shape,2.95
C-WEU-DEU,perm,ABL,p8,scale,140.0828286510238
C-WEU-DEU,perm,MFH,p8,scale,140.0828286510238
C-WEU-DEU,perm,SFH,p8,scale,140.0828286510238
C-WEU-DEU,perm,ABL,p8,shape,2.95
C-WEU-DEU,perm,MFH,p8,shape,2.95
C-WEU-DEU,perm,SFH,p8,shape,2.95
C-WEU-DEU,perm,ABL,p9,scale,140.0828286510238
C-WEU-DEU,perm,MFH,p9,scale,140.0828286510238
C-WEU-DEU,perm,SFH,p9,scale,140.0828286510238
C-WEU-DEU,perm,ABL,p9,shape,2.95
C-WEU-DEU,perm,MFH,p9,shape,2.95
C-WEU-DEU,perm,SFH,p9,shape,2.95
C-WEU-DNK,perm,ABL,p1,scale,156.89276808914664
C-WEU-DNK,perm,MFH,p1,scale,156.89276808914664
C-WEU-DNK,perm,SFH,p1,scale,156.89276808914664
C-WEU-DNK,perm,ABL,p1,shape,2.95
C-WEU-DNK,perm,MFH,p1,shape,2.95
C-WEU-DNK,perm,SFH,p1,shape,2.95
C-WEU-DNK,perm,ABL,p2,scale,134.47951550498283
C-WEU-DNK,perm,MFH,p2,scale,134.47951550498283
C-WEU-DNK,perm,SFH,p2,scale,134.47951550498283
C-WEU-DNK,perm,ABL,p2,shape,2.95
C-WEU-DNK,perm,MFH,p2,shape,2.95
C-WEU-DNK,perm,SFH,p2,shape,2.95
C-WEU-DNK,perm,ABL,p3,scale,134.47951550498283
C-WEU-DNK,perm,MFH,p3,scale,134.47951550498283
C-WEU-DNK,perm,SFH,p3,scale,134.47951550498283
C-WEU-DNK,perm,ABL,p3,shape,2.95
C-WEU-DNK,perm,MFH,p3,shape,2.95
C-WEU-DNK,perm,SFH,p3,shape,2.95
C-WEU-DNK,perm,ABL,p4,scale,134.47951550498283
C-WEU-DNK,perm,MFH,p4,scale,134.47951550498283
C-WEU-DNK,perm,SFH,p4,scale,134.47951550498283
C-WEU-DNK,perm,ABL,p4,shape,2.95
C-WEU-DNK,perm,MFH,p4,shape,2.95
C-WEU-DNK,perm,SFH,p4,shape,2.95
C-WEU-DNK,perm,ABL,p5,scale,134.47951550498283
C-WEU-DNK,perm,MFH,p5,scale,134.47951550498283
C-WEU-DNK,perm,SFH,p5,scale,134.47951550498283
C-WEU-DNK,perm,ABL,p5,shape,2.95
C-WEU-DNK,perm,MFH,p5,shape,2.95
C-WEU-DNK,perm,SFH,p5,shape,2.95
C-WEU-DNK,perm,ABL,p6,scale,134.47951550498283
C-WEU-DNK,perm,MFH,p6,scale,134.47951550498283
C-WEU-DNK,perm,SFH,p6,scale,134.47951550498283
C-WEU-DNK,perm,ABL,p6,shape,2.95
C-WEU-DNK,perm,MFH,p6,shape,2.95
C-WEU-DNK,perm,SFH,p6,shape,2.95
C-WEU-DNK,perm,ABL,p7,scale,134.47951550498283
C-WEU-DNK,perm,MFH,p7,scale,134.47951550498283
C-WEU-DNK,perm,SFH,p7,scale,134.47951550498283
C-WEU-DNK,perm,ABL,p7,shape,2.95
C-WEU-DNK,perm,MFH,p7,shape,2.95
C-WEU-DNK,perm,SFH,p7,shape,2.95
C-WEU-DNK,perm,ABL,p8,scale,134.47951550498283
C-WEU-DNK,perm,MFH,p8,scale,134.47951550498283
C-WEU-DNK,perm,SFH,p8,scale,134.47951550498283
C-WEU-DNK,perm,ABL,p8,shape,2.95
C-WEU-DNK,perm,MFH,p8,shape,2.95
C-WEU-DNK,perm,SFH,p8,shape,2.95
C-WEU-DNK,perm,ABL,p9,scale,134.47951550498283
C-WEU-DNK,perm,MFH,p9,scale,134.47951550498283
C-WEU-DNK,perm,SFH,p9,scale,134.47951550498283
C-WEU-DNK,perm,ABL,p9,shape,2.95
C-WEU-DNK,perm,MFH,p9,shape,2.95
C-WEU-DNK,perm,SFH,p9,shape,2.95
C-WEU-ESP,perm,ABL,p1,scale,156.89276808914664
C-WEU-ESP,perm,MFH,p1,scale,156.89276808914664
C-WEU-ESP,perm,SFH,p1,scale,156.89276808914664
C-WEU-ESP,perm,ABL,p1,shape,2.95
C-WEU-ESP,perm,MFH,p1,shape,2.95
C-WEU-ESP,perm,SFH,p1,shape,2.95
C-WEU-ESP,perm,ABL,p2,scale,132.75541915235485
C-WEU-ESP,perm,MFH,p2,scale,132.75541915235485
C-WEU-ESP,perm,SFH,p2,scale,132.75541915235485
C-WEU-ESP,perm,ABL,p2,shape,2.95
C-WEU-ESP,perm,MFH,p2,shape,2.95
C-WEU-ESP,perm,SFH,p2,shape,2.95
C-WEU-ESP,perm,ABL,p3,scale,132.75541915235485
C-WEU-ESP,perm,MFH,p3,scale,132.75541915235485
C-WEU-ESP,perm,SFH,p3,scale,132.75541915235485
C-WEU-ESP,perm,ABL,p3,shape,2.95
C-WEU-ESP,perm,MFH,p3,shape,2.95
C-WEU-ESP,perm,SFH,p3,shape,2.95
C-WEU-ESP,perm,ABL,p4,scale,132.75541915235485
C-WEU-ESP,perm,MFH,p4,scale,132.75541915235485
C-WEU-ESP,perm,SFH,p4,scale,132.75541915235485
C-WEU-ESP,perm,ABL,p4,shape,2.95
C-WEU-ESP,perm,MFH,p4,shape,2.95
C-WEU-ESP,perm,SFH,p4,shape,2.95
C-WEU-ESP,perm,ABL,p5,scale,132.75541915235485
C-WEU-ESP,perm,MFH,p5,scale,132.75541915235485
C-WEU-ESP,perm,SFH,p5,scale,132.75541915235485
C-WEU-ESP,perm,ABL,p5,shape,2.95
C-WEU-ESP,perm,MFH,p5,shape,2.95
C-WEU-ESP,perm,SFH,p5,shape,2.95
C-WEU-ESP,perm,ABL,p6,scale,132.75541915235485
C-WEU-ESP,perm,MFH,p6,scale,132.75541915235485
C-WEU-ESP,perm,SFH,p6,scale,132.75541915235485
C-WEU-ESP,perm,ABL,p6,shape,2.95
C-WEU-ESP,perm,MFH,p6,shape,2.95
C-WEU-ESP,perm,SFH,p6,shape,2.95
C-WEU-ESP,perm,ABL,p7,scale,132.75541915235485
C-WEU-ESP,perm,MFH,p7,scale,132.75541915235485
C-WEU-ESP,perm,SFH,p7,scale,132.75541915235485
C-WEU-ESP,perm,ABL,p7,shape,2.95
C-WEU-ESP,perm,MFH,p7,shape,2.95
C-WEU-ESP,perm,SFH,p7,shape,2.95
C-WEU-ESP,perm,ABL,p8,scale,132.75541915235485
C-WEU-ESP,perm,MFH,p8,scale,132.75541915235485
C-WEU-ESP,perm,SFH,p8,scale,132.75541915235485
C-WEU-ESP,perm,ABL,p8,shape,2.95
C-WEU-ESP,perm,MFH,p8,shape,2.95
C-WEU-ESP,perm,SFH,p8,shape,2.95
C-WEU-ESP,perm,ABL,p9,scale,132.75541915235485
C-WEU-ESP,perm,MFH,p9,scale,132.75541915235485
C-WEU-ESP,perm,SFH,p9,scale,132.75541915235485
C-WEU-ESP,perm,ABL,p9,shape,2.95
C-WEU-ESP,perm,MFH,p9,shape,2.95
C-WEU-ESP,perm,SFH,p9,shape,2.95
C-WEU-FIN,perm,ABL,p1,scale,156.89276808914664
C-WEU-FIN,perm,MFH,p1,scale,156.89276808914664
C-WEU-FIN,perm,SFH,p1,scale,156.89276808914664
C-WEU-FIN,perm,ABL,p1,shape,2.95
C-WEU-FIN,perm,MFH,p1,shape,2.95
C-WEU-FIN,perm,SFH,p1,shape,2.95
C-WEU-FIN,perm,ABL,p2,scale,132.75541915235485
C-WEU-FIN,perm,MFH,p2,scale,132.75541915235485
C-WEU-FIN,perm,SFH,p2,scale,132.75541915235485
C-WEU-FIN,perm,ABL,p2,shape,2.95
C-WEU-FIN,perm,MFH,p2,shape,2.95
C-WEU-FIN,perm,SFH,p2,shape,2.95
C-WEU-FIN,perm,ABL,p3,scale,132.75541915235485
C-WEU-FIN,perm,MFH,p3,scale,132.75541915235485
C-WEU-FIN,perm,SFH,p3,scale,132.75541915235485
C-WEU-FIN,perm,ABL,p3,shape,2.95
C-WEU-FIN,perm,MFH,p3,shape,2.95
C-WEU-FIN,perm,SFH,p3,shape,2.95
C-WEU-FIN,perm,ABL,p4,scale,132.75541915235485
C-WEU-FIN,perm,MFH,p4,scale,132.75541915235485
C-WEU-FIN,perm,SFH,p4,scale,132.75541915235485
C-WEU-FIN,perm,ABL,p4,shape,2.95
C-WEU-FIN,perm,MFH,p4,shape,2.95
C-WEU-FIN,perm,SFH,p4,shape,2.95
C-WEU-FIN,perm,ABL,p5,scale,132.75541915235485
C-WEU-FIN,perm,MFH,p5,scale,132.75541915235485
C-WEU-FIN,perm,SFH,p5,scale,132.75541915235485
C-WEU-FIN,perm,ABL,p5,shape,2.95
C-WEU-FIN,perm,MFH,p5,shape,2.95
C-WEU-FIN,perm,SFH,p5,shape,2.95
C-WEU-FIN,perm,ABL,p6,scale,132.75541915235485
C-WEU-FIN,perm,MFH,p6,scale,132.75541915235485
C-WEU-FIN,perm,SFH,p6,scale,132.75541915235485
C-WEU-FIN,perm,ABL,p6,shape,2.95
C-WEU-FIN,perm,MFH,p6,shape,2.95
C-WEU-FIN,perm,SFH,p6,shape,2.95
C-WEU-FIN,perm,ABL,p7,scale,132.75541915235485
C-WEU-FIN,perm,MFH,p7,scale,132.75541915235485
C-WEU-FIN,perm,SFH,p7,scale,132.75541915235485
C-WEU-FIN,perm,ABL,p7,shape,2.95
C-WEU-FIN,perm,MFH,p7,shape,2.95
C-WEU-FIN,perm,SFH,p7,shape,2.95
C-WEU-FIN,perm,ABL,p8,scale,132.75541915235485
C-WEU-FIN,perm,MFH,p8,scale,132.75541915235485
C-WEU-FIN,perm,SFH,p8,scale,132.75541915235485
C-WEU-FIN,perm,ABL,p8,shape,2.95
C-WEU-FIN,perm,MFH,p8,shape,2.95
C-WEU-FIN,perm,SFH,p8,shape,2.95
C-WEU-FIN,perm,ABL,p9,scale,132.75541915235485
C-WEU-FIN,perm,MFH,p9,scale,132.75541915235485
C-WEU-FIN,perm,SFH,p9,scale,132.75541915235485
C-WEU-FIN,perm,ABL,p9,shape,2.95
C-WEU-FIN,perm,MFH,p9,shape,2.95
C-WEU-FIN,perm,SFH,p9,shape,2.95
C-WEU-FRA,perm,ABL,p1,scale,156.89276808914664
C-WEU-FRA,perm,MFH,p1,scale,156.89276808914664
C-WEU-FRA,perm,SFH,p1,scale,156.89276808914664
C-WEU-FRA,perm,ABL,p1,shape,2.95
C-WEU-FRA,perm,MFH,p1,shape,2.95
C-WEU-FRA,perm,SFH,p1,shape,2.95
C-WEU-FRA,perm,ABL,p2,scale,140.0828286510238
C-WEU-FRA,perm,MFH,p2,scale,140.0828286510238
C-WEU-FRA,perm,SFH,p2,scale,140.0828286510238
C-WEU-FRA,perm,ABL,p2,shape,2.95
C-WEU-FRA,perm,MFH,p2,shape,2.95
C-WEU-FRA,perm,SFH,p2,shape,2.95
C-WEU-FRA,perm,ABL,p3,scale,140.0828286510238
C-WEU-FRA,perm,MFH,p3,scale,140.0828286510238
C-WEU-FRA,perm,SFH,p3,scale,140.0828286510238
C-WEU-FRA,perm,ABL,p3,shape,2.95
C-WEU-FRA,perm,MFH,p3,shape,2.95
C-WEU-FRA,perm,SFH,p3,shape,2.95
C-WEU-FRA,perm,ABL,p4,scale,140.0828286510238
C-WEU-FRA,perm,MFH,p4,scale,140.0828286510238
C-WEU-FRA,perm,SFH,p4,scale,140.0828286510238
C-WEU-FRA,perm,ABL,p4,shape,2.95
C-WEU-FRA,perm,MFH,p4,shape,2.95
C-WEU-FRA,perm,SFH,p4,shape,2.95
C-WEU-FRA,perm,ABL,p5,scale,140.0828286510238
C-WEU-FRA,perm,MFH,p5,scale,140.0828286510238
C-WEU-FRA,perm,SFH,p5,scale,140.0828286510238
C-WEU-FRA,perm,ABL,p5,shape,2.95
C-WEU-FRA,perm,MFH,p5,shape,2.95
C-WEU-FRA,perm,SFH,p5,shape,2.95
C-WEU-FRA,perm,ABL,p6,scale,140.0828286510238
C-WEU-FRA,perm,MFH,p6,scale,140.0828286510238
C-WEU-FRA,perm,SFH,p6,scale,140.0828286510238
C-WEU-FRA,perm,ABL,p6,shape,2.95
C-WEU-FRA,perm,MFH,p6,shape,2.95
C-WEU-FRA,perm,SFH,p6,shape,2.95
C-WEU-FRA,perm,ABL,p7,scale,140.0828286510238
C-WEU-FRA,perm,MFH,p7,scale,140.0828286510238
C-WEU-FRA,perm,SFH,p7,scale,140.0828286510238
C-WEU-FRA,perm,ABL,p7,shape,2.95
C-WEU-FRA,perm,MFH,p7,shape,2.95
C-WEU-FRA,perm,SFH,p7,shape,2.95
C-WEU-FRA,perm,ABL,p8,scale,140.0828286510238
C-WEU-FRA,perm,MFH,p8,scale,140.0828286510238
C-WEU-FRA,perm,SFH,p8,scale,140.0828286510238
C-WEU-FRA,perm,ABL,p8,shape,2.95
C-WEU-FRA,perm,MFH,p8,shape,2.95
C-WEU-FRA,perm,SFH,p8,shape,2.95
C-WEU-FRA,perm,ABL,p9,scale,140.0828286510238
C-WEU-FRA,perm,MFH,p9,scale,140.0828286510238
C-WEU-FRA,perm,SFH,p9,scale,140.0828286510238
C-WEU-FRA,perm,ABL,p9,shape,2.95
C-WEU-FRA,perm,MFH,p9,shape,2.95
C-WEU-FRA,perm,SFH,p9,shape,2.95
C-WEU-GRC,perm,ABL,p1,scale,156.89276808914664
C-WEU-GRC,perm,MFH,p1,scale,156.89276808914664
C-WEU-GRC,perm,SFH,p1,scale,156.89276808914664
C-WEU-GRC,perm,ABL,p1,shape,2.95
C-WEU-GRC,perm,MFH,p1,shape,2.95
C-WEU-GRC,perm,SFH,p1,shape,2.95
C-WEU-GRC,perm,ABL,p2,scale,78.44638404457332
C-WEU-GRC,perm,MFH,p2,scale,78.44638404457332
C-WEU-GRC,perm,SFH,p2,scale,78.44638404457332
C-WEU-GRC,perm,ABL,p2,shape,2.95
C-WEU-GRC,perm,MFH,p2,shape,2.95
C-WEU-GRC,perm,SFH,p2,shape,2.95
C-WEU-GRC,perm,ABL,p3,scale,78.44638404457332
C-WEU-GRC,perm,MFH,p3,scale,78.44638404457332
C-WEU-GRC,perm,SFH,p3,scale,78.44638404457332
C-WEU-GRC,perm,ABL,p3,shape,2.95
C-WEU-GRC,perm,MFH,p3,shape,2.95
C-WEU-GRC,perm,SFH,p3,shape,2.95
C-WEU-GRC,perm,ABL,p4,scale,78.44638404457332
C-WEU-GRC,perm,MFH,p4,scale,78.44638404457332
C-WEU-GRC,perm,SFH,p4,scale,78.44638404457332
C-WEU-GRC,perm,ABL,p4,shape,2.95
C-WEU-GRC,perm,MFH,p4,shape,2.95
C-WEU-GRC,perm,SFH,p4,shape,2.95
C-WEU-GRC,perm,ABL,p5,scale,78.44638404457332
C-WEU-GRC,perm,MFH,p5,scale,78.44638404457332
C-WEU-GRC,perm,SFH,p5,scale,78.44638404457332
C-WEU-GRC,perm,ABL,p5,shape,2.95
C-WEU-GRC,perm,MFH,p5,shape,2.95
C-WEU-GRC,perm,SFH,p5,shape,2.95
C-WEU-GRC,perm,ABL,p6,scale,78.44638404457332
C-WEU-GRC,perm,MFH,p6,scale,78.44638404457332
C-WEU-GRC,perm,SFH,p6,scale,78.44638404457332
C-WEU-GRC,perm,ABL,p6,shape,2.95
C-WEU-GRC,perm,MFH,p6,shape,2.95
C-WEU-GRC,perm,SFH,p6,shape,2.95
C-WEU-GRC,perm,ABL,p7,scale,78.44638404457332
C-WEU-GRC,perm,MFH,p7,scale,78.44638404457332
C-WEU-GRC,perm,SFH,p7,scale,78.44638404457332
C-WEU-GRC,perm,ABL,p7,shape,2.95
C-WEU-GRC,perm,MFH,p7,shape,2.95
C-WEU-GRC,perm,SFH,p7,shape,2.95
C-WEU-GRC,perm,ABL,p8,scale,78.44638404457332
C-WEU-GRC,perm,MFH,p8,scale,78.44638404457332
C-WEU-GRC,perm,SFH,p8,scale,78.44638404457332
C-WEU-GRC,perm,ABL,p8,shape,2.95
C-WEU-GRC,perm,MFH,p8,shape,2.95
C-WEU-GRC,perm,SFH,p8,shape,2.95
C-WEU-GRC,perm,ABL,p9,scale,78.44638404457332
C-WEU-GRC,perm,MFH,p9,scale,78.44638404457332
C-WEU-GRC,perm,SFH,p9,scale,78.44638404457332
C-WEU-GRC,perm,ABL,p9,shape,2.95
C-WEU-GRC,perm,MFH,p9,shape,2.95
C-WEU-GRC,perm,SFH,p9,shape,2.95
C-WEU-IRL,perm,ABL,p1,scale,156.89276808914664
C-WEU-IRL,perm,MFH,p1,scale,156.89276808914664
C-WEU-IRL,perm,SFH,p1,scale,156.89276808914664
C-WEU-IRL,perm,ABL,p1,shape,2.95
C-WEU-IRL,perm,MFH,p1,shape,2.95
C-WEU-IRL,perm,SFH,p1,shape,2.95
C-WEU-IRL,perm,ABL,p2,scale,132.75541915235485
C-WEU-IRL,perm,MFH,p2,scale,132.75541915235485
C-WEU-IRL,perm,SFH,p2,scale,132.75541915235485
C-WEU-IRL,perm,ABL,p2,shape,2.95
C-WEU-IRL,perm,MFH,p2,shape,2.95
C-WEU-IRL,perm,SFH,p2,shape,2.95
C-WEU-IRL,perm,ABL,p3,scale,132.75541915235485
C-WEU-IRL,perm,MFH,p3,scale,132.75541915235485
C-WEU-IRL,perm,SFH,p3,scale,132.75541915235485
C-WEU-IRL,perm,ABL,p3,shape,2.95
C-WEU-IRL,perm,MFH,p3,shape,2.95
C-WEU-IRL,perm,SFH,p3,shape,2.95
C-WEU-IRL,perm,ABL,p4,scale,132.75541915235485
C-WEU-IRL,perm,MFH,p4,scale,132.75541915235485
C-WEU-IRL,perm,SFH,p4,scale,132.75541915235485
C-WEU-IRL,perm,ABL,p4,shape,2.95
C-WEU-IRL,perm,MFH,p4,shape,2.95
C-WEU-IRL,perm,SFH,p4,shape,2.95
C-WEU-IRL,perm,ABL,p5,scale,132.75541915235485
C-WEU-IRL,perm,MFH,p5,scale,132.75541915235485
C-WEU-IRL,perm,SFH,p5,scale,132.75541915235485
C-WEU-IRL,perm,ABL,p5,shape,2.95
C-WEU-IRL,perm,MFH,p5,shape,2.95
C-WEU-IRL,perm,SFH,p5,shape,2.95
C-WEU-IRL,perm,ABL,p6,scale,132.75541915235485
C-WEU-IRL,perm,MFH,p6,scale,132.75541915235485
C-WEU-IRL,perm,SFH,p6,scale,132.75541915235485
C-WEU-IRL,perm,ABL,p6,shape,2.95
C-WEU-IRL,perm,MFH,p6,shape,2.95
C-WEU-IRL,perm,SFH,p6,shape,2.95
C-WEU-IRL,perm,ABL,p7,scale,132.75541915235485
C-WEU-IRL,perm,MFH,p7,scale,132.75541915235485
C-WEU-IRL,perm,SFH,p7,scale,132.75541915235485
C-WEU-IRL,perm,ABL,p7,shape,2.95
C-WEU-IRL,perm,MFH,p7,shape,2.95
C-WEU-IRL,perm,SFH,p7,shape,2.95
C-WEU-IRL,perm,ABL,p8,scale,132.75541915235485
C-WEU-IRL,perm,MFH,p8,scale,132.75541915235485
C-WEU-IRL,perm,SFH,p8,scale,132.75541915235485
C-WEU-IRL,perm,ABL,p8,shape,2.95
C-WEU-IRL,perm,MFH,p8,shape,2.95
C-WEU-IRL,perm,SFH,p8,shape,2.95
C-WEU-IRL,perm,ABL,p9,scale,132.75541915235485
C-WEU-IRL,perm,MFH,p9,scale,132.75541915235485
C-WEU-IRL,perm,SFH,p9,scale,132.75541915235485
C-WEU-IRL,perm,ABL,p9,shape,2.95
C-WEU-IRL,perm,MFH,p9,shape,2.95
C-WEU-IRL,perm,SFH,p9,shape,2.95
C-WEU-ITA,perm,ABL,p1,scale,156.89276808914664
C-WEU-ITA,perm,MFH,p1,scale,156.89276808914664
C-WEU-ITA,perm,SFH,p1,scale,156.89276808914664
C-WEU-ITA,perm,ABL,p1,shape,2.95
C-WEU-ITA,perm,MFH,p1,shape,2.95
C-WEU-ITA,perm,SFH,p1,shape,2.95
C-WEU-ITA,perm,ABL,p2,scale,132.75541915235485
C-WEU-ITA,perm,MFH,p2,scale,132.75541915235485
C-WEU-ITA,perm,SFH,p2,scale,132.75541915235485
C-WEU-ITA,perm,ABL,p2,shape,2.95
C-WEU-ITA,perm,MFH,p2,shape,2.95
C-WEU-ITA,perm,SFH,p2,shape,2.95
C-WEU-ITA,perm,ABL,p3,scale,132.75541915235485
C-WEU-ITA,perm,MFH,p3,scale,132.75541915235485
C-WEU-ITA,perm,SFH,p3,scale,132.75541915235485
C-WEU-ITA,perm,ABL,p3,shape,2.95
C-WEU-ITA,perm,MFH,p3,shape,2.95
C-WEU-ITA,perm,SFH,p3,shape,2.95
C-WEU-ITA,perm,ABL,p4,scale,132.75541915235485
C-WEU-ITA,perm,MFH,p4,scale,132.75541915235485
C-WEU-ITA,perm,SFH,p4,scale,132.75541915235485
C-WEU-ITA,perm,ABL,p4,shape,2.95
C-WEU-ITA,perm,MFH,p4,shape,2.95
C-WEU-ITA,perm,SFH,p4,shape,2.95
C-WEU-ITA,perm,ABL,p5,scale,132.75541915235485
C-WEU-ITA,perm,MFH,p5,scale,132.75541915235485
C-WEU-ITA,perm,SFH,p5,scale,132.75541915235485
C-WEU-ITA,perm,ABL,p5,shape,2.95
C-WEU-ITA,perm,MFH,p5,shape,2.95
C-WEU-ITA,perm,SFH,p5,shape,2.95
C-WEU-ITA,perm,ABL,p6,scale,132.75541915235485
C-WEU-ITA,perm,MFH,p6,scale,132.75541915235485
C-WEU-ITA,perm,SFH,p6,scale,132.75541915235485
C-WEU-ITA,perm,ABL,p6,shape,2.95
C-WEU-ITA,perm,MFH,p6,shape,2.95
C-WEU-ITA,perm,SFH,p6,shape,2.95
C-WEU-ITA,perm,ABL,p7,scale,132.75541915235485
C-WEU-ITA,perm,MFH,p7,scale,132.75541915235485
C-WEU-ITA,perm,SFH,p7,scale,132.75541915235485
C-WEU-ITA,perm,ABL,p7,shape,2.95
C-WEU-ITA,perm,MFH,p7,shape,2.95
C-WEU-ITA,perm,SFH,p7,shape,2.95
C-WEU-ITA,perm,ABL,p8,scale,132.75541915235485
C-WEU-ITA,perm,MFH,p8,scale,132.75541915235485
C-WEU-ITA,perm,SFH,p8,scale,132.75541915235485
C-WEU-ITA,perm,ABL,p8,shape,2.95
C-WEU-ITA,perm,MFH,p8,shape,2.95
C-WEU-ITA,perm,SFH,p8,shape,2.95
C-WEU-ITA,perm,ABL,p9,scale,132.75541915235485
C-WEU-ITA,perm,MFH,p9,scale,132.75541915235485
C-WEU-ITA,perm,SFH,p9,scale,132.75541915235485
C-WEU-ITA,perm,ABL,p9,shape,2.95
C-WEU-ITA,perm,MFH,p9,shape,2.95
C-WEU-ITA,perm,SFH,p9,shape,2.95
C-WEU-LUX,perm,ABL,p1,scale,156.89276808914664
C-WEU-LUX,perm,MFH,p1,scale,156.89276808914664
C-WEU-LUX,perm,SFH,p1,scale,156.89276808914664
C-WEU-LUX,perm,ABL,p1,shape,2.95
C-WEU-LUX,perm,MFH,p1,shape,2.95
C-WEU-LUX,perm,SFH,p1,shape,2.95
C-WEU-LUX,perm,ABL,p2,scale,132.75541915235485
C-WEU-LUX,perm,MFH,p2,scale,132.75541915235485
C-WEU-LUX,perm,SFH,p2,scale,132.75541915235485
C-WEU-LUX,perm,ABL,p2,shape,2.95
C-WEU-LUX,perm,MFH,p2,shape,2.95
C-WEU-LUX,perm,SFH,p2,shape,2.95
C-WEU-LUX,perm,ABL,p3,scale,132.75541915235485
C-WEU-LUX,perm,MFH,p3,scale,132.75541915235485
C-WEU-LUX,perm,SFH,p3,scale,132.75541915235485
C-WEU-LUX,perm,ABL,p3,shape,2.95
C-WEU-LUX,perm,MFH,p3,shape,2.95
C-WEU-LUX,perm,SFH,p3,shape,2.95
C-WEU-LUX,perm,ABL,p4,scale,132.75541915235485
C-WEU-LUX,perm,MFH,p4,scale,132.75541915235485
C-WEU-LUX,perm,SFH,p4,scale,132.75541915235485
C-WEU-LUX,perm,ABL,p4,shape,2.95
C-WEU-LUX,perm,MFH,p4,shape,2.95
C-WEU-LUX,perm,SFH,p4,shape,2.95
C-WEU-LUX,perm,ABL,p5,scale,132.75541915235485
C-WEU-LUX,perm,MFH,p5,scale,132.75541915235485
C-WEU-LUX,perm,SFH,p5,scale,132.75541915235485
C-WEU-LUX,perm,ABL,p5,shape,2.95
C-WEU-LUX,perm,MFH,p5,shape,2.95
C-WEU-LUX,perm,SFH,p5,shape,2.95
C-WEU-LUX,perm,ABL,p6,scale,132.75541915235485
C-WEU-LUX,perm,MFH,p6,scale,132.75541915235485
C-WEU-LUX,perm,SFH,p6,scale,132.75541915235485
C-WEU-LUX,perm,ABL,p6,shape,2.95
C-WEU-LUX,perm,MFH,p6,shape,2.95
C-WEU-LUX,perm,SFH,p6,shape,2.95
C-WEU-LUX,perm,ABL,p7,scale,132.75541915235485
C-WEU-LUX,perm,MFH,p7,scale,132.75541915235485
C-WEU-LUX,perm,SFH,p7,scale,132.75541915235485
C-WEU-LUX,perm,ABL,p7,shape,2.95
C-WEU-LUX,perm,MFH,p7,shape,2.95
C-WEU-LUX,perm,SFH,p7,shape,2.95
C-WEU-LUX,perm,ABL,p8,scale,132.75541915235485
C-WEU-LUX,perm,MFH,p8,scale,132.75541915235485
C-WEU-LUX,perm,SFH,p8,scale,132.75541915235485
C-WEU-LUX,perm,ABL,p8,shape,2.95
C-WEU-LUX,perm,MFH,p8,shape,2.95
C-WEU-LUX,perm,SFH,p8,shape,2.95
C-WEU-LUX,perm,ABL,p9,scale,132.75541915235485
C-WEU-LUX,perm,MFH,p9,scale,132.75541915235485
C-WEU-LUX,perm,SFH,p9,scale,132.75541915235485
C-WEU-LUX,perm,ABL,p9,shape,2.95
C-WEU-LUX,perm,MFH,p9,shape,2.95
C-WEU-LUX,perm,SFH,p9,shape,2.95
C-WEU-MLT,perm,ABL,p1,scale,156.89276808914664
C-WEU-MLT,perm,MFH,p1,scale,156.89276808914664
C-WEU-MLT,perm,SFH,p1,scale,156.89276808914664
C-WEU-MLT,perm,ABL,p1,shape,2.95
C-WEU-MLT,perm,MFH,p1,shape,2.95
C-WEU-MLT,perm,SFH,p1,shape,2.95
C-WEU-MLT,perm,ABL,p2,scale,132.75541915235485
C-WEU-MLT,perm,MFH,p2,scale,132.75541915235485
C-WEU-MLT,perm,SFH,p2,scale,132.75541915235485
C-WEU-MLT,perm,ABL,p2,shape,2.95
C-WEU-MLT,perm,MFH,p2,shape,2.95
C-WEU-MLT,perm,SFH,p2,shape,2.95
C-WEU-MLT,perm,ABL,p3,scale,132.75541915235485
C-WEU-MLT,perm,MFH,p3,scale,132.75541915235485
C-WEU-MLT,perm,SFH,p3,scale,132.75541915235485
C-WEU-MLT,perm,ABL,p3,shape,2.95
C-WEU-MLT,perm,MFH,p3,shape,2.95
C-WEU-MLT,perm,SFH,p3,shape,2.95
C-WEU-MLT,perm,ABL,p4,scale,132.75541915235485
C-WEU-MLT,perm,MFH,p4,scale,132.75541915235485
C-WEU-MLT,perm,SFH,p4,scale,132.75541915235485
C-WEU-MLT,perm,ABL,p4,shape,2.95
C-WEU-MLT,perm,MFH,p4,shape,2.95
C-WEU-MLT,perm,SFH,p4,shape,2.95
C-WEU-MLT,perm,ABL,p5,scale,132.75541915235485
C-WEU-MLT,perm,MFH,p5,scale,132.75541915235485
C-WEU-MLT,perm,SFH,p5,scale,132.75541915235485
C-WEU-MLT,perm,ABL,p5,shape,2.95
C-WEU-MLT,perm,MFH,p5,shape,2.95
C-WEU-MLT,perm,SFH,p5,shape,2.95
C-WEU-MLT,perm,ABL,p6,scale,132.75541915235485
C-WEU-MLT,perm,MFH,p6,scale,132.75541915235485
C-WEU-MLT,perm,SFH,p6,scale,132.75541915235485
C-WEU-MLT,perm,ABL,p6,shape,2.95
C-WEU-MLT,perm,MFH,p6,shape,2.95
C-WEU-MLT,perm,SFH,p6,shape,2.95
C-WEU-MLT,perm,ABL,p7,scale,132.75541915235485
C-WEU-MLT,perm,MFH,p7,scale,132.75541915235485
C-WEU-MLT,perm,SFH,p7,scale,132.75541915235485
C-WEU-MLT,perm,ABL,p7,shape,2.95
C-WEU-MLT,perm,MFH,p7,shape,2.95
C-WEU-MLT,perm,SFH,p7,shape,2.95
C-WEU-MLT,perm,ABL,p8,scale,132.75541915235485
C-WEU-MLT,perm,MFH,p8,scale,132.75541915235485
C-WEU-MLT,perm,SFH,p8,scale,132.75541915235485
C-WEU-MLT,perm,ABL,p8,shape,2.95
C-WEU-MLT,perm,MFH,p8,shape,2.95
C-WEU-MLT,perm,SFH,p8,shape,2.95
C-WEU-MLT,perm,ABL,p9,scale,132.75541915235485
C-WEU-MLT,perm,MFH,p9,scale,132.75541915235485
C-WEU-MLT,perm,SFH,p9,scale,132.75541915235485
C-WEU-MLT,perm,ABL,p9,shape,2.95
C-WEU-MLT,perm,MFH,p9,shape,2.95
C-WEU-MLT,perm,SFH,p9,shape,2.95
C-WEU-NLD,perm,ABL,p1,scale,156.89276808914664
C-WEU-NLD,perm,MFH,p1,scale,156.89276808914664
C-WEU-NLD,perm,SFH,p1,scale,156.89276808914664
C-WEU-NLD,perm,ABL,p1,shape,2.95
C-WEU-NLD,perm,MFH,p1,shape,2.95
C-WEU-NLD,perm,SFH,p1,shape,2.95
C-WEU-NLD,perm,ABL,p2,scale,134.47951550498283
C-WEU-NLD,perm,MFH,p2,scale,134.47951550498283
C-WEU-NLD,perm,SFH,p2,scale,134.47951550498283
C-WEU-NLD,perm,ABL,p2,shape,2.95
C-WEU-NLD,perm,MFH,p2,shape,2.95
C-WEU-NLD,perm,SFH,p2,shape,2.95
C-WEU-NLD,perm,ABL,p3,scale,134.47951550498283
C-WEU-NLD,perm,MFH,p3,scale,134.47951550498283
C-WEU-NLD,perm,SFH,p3,scale,134.47951550498283
C-WEU-NLD,perm,ABL,p3,shape,2.95
C-WEU-NLD,perm,MFH,p3,shape,2.95
C-WEU-NLD,perm,SFH,p3,shape,2.95
C-WEU-NLD,perm,ABL,p4,scale,134.47951550498283
C-WEU-NLD,perm,MFH,p4,scale,134.47951550498283
C-WEU-NLD,perm,SFH,p4,scale,134.47951550498283
C-WEU-NLD,perm,ABL,p4,shape,2.95
C-WEU-NLD,perm,MFH,p4,shape,2.95
C-WEU-NLD,perm,SFH,p4,shape,2.95
C-WEU-NLD,perm,ABL,p5,scale,134.47951550498283
C-WEU-NLD,perm,MFH,p5,scale,134.47951550498283
C-WEU-NLD,perm,SFH,p5,scale,134.47951550498283
C-WEU-NLD,perm,ABL,p5,shape,2.95
C-WEU-NLD,perm,MFH,p5,shape,2.95
C-WEU-NLD,perm,SFH,p5,shape,2.95
C-WEU-NLD,perm,ABL,p6,scale,134.47951550498283
C-WEU-NLD,perm,MFH,p6,scale,134.47951550498283
C-WEU-NLD,perm,SFH,p6,scale,134.47951550498283
C-WEU-NLD,perm,ABL,p6,shape,2.95
C-WEU-NLD,perm,MFH,p6,shape,2.95
C-WEU-NLD,perm,SFH,p6,shape,2.95
C-WEU-NLD,perm,ABL,p7,scale,134.47951550498283
C-WEU-NLD,perm,MFH,p7,scale,134.47951550498283
C-WEU-NLD,perm,SFH,p7,scale,134.47951550498283
C-WEU-NLD,perm,ABL,p7,shape,2.95
C-WEU-NLD,perm,MFH,p7,shape,2.95
C-WEU-NLD,perm,SFH,p7,shape,2.95
C-WEU-NLD,perm,ABL,p8,scale,134.47951550498283
C-WEU-NLD,perm,MFH,p8,scale,134.47951550498283
C-WEU-NLD,perm,SFH,p8,scale,134.47951550498283
C-WEU-NLD,perm,ABL,p8,shape,2.95
C-WEU-NLD,perm,MFH,p8,shape,2.95
C-WEU-NLD,perm,SFH,p8,shape,2.95
C-WEU-NLD,perm,ABL,p9,scale,134.47951550498283
C-WEU-NLD,perm,MFH,p9,scale,134.47951550498283
C-WEU-NLD,perm,SFH,p9,scale,134.47951550498283
C-WEU-NLD,perm,ABL,p9,shape,2.95
C-WEU-NLD,perm,MFH,p9,shape,2.95
C-WEU-NLD,perm,SFH,p9,shape,2.95
C-WEU-PRT,perm,ABL,p1,scale,156.89276808914664
C-WEU-PRT,perm,MFH,p1,scale,156.89276808914664
C-WEU-PRT,perm,SFH,p1,scale,156.89276808914664
C-WEU-PRT,perm,ABL,p1,shape,2.95
C-WEU-PRT,perm,MFH,p1,shape,2.95
C-WEU-PRT,perm,SFH,p1,shape,2.95
C-WEU-PRT,perm,ABL,p2,scale,132.75541915235485
C-WEU-PRT,perm,MFH,p2,scale,132.75541915235485
C-WEU-PRT,perm,SFH,p2,scale,132.75541915235485
C-WEU-PRT,perm,ABL,p2,shape,2.95
C-WEU-PRT,perm,MFH,p2,shape,2.95
C-WEU-PRT,perm,SFH,p2,shape,2.95
C-WEU-PRT,perm,ABL,p3,scale,132.75541915235485
C-WEU-PRT,perm,MFH,p3,scale,132.75541915235485
C-WEU-PRT,perm,SFH,p3,scale,132.75541915235485
C-WEU-PRT,perm,ABL,p3,shape,2.95
C-WEU-PRT,perm,MFH,p3,shape,2.95
C-WEU-PRT,perm,SFH,p3,shape,2.95
C-WEU-PRT,perm,ABL,p4,scale,132.75541915235485
C-WEU-PRT,perm,MFH,p4,scale,132.75541915235485
C-WEU-PRT,perm,SFH,p4,scale,132.75541915235485
C-WEU-PRT,perm,ABL,p4,shape,2.95
C-WEU-PRT,perm,MFH,p4,shape,2.95
C-WEU-PRT,perm,SFH,p4,shape,2.95
C-WEU-PRT,perm,ABL,p5,scale,132.75541915235485
C-WEU-PRT,perm,MFH,p5,scale,132.75541915235485
C-WEU-PRT,perm,SFH,p5,scale,132.75541915235485
C-WEU-PRT,perm,ABL,p5,shape,2.95
C-WEU-PRT,perm,MFH,p5,shape,2.95
C-WEU-PRT,perm,SFH,p5,shape,2.95
C-WEU-PRT,perm,ABL,p6,scale,132.75541915235485
C-WEU-PRT,perm,MFH,p6,scale,132.75541915235485
C-WEU-PRT,perm,SFH,p6,scale,132.75541915235485
C-WEU-PRT,perm,ABL,p6,shape,2.95
C-WEU-PRT,perm,MFH,p6,shape,2.95
C-WEU-PRT,perm,SFH,p6,shape,2.95
C-WEU-PRT,perm,ABL,p7,scale,132.75541915235485
C-WEU-PRT,perm,MFH,p7,scale,132.75541915235485
C-WEU-PRT,perm,SFH,p7,scale,132.75541915235485
C-WEU-PRT,perm,ABL,p7,shape,2.95
C-WEU-PRT,perm,MFH,p7,shape,2.95
C-WEU-PRT,perm,SFH,p7,shape,2.95
C-WEU-PRT,perm,ABL,p8,scale,132.75541915235485
C-WEU-PRT,perm,MFH,p8,scale,132.75541915235485
C-WEU-PRT,perm,SFH,p8,scale,132.75541915235485
C-WEU-PRT,perm,ABL,p8,shape,2.95
C-WEU-PRT,perm,MFH,p8,shape,2.95
C-WEU-PRT,perm,SFH,p8,shape,2.95
C-WEU-PRT,perm,ABL,p9,scale,132.75541915235485
C-WEU-PRT,perm,MFH,p9,scale,132.75541915235485
C-WEU-PRT,perm,SFH,p9,scale,132.75541915235485
C-WEU-PRT,perm,ABL,p9,shape,2.95
C-WEU-PRT,perm,MFH,p9,shape,2.95
C-WEU-PRT,perm,SFH,p9,shape,2.95
C-WEU-SWE,perm,ABL,p1,scale,156.89276808914664
C-WEU-SWE,perm,MFH,p1,scale,156.89276808914664
C-WEU-SWE,perm,SFH,p1,scale,156.89276808914664
C-WEU-SWE,perm,ABL,p1,shape,2.95
C-WEU-SWE,perm,MFH,p1,shape,2.95
C-WEU-SWE,perm,SFH,p1,shape,2.95
C-WEU-SWE,perm,ABL,p2,scale,100.85963662873712
C-WEU-SWE,perm,MFH,p2,scale,100.85963662873712
C-WEU-SWE,perm,SFH,p2,scale,100.85963662873712
C-WEU-SWE,perm,ABL,p2,shape,2.95
C-WEU-SWE,perm,MFH,p2,shape,2.95
C-WEU-SWE,perm,SFH,p2,shape,2.95
C-WEU-SWE,perm,ABL,p3,scale,100.85963662873712
C-WEU-SWE,perm,MFH,p3,scale,100.85963662873712
C-WEU-SWE,perm,SFH,p3,scale,100.85963662873712
C-WEU-SWE,perm,ABL,p3,shape,2.95
C-WEU-SWE,perm,MFH,p3,shape,2.95
C-WEU-SWE,perm,SFH,p3,shape,2.95
C-WEU-SWE,perm,ABL,p4,scale,100.85963662873712
C-WEU-SWE,perm,MFH,p4,scale,100.85963662873712
C-WEU-SWE,perm,SFH,p4,scale,100.85963662873712
C-WEU-SWE,perm,ABL,p4,shape,2.95
C-WEU-SWE,perm,MFH,p4,shape,2.95
C-WEU-SWE,perm,SFH,p4,shape,2.95
C-WEU-SWE,perm,ABL,p5,scale,100.85963662873712
C-WEU-SWE,perm,MFH,p5,scale,100.85963662873712
C-WEU-SWE,perm,SFH,p5,scale,100.85963662873712
C-WEU-SWE,perm,ABL,p5,shape,2.95
C-WEU-SWE,perm,MFH,p5,shape,2.95
C-WEU-SWE,perm,SFH,p5,shape,2.95
C-WEU-SWE,perm,ABL,p6,scale,100.85963662873712
C-WEU-SWE,perm,MFH,p6,scale,100.85963662873712
C-WEU-SWE,perm,SFH,p6,scale,100.85963662873712
C-WEU-SWE,perm,ABL,p6,shape,2.95
C-WEU-SWE,perm,MFH,p6,shape,2.95
C-WEU-SWE,perm,SFH,p6,shape,2.95
C-WEU-SWE,perm,ABL,p7,scale,100.85963662873712
C-WEU-SWE,perm,MFH,p7,scale,100.85963662873712
C-WEU-SWE,perm,SFH,p7,scale,100.85963662873712
C-WEU-SWE,perm,ABL,p7,shape,2.95
C-WEU-SWE,perm,MFH,p7,shape,2.95
C-WEU-SWE,perm,SFH,p7,shape,2.95
C-WEU-SWE,perm,ABL,p8,scale,100.85963662873712
C-WEU-SWE,perm,MFH,p8,scale,100.85963662873712
C-WEU-SWE,perm,SFH,p8,scale,100.85963662873712
C-WEU-SWE,perm,ABL,p8,shape,2.95
C-WEU-SWE,perm,MFH,p8,shape,2.95
C-WEU-SWE,perm,SFH,p8,shape,2.95
C-WEU-SWE,perm,ABL,p9,scale,100.85963662873712
C-WEU-SWE,perm,MFH,p9,scale,100.85963662873712
C-WEU-SWE,perm,SFH,p9,scale,100.85963662873712
C-WEU-SWE,perm,ABL,p9,shape,2.95
C-WEU-SWE,perm,MFH,p9,shape,2.95
C-WEU-SWE,perm,SFH,p9,shape,2.95
