"region","fuel","year","emission_factor"
"C-EEU-BGR","gas",2015,56.1
"C-EEU-BGR","electricity",2015,180.2429753517
"C-EEU-BGR","gas",2020,56.1
"C-EEU-BGR","electricity",2020,121.310303485836
"C-EEU-BGR","gas",2025,56.1
"C-EEU-BGR","electricity",2025,120.831852549973
"C-EEU-BGR","gas",2030,56.1
"C-EEU-BGR","electricity",2030,81.4624044980051
"C-EEU-BGR","gas",2035,56.1
"C-EEU-BGR","electricity",2035,162.264220241837
"C-EEU-BGR","gas",2040,56.1
"C-EEU-BGR","electricity",2040,140.374983469182
"C-EEU-BGR","gas",2045,56.1
"C-EEU-BGR","electricity",2045,156.896025181254
"C-EEU-BGR","gas",2050,56.1
"C-EEU-BGR","electricity",2050,161.085026371618
"C-EEU-BGR","gas",2055,56.1
"C-EEU-BGR","electricity",2055,127.887107353825
"C-EEU-BGR","gas",2060,56.1
"C-EEU-BGR","electricity",2060,123.194781153779
"C-EEU-BGR","gas",2065,56.1
"C-EEU-BGR","electricity",2065,123.575598401561
"C-EEU-BGR","gas",2070,56.1
"C-EEU-BGR","electricity",2070,123.956415649343
"C-EEU-BGR","gas",2075,56.1
"C-EEU-BGR","electricity",2075,123.26866587448
"C-EEU-BGR","gas",2080,56.1
"C-EEU-BGR","electricity",2080,122.580916099619
"C-EEU-BGR","gas",2085,56.1
"C-EEU-BGR","electricity",2085,126.022155974059
"C-EEU-BGR","gas",2090,56.1
"C-EEU-BGR","electricity",2090,129.463395848497
"C-EEU-BGR","gas",2095,56.1
"C-EEU-BGR","electricity",2095,132.429477318179
"C-EEU-BGR","gas",2100,56.1
"C-EEU-BGR","electricity",2100,135.39555878786
"C-EEU-CZE","gas",2015,56.1
"C-EEU-CZE","electricity",2015,216.050808470299
"C-EEU-CZE","gas",2020,56.1
"C-EEU-CZE","electricity",2020,121.310303485836
"C-EEU-CZE","gas",2025,56.1
"C-EEU-CZE","electricity",2025,120.831852549973
"C-EEU-CZE","gas",2030,56.1
"C-EEU-CZE","electricity",2030,81.4624044980051
"C-EEU-CZE","gas",2035,56.1
"C-EEU-CZE","electricity",2035,162.264220241837
"C-EEU-CZE","gas",2040,56.1
"C-EEU-CZE","electricity",2040,140.374983469182
"C-EEU-CZE","gas",2045,56.1
"C-EEU-CZE","electricity",2045,156.896025181254
"C-EEU-CZE","gas",2050,56.1
"C-EEU-CZE","electricity",2050,161.085026371618
"C-EEU-CZE","gas",2055,56.1
"C-EEU-CZE","electricity",2055,153.293701919913
"C-EEU-CZE","gas",2060,56.1
"C-EEU-CZE","electricity",2060,147.669178316993
"C-EEU-CZE","gas",2065,56.1
"C-EEU-CZE","electricity",2065,148.125650332627
"C-EEU-CZE","gas",2070,56.1
"C-EEU-CZE","electricity",2070,148.582122348261
"C-EEU-CZE","gas",2075,56.1
"C-EEU-CZE","electricity",2075,147.757741289336
"C-EEU-CZE","gas",2080,56.1
"C-EEU-CZE","electricity",2080,146.933360230412
"C-EEU-CZE","gas",2085,56.1
"C-EEU-CZE","electricity",2085,151.058251397805
"C-EEU-CZE","gas",2090,56.1
"C-EEU-CZE","electricity",2090,155.183142565197
"C-EEU-CZE","gas",2095,56.1
"C-EEU-CZE","electricity",2095,158.73847834604
"C-EEU-CZE","gas",2100,56.1
"C-EEU-CZE","electricity",2100,162.293814126883
"C-EEU-EST","gas",2015,56.1
"C-EEU-EST","electricity",2015,189.961080390251
"C-EEU-EST","gas",2020,56.1
"C-EEU-EST","electricity",2020,121.310303485836
"C-EEU-EST","gas",2025,56.1
"C-EEU-EST","electricity",2025,120.831852549973
"C-EEU-EST","gas",2030,56.1
"C-EEU-EST","electricity",2030,81.4624044980051
"C-EEU-EST","gas",2035,56.1
"C-EEU-EST","electricity",2035,162.264220241837
"C-EEU-EST","gas",2040,56.1
"C-EEU-EST","electricity",2040,140.374983469182
"C-EEU-EST","gas",2045,56.1
"C-EEU-EST","electricity",2045,156.896025181254
"C-EEU-EST","gas",2050,56.1
"C-EEU-EST","electricity",2050,161.085026371618
"C-EEU-EST","gas",2055,56.1
"C-EEU-EST","electricity",2055,134.782357168226
"C-EEU-EST","gas",2060,56.1
"C-EEU-EST","electricity",2060,129.837036260353
"C-EEU-EST","gas",2065,56.1
"C-EEU-EST","electricity",2065,130.2383859145
"C-EEU-EST","gas",2070,56.1
"C-EEU-EST","electricity",2070,130.639735568647
"C-EEU-EST","gas",2075,56.1
"C-EEU-EST","electricity",2075,129.914904600804
"C-EEU-EST","gas",2080,56.1
"C-EEU-EST","electricity",2080,129.190073632963
"C-EEU-EST","gas",2085,56.1
"C-EEU-EST","electricity",2085,132.816853778791
"C-EEU-EST","gas",2090,56.1
"C-EEU-EST","electricity",2090,136.443633924618
"C-EEU-EST","gas",2095,56.1
"C-EEU-EST","electricity",2095,139.569636696193
"C-EEU-EST","gas",2100,56.1
"C-EEU-EST","electricity",2100,142.695639467767
"C-EEU-HRV","gas",2015,56.1
"C-EEU-HRV","electricity",2015,106.46196426901
"C-EEU-HRV","gas",2020,56.1
"C-EEU-HRV","electricity",2020,121.310303485836
"C-EEU-HRV","gas",2025,56.1
"C-EEU-HRV","electricity",2025,120.831852549973
"C-EEU-HRV","gas",2030,56.1
"C-EEU-HRV","electricity",2030,81.4624044980051
"C-EEU-HRV","gas",2035,56.1
"C-EEU-HRV","electricity",2035,162.264220241837
"C-EEU-HRV","gas",2040,56.1
"C-EEU-HRV","electricity",2040,140.374983469182
"C-EEU-HRV","gas",2045,56.1
"C-EEU-HRV","electricity",2045,156.896025181254
"C-EEU-HRV","gas",2050,56.1
"C-EEU-HRV","electricity",2050,161.085026371618
"C-EEU-HRV","gas",2055,56.1
"C-EEU-HRV","electricity",2055,75.5375493941074
"C-EEU-HRV","gas",2060,56.1
"C-EEU-HRV","electricity",2060,72.7659891528662
"C-EEU-HRV","gas",2065,56.1
"C-EEU-HRV","electricity",2065,72.9909219256816
"C-EEU-HRV","gas",2070,56.1
"C-EEU-HRV","electricity",2070,73.215854698497
"C-EEU-HRV","gas",2075,56.1
"C-EEU-HRV","electricity",2075,72.8096297578881
"C-EEU-HRV","gas",2080,56.1
"C-EEU-HRV","electricity",2080,72.4034048172798
"C-EEU-HRV","gas",2085,56.1
"C-EEU-HRV","electricity",2085,74.4360008496014
"C-EEU-HRV","gas",2090,56.1
"C-EEU-HRV","electricity",2090,76.4685968819223
"C-EEU-HRV","gas",2095,56.1
"C-EEU-HRV","electricity",2095,78.220536777655
"C-EEU-HRV","gas",2100,56.1
"C-EEU-HRV","electricity",2100,79.9724766733876
"C-EEU-HUN","gas",2015,56.1
"C-EEU-HUN","electricity",2015,120.870004218226
"C-EEU-HUN","gas",2020,56.1
"C-EEU-HUN","electricity",2020,121.310303485836
"C-EEU-HUN","gas",2025,56.1
"C-EEU-HUN","electricity",2025,120.831852549973
"C-EEU-HUN","gas",2030,56.1
"C-EEU-HUN","electricity",2030,81.4624044980051
"C-EEU-HUN","gas",2035,56.1
"C-EEU-HUN","electricity",2035,162.264220241837
"C-EEU-HUN","gas",2040,56.1
"C-EEU-HUN","electricity",2040,140.374983469182
"C-EEU-HUN","gas",2045,56.1
"C-EEU-HUN","electricity",2045,156.896025181254
"C-EEU-HUN","gas",2050,56.1
"C-EEU-HUN","electricity",2050,161.085026371618
"C-EEU-HUN","gas",2055,56.1
"C-EEU-HUN","electricity",2055,85.7604307471709
"C-EEU-HUN","gas",2060,56.1
"C-EEU-HUN","electricity",2060,82.6137811399609
"C-EEU-HUN","gas",2065,56.1
"C-EEU-HUN","electricity",2065,82.8691552107447
"C-EEU-HUN","gas",2070,56.1
"C-EEU-HUN","electricity",2070,83.1245292815284
"C-EEU-HUN","gas",2075,56.1
"C-EEU-HUN","electricity",2075,82.6633278503687
"C-EEU-HUN","gas",2080,56.1
"C-EEU-HUN","electricity",2080,82.2021264192097
"C-EEU-HUN","gas",2085,56.1
"C-EEU-HUN","electricity",2085,84.5098040267716
"C-EEU-HUN","gas",2090,56.1
"C-EEU-HUN","electricity",2090,86.8174816343328
"C-EEU-HUN","gas",2095,56.1
"C-EEU-HUN","electricity",2095,88.8065204806593
"C-EEU-HUN","gas",2100,56.1
"C-EEU-HUN","electricity",2100,90.7955593269859
"C-EEU-LTU","gas",2015,56.1
"C-EEU-LTU","electricity",2015,108.88341987072
"C-EEU-LTU","gas",2020,56.1
"C-EEU-LTU","electricity",2020,121.310303485836
"C-EEU-LTU","gas",2025,56.1
"C-EEU-LTU","electricity",2025,120.831852549973
"C-EEU-LTU","gas",2030,56.1
"C-EEU-LTU","electricity",2030,81.4624044980051
"C-EEU-LTU","gas",2035,56.1
"C-EEU-LTU","electricity",2035,162.264220241837
"C-EEU-LTU","gas",2040,56.1
"C-EEU-LTU","electricity",2040,140.374983469182
"C-EEU-LTU","gas",2045,56.1
"C-EEU-LTU","electricity",2045,156.896025181254
"C-EEU-LTU","gas",2050,56.1
"C-EEU-LTU","electricity",2050,161.085026371618
"C-EEU-LTU","gas",2055,56.1
"C-EEU-LTU","electricity",2055,77.2556355047267
"C-EEU-LTU","gas",2060,56.1
"C-EEU-LTU","electricity",2060,74.4210366926898
"C-EEU-LTU","gas",2065,56.1
"C-EEU-LTU","electricity",2065,74.6510855154154
"C-EEU-LTU","gas",2070,56.1
"C-EEU-LTU","electricity",2070,74.881134338141
"C-EEU-LTU","gas",2075,56.1
"C-EEU-LTU","electricity",2075,74.4656698943467
"C-EEU-LTU","gas",2080,56.1
"C-EEU-LTU","electricity",2080,74.050205450553
"C-EEU-LTU","gas",2085,56.1
"C-EEU-LTU","electricity",2085,76.1290324638852
"C-EEU-LTU","gas",2090,56.1
"C-EEU-LTU","electricity",2090,78.2078594772168
"C-EEU-LTU","gas",2095,56.1
"C-EEU-LTU","electricity",2095,79.9996468875385
"C-EEU-LTU","gas",2100,56.1
"C-EEU-LTU","electricity",2100,81.7914342978601
"C-EEU-LVA","gas",2015,56.1
"C-EEU-LVA","electricity",2015,82.9007418612965
"C-EEU-LVA","gas",2020,56.1
"C-EEU-LVA","electricity",2020,121.310303485836
"C-EEU-LVA","gas",2025,56.1
"C-EEU-LVA","electricity",2025,120.831852549973
"C-EEU-LVA","gas",2030,56.1
"C-EEU-LVA","electricity",2030,81.4624044980051
"C-EEU-LVA","gas",2035,56.1
"C-EEU-LVA","electricity",2035,162.264220241837
"C-EEU-LVA","gas",2040,56.1
"C-EEU-LVA","electricity",2040,140.374983469182
"C-EEU-LVA","gas",2045,56.1
"C-EEU-LVA","electricity",2045,156.896025181254
"C-EEU-LVA","gas",2050,56.1
"C-EEU-LVA","electricity",2050,161.085026371618
"C-EEU-LVA","gas",2055,56.1
"C-EEU-LVA","electricity",2055,58.8202455792813
"C-EEU-LVA","gas",2060,56.1
"C-EEU-LVA","electricity",2060,56.6620625916784
"C-EEU-LVA","gas",2065,56.1
"C-EEU-LVA","electricity",2065,56.8372152282407
"C-EEU-LVA","gas",2070,56.1
"C-EEU-LVA","electricity",2070,57.0123678648029
"C-EEU-LVA","gas",2075,56.1
"C-EEU-LVA","electricity",2075,56.6960450431241
"C-EEU-LVA","gas",2080,56.1
"C-EEU-LVA","electricity",2080,56.3797222214459
"C-EEU-LVA","gas",2085,56.1
"C-EEU-LVA","electricity",2085,57.9624820375057
"C-EEU-LVA","gas",2090,56.1
"C-EEU-LVA","electricity",2090,59.545241853565
"C-EEU-LVA","gas",2095,56.1
"C-EEU-LVA","electricity",2095,60.909457872402
"C-EEU-LVA","gas",2100,56.1
"C-EEU-LVA","electricity",2100,62.2736738912391
"C-EEU-POL","gas",2015,56.1
"C-EEU-POL","electricity",2015,346.827463132373
"C-EEU-POL","gas",2020,56.1
"C-EEU-POL","electricity",2020,121.310303485836
"C-EEU-POL","gas",2025,56.1
"C-EEU-POL","electricity",2025,120.831852549973
"C-EEU-POL","gas",2030,56.1
"C-EEU-POL","electricity",2030,81.4624044980051
"C-EEU-POL","gas",2035,56.1
"C-EEU-POL","electricity",2035,162.264220241837
"C-EEU-POL","gas",2040,56.1
"C-EEU-POL","electricity",2040,140.374983469182
"C-EEU-POL","gas",2045,56.1
"C-EEU-POL","electricity",2045,156.896025181254
"C-EEU-POL","gas",2050,56.1
"C-EEU-POL","electricity",2050,161.085026371618
"C-EEU-POL","gas",2055,56.1
"C-EEU-POL","electricity",2055,246.083160380132
"C-EEU-POL","gas",2060,56.1
"C-EEU-POL","electricity",2060,237.054083996013
"C-EEU-POL","gas",2065,56.1
"C-EEU-POL","electricity",2065,237.786860847413
"C-EEU-POL","gas",2070,56.1
"C-EEU-POL","electricity",2070,238.519637698813
"C-EEU-POL","gas",2075,56.1
"C-EEU-POL","electricity",2075,237.196254586545
"C-EEU-POL","gas",2080,56.1
"C-EEU-POL","electricity",2080,235.872871474279
"C-EEU-POL","gas",2085,56.1
"C-EEU-POL","electricity",2085,242.494580272378
"C-EEU-POL","gas",2090,56.1
"C-EEU-POL","electricity",2090,249.116289070475
"C-EEU-POL","gas",2095,56.1
"C-EEU-POL","electricity",2095,254.823687705935
"C-EEU-POL","gas",2100,56.1
"C-EEU-POL","electricity",2100,260.531086341396
"C-EEU-ROU","gas",2015,56.1
"C-EEU-ROU","electricity",2015,130.448987828211
"C-EEU-ROU","gas",2020,56.1
"C-EEU-ROU","electricity",2020,121.310303485836
"C-EEU-ROU","gas",2025,56.1
"C-EEU-ROU","electricity",2025,120.831852549973
"C-EEU-ROU","gas",2030,56.1
"C-EEU-ROU","electricity",2030,81.4624044980051
"C-EEU-ROU","gas",2035,56.1
"C-EEU-ROU","electricity",2035,162.264220241837
"C-EEU-ROU","gas",2040,56.1
"C-EEU-ROU","electricity",2040,140.374983469182
"C-EEU-ROU","gas",2045,56.1
"C-EEU-ROU","electricity",2045,156.896025181254
"C-EEU-ROU","gas",2050,56.1
"C-EEU-ROU","electricity",2050,161.085026371618
"C-EEU-ROU","gas",2055,56.1
"C-EEU-ROU","electricity",2055,92.5569702676733
"C-EEU-ROU","gas",2060,56.1
"C-EEU-ROU","electricity",2060,89.1609477477313
"C-EEU-ROU","gas",2065,56.1
"C-EEU-ROU","electricity",2065,89.4365602892115
"C-EEU-ROU","gas",2070,56.1
"C-EEU-ROU","electricity",2070,89.7121728306917
"C-EEU-ROU","gas",2075,56.1
"C-EEU-ROU","electricity",2075,89.2144210496039
"C-EEU-ROU","gas",2080,56.1
"C-EEU-ROU","electricity",2080,88.7166692685169
"C-EEU-ROU","gas",2085,56.1
"C-EEU-ROU","electricity",2085,91.2072310095158
"C-EEU-ROU","gas",2090,56.1
"C-EEU-ROU","electricity",2090,93.6977927505139
"C-EEU-ROU","gas",2095,56.1
"C-EEU-ROU","electricity",2095,95.8444635141372
"C-EEU-ROU","gas",2100,56.1
"C-EEU-ROU","electricity",2100,97.9911342777605
"C-EEU-SVK","gas",2015,56.1
"C-EEU-SVK","electricity",2015,74.4344996261779
"C-EEU-SVK","gas",2020,56.1
"C-EEU-SVK","electricity",2020,121.310303485836
"C-EEU-SVK","gas",2025,56.1
"C-EEU-SVK","electricity",2025,120.831852549973
"C-EEU-SVK","gas",2030,56.1
"C-EEU-SVK","electricity",2030,81.4624044980051
"C-EEU-SVK","gas",2035,56.1
"C-EEU-SVK","electricity",2035,162.264220241837
"C-EEU-SVK","gas",2040,56.1
"C-EEU-SVK","electricity",2040,140.374983469182
"C-EEU-SVK","gas",2045,56.1
"C-EEU-SVK","electricity",2045,156.896025181254
"C-EEU-SVK","gas",2050,56.1
"C-EEU-SVK","electricity",2050,161.085026371618
"C-EEU-SVK","gas",2055,56.1
"C-EEU-SVK","electricity",2055,52.8132251808806
"C-EEU-SVK","gas",2060,56.1
"C-EEU-SVK","electricity",2060,50.875446734305
"C-EEU-SVK","gas",2065,56.1
"C-EEU-SVK","electricity",2065,51.0327118994651
"C-EEU-SVK","gas",2070,56.1
"C-EEU-SVK","electricity",2070,51.1899770646253
"C-EEU-SVK","gas",2075,56.1
"C-EEU-SVK","electricity",2075,50.9059587262684
"C-EEU-SVK","gas",2080,56.1
"C-EEU-SVK","electricity",2080,50.6219403879119
"C-EEU-SVK","gas",2085,56.1
"C-EEU-SVK","electricity",2085,52.0430607819121
"C-EEU-SVK","gas",2090,56.1
"C-EEU-SVK","electricity",2090,53.4641811759118
"C-EEU-SVK","gas",2095,56.1
"C-EEU-SVK","electricity",2095,54.6890765684531
"C-EEU-SVK","gas",2100,56.1
"C-EEU-SVK","electricity",2100,55.9139719609943
"C-EEU-SVN","gas",2015,56.1
"C-EEU-SVN","electricity",2015,130.09160651266
"C-EEU-SVN","gas",2020,56.1
"C-EEU-SVN","electricity",2020,121.310303485836
"C-EEU-SVN","gas",2025,56.1
"C-EEU-SVN","electricity",2025,120.831852549973
"C-EEU-SVN","gas",2030,56.1
"C-EEU-SVN","electricity",2030,81.4624044980051
"C-EEU-SVN","gas",2035,56.1
"C-EEU-SVN","electricity",2035,162.264220241837
"C-EEU-SVN","gas",2040,56.1
"C-EEU-SVN","electricity",2040,140.374983469182
"C-EEU-SVN","gas",2045,56.1
"C-EEU-SVN","electricity",2045,156.896025181254
"C-EEU-SVN","gas",2050,56.1
"C-EEU-SVN","electricity",2050,161.085026371618
"C-EEU-SVN","gas",2055,56.1
"C-EEU-SVN","electricity",2055,92.3033988728437
"C-EEU-SVN","gas",2060,56.1
"C-EEU-SVN","electricity",2060,88.9166801812872
"C-EEU-SVN","gas",2065,56.1
"C-EEU-SVN","electricity",2065,89.1915376477431
"C-EEU-SVN","gas",2070,56.1
"C-EEU-SVN","electricity",2070,89.466395114199
"C-EEU-SVN","gas",2075,56.1
"C-EEU-SVN","electricity",2075,88.9700069863622
"C-EEU-SVN","gas",2080,56.1
"C-EEU-SVN","electricity",2080,88.4736188585262
"C-EEU-SVN","gas",2085,56.1
"C-EEU-SVN","electricity",2085,90.9573573941766
"C-EEU-SVN","gas",2090,56.1
"C-EEU-SVN","electricity",2090,93.4410959298261
"C-EEU-SVN","gas",2095,56.1
"C-EEU-SVN","electricity",2095,95.5818856204389
"C-EEU-SVN","gas",2100,56.1
"C-EEU-SVN","electricity",2100,97.7226753110518
"C-WEU-AUT","gas",2015,56.1
"C-WEU-AUT","electricity",2015,56.0401368284137
"C-WEU-AUT","gas",2020,56.1
"C-WEU-AUT","electricity",2020,81.4603700508778
"C-WEU-AUT","gas",2025,56.1
"C-WEU-AUT","electricity",2025,81.6097378435336
"C-WEU-AUT","gas",2030,56.1
"C-WEU-AUT","electricity",2030,88.3322473092453
"C-WEU-AUT","gas",2035,56.1
"C-WEU-AUT","electricity",2035,86.4303689531148
"C-WEU-AUT","gas",2040,56.1
"C-WEU-AUT","electricity",2040,73.7130298510416
"C-WEU-AUT","gas",2045,56.1
"C-WEU-AUT","electricity",2045,72.9703983133624
"C-WEU-AUT","gas",2050,56.1
"C-WEU-AUT","electricity",2050,76.0064761298443
"C-WEU-AUT","gas",2055,56.1
"C-WEU-AUT","electricity",2055,35.4897460224954
"C-WEU-AUT","gas",2060,56.1
"C-WEU-AUT","electricity",2060,36.3656313701598
"C-WEU-AUT","gas",2065,56.1
"C-WEU-AUT","electricity",2065,34.3329467674163
"C-WEU-AUT","gas",2070,56.1
"C-WEU-AUT","electricity",2070,32.3002621646728
"C-WEU-AUT","gas",2075,56.1
"C-WEU-AUT","electricity",2075,32.729732931105
"C-WEU-AUT","gas",2080,56.1
"C-WEU-AUT","electricity",2080,33.1592036975371
"C-WEU-AUT","gas",2085,56.1
"C-WEU-AUT","electricity",2085,33.5791744546051
"C-WEU-AUT","gas",2090,56.1
"C-WEU-AUT","electricity",2090,33.9991452116732
"C-WEU-AUT","gas",2095,56.1
"C-WEU-AUT","electricity",2095,34.2157581692753
"C-WEU-AUT","gas",2100,56.1
"C-WEU-AUT","electricity",2100,34.4323711268773
"C-WEU-BEL","gas",2015,56.1
"C-WEU-BEL","electricity",2015,69.9908882051647
"C-WEU-BEL","gas",2020,56.1
"C-WEU-BEL","electricity",2020,81.4603700508778
"C-WEU-BEL","gas",2025,56.1
"C-WEU-BEL","electricity",2025,81.6097378435336
"C-WEU-BEL","gas",2030,56.1
"C-WEU-BEL","electricity",2030,88.3322473092453
"C-WEU-BEL","gas",2035,56.1
"C-WEU-BEL","electricity",2035,86.4303689531148
"C-WEU-BEL","gas",2040,56.1
"C-WEU-BEL","electricity",2040,73.7130298510416
"C-WEU-BEL","gas",2045,56.1
"C-WEU-BEL","electricity",2045,72.9703983133624
"C-WEU-BEL","gas",2050,56.1
"C-WEU-BEL","electricity",2050,76.0064761298443
"C-WEU-BEL","gas",2055,56.1
"C-WEU-BEL","electricity",2055,44.3246392116361
"C-WEU-BEL","gas",2060,56.1
"C-WEU-BEL","electricity",2060,45.4185693288417
"C-WEU-BEL","gas",2065,56.1
"C-WEU-BEL","electricity",2065,42.879863878807
"C-WEU-BEL","gas",2070,56.1
"C-WEU-BEL","electricity",2070,40.3411584287724
"C-WEU-BEL","gas",2075,56.1
"C-WEU-BEL","electricity",2075,40.8775425652491
"C-WEU-BEL","gas",2080,56.1
"C-WEU-BEL","electricity",2080,41.4139267017256
"C-WEU-BEL","gas",2085,56.1
"C-WEU-BEL","electricity",2085,41.9384458762128
"C-WEU-BEL","gas",2090,56.1
"C-WEU-BEL","electricity",2090,42.4629650507
"C-WEU-BEL","gas",2095,56.1
"C-WEU-BEL","electricity",2095,42.7335021007029
"C-WEU-BEL","gas",2100,56.1
"C-WEU-BEL","electricity",2100,43.0040391507057
"C-WEU-CHE","gas",2015,56.1
"C-WEU-CHE","electricity",2015,15.3952561787785
"C-WEU-CHE","gas",2020,56.1
"C-WEU-CHE","electricity",2020,81.4603700508778
"C-WEU-CHE","gas",2025,56.1
"C-WEU-CHE","electricity",2025,81.6097378435336
"C-WEU-CHE","gas",2030,56.1
"C-WEU-CHE","electricity",2030,88.3322473092453
"C-WEU-CHE","gas",2035,56.1
"C-WEU-CHE","electricity",2035,86.4303689531148
"C-WEU-CHE","gas",2040,56.1
"C-WEU-CHE","electricity",2040,73.7130298510416
"C-WEU-CHE","gas",2045,56.1
"C-WEU-CHE","electricity",2045,72.9703983133624
"C-WEU-CHE","gas",2050,56.1
"C-WEU-CHE","electricity",2050,76.0064761298443
"C-WEU-CHE","gas",2055,56.1
"C-WEU-CHE","electricity",2055,9.74968589760969
"C-WEU-CHE","gas",2060,56.1
"C-WEU-CHE","electricity",2060,9.99030771036186
"C-WEU-CHE","gas",2065,56.1
"C-WEU-CHE","electricity",2065,9.4318918684143
"C-WEU-CHE","gas",2070,56.1
"C-WEU-CHE","electricity",2070,8.87347602646674
"C-WEU-CHE","gas",2075,56.1
"C-WEU-CHE","electricity",2075,8.99145954407956
"C-WEU-CHE","gas",2080,56.1
"C-WEU-CHE","electricity",2080,9.10944306169237
"C-WEU-CHE","gas",2085,56.1
"C-WEU-CHE","electricity",2085,9.22481675202533
"C-WEU-CHE","gas",2090,56.1
"C-WEU-CHE","electricity",2090,9.34019044235829
"C-WEU-CHE","gas",2095,56.1
"C-WEU-CHE","electricity",2095,9.39969800537759
"C-WEU-CHE","gas",2100,56.1
"C-WEU-CHE","electricity",2100,9.45920556839688
"C-WEU-CYP","gas",2015,56.1
"C-WEU-CYP","electricity",2015,244.257401597863
"C-WEU-CYP","gas",2020,56.1
"C-WEU-CYP","electricity",2020,81.4603700508778
"C-WEU-CYP","gas",2025,56.1
"C-WEU-CYP","electricity",2025,81.6097378435336
"C-WEU-CYP","gas",2030,56.1
"C-WEU-CYP","electricity",2030,88.3322473092453
"C-WEU-CYP","gas",2035,56.1
"C-WEU-CYP","electricity",2035,86.4303689531148
"C-WEU-CYP","gas",2040,56.1
"C-WEU-CYP","electricity",2040,73.7130298510416
"C-WEU-CYP","gas",2045,56.1
"C-WEU-CYP","electricity",2045,72.9703983133624
"C-WEU-CYP","gas",2050,56.1
"C-WEU-CYP","electricity",2050,76.0064761298443
"C-WEU-CYP","gas",2055,56.1
"C-WEU-CYP","electricity",2055,154.686152415452
"C-WEU-CYP","gas",2060,56.1
"C-WEU-CYP","electricity",2060,158.503799752275
"C-WEU-CYP","gas",2065,56.1
"C-WEU-CYP","electricity",2065,149.644109404724
"C-WEU-CYP","gas",2070,56.1
"C-WEU-CYP","electricity",2070,140.784419057173
"C-WEU-CYP","gas",2075,56.1
"C-WEU-CYP","electricity",2075,142.656316939796
"C-WEU-CYP","gas",2080,56.1
"C-WEU-CYP","electricity",2080,144.528214822418
"C-WEU-CYP","gas",2085,56.1
"C-WEU-CYP","electricity",2085,146.358705818231
"C-WEU-CYP","gas",2090,56.1
"C-WEU-CYP","electricity",2090,148.189196814043
"C-WEU-CYP","gas",2095,56.1
"C-WEU-CYP","electricity",2095,149.133329379928
"C-WEU-CYP","gas",2100,56.1
"C-WEU-CYP","electricity",2100,150.077461945812
"C-WEU-DEU","gas",2015,56.1
"C-WEU-DEU","electricity",2015,149.408317756168
"C-WEU-DEU","gas",2020,56.1
"C-WEU-DEU","electricity",2020,81.4603700508778
"C-WEU-DEU","gas",2025,56.1
"C-WEU-DEU","electricity",2025,81.6097378435336
"C-WEU-DEU","gas",2030,56.1
"C-WEU-DEU","electricity",2030,88.3322473092453
"C-WEU-DEU","gas",2035,56.1
"C-WEU-DEU","electricity",2035,86.4303689531148
"C-WEU-DEU","gas",2040,56.1
"C-WEU-DEU","electricity",2040,73.7130298510416
"C-WEU-DEU","gas",2045,56.1
"C-WEU-DEU","electricity",2045,72.9703983133624
"C-WEU-DEU","gas",2050,56.1
"C-WEU-DEU","electricity",2050,76.0064761298443
"C-WEU-DEU","gas",2055,56.1
"C-WEU-DEU","electricity",2055,94.6190275560895
"C-WEU-DEU","gas",2060,56.1
"C-WEU-DEU","electricity",2060,96.9542209326243
"C-WEU-DEU","gas",2065,56.1
"C-WEU-DEU","electricity",2065,91.5348910699108
"C-WEU-DEU","gas",2070,56.1
"C-WEU-DEU","electricity",2070,86.1155612071973
"C-WEU-DEU","gas",2075,56.1
"C-WEU-DEU","electricity",2075,87.260570987144
"C-WEU-DEU","gas",2080,56.1
"C-WEU-DEU","electricity",2080,88.4055807670906
"C-WEU-DEU","gas",2085,56.1
"C-WEU-DEU","electricity",2085,89.5252626214095
"C-WEU-DEU","gas",2090,56.1
"C-WEU-DEU","electricity",2090,90.6449444757283
"C-WEU-DEU","gas",2095,56.1
"C-WEU-DEU","electricity",2095,91.2224551570211
"C-WEU-DEU","gas",2100,56.1
"C-WEU-DEU","electricity",2100,91.7999658383138
"C-WEU-DNK","gas",2015,56.1
"C-WEU-DNK","electricity",2015,79.3728330000527
"C-WEU-DNK","gas",2020,56.1
"C-WEU-DNK","electricity",2020,81.4603700508778
"C-WEU-DNK","gas",2025,56.1
"C-WEU-DNK","electricity",2025,81.6097378435336
"C-WEU-DNK","gas",2030,56.1
"C-WEU-DNK","electricity",2030,88.3322473092453
"C-WEU-DNK","gas",2035,56.1
"C-WEU-DNK","electricity",2035,86.4303689531148
"C-WEU-DNK","gas",2040,56.1
"C-WEU-DNK","electricity",2040,73.7130298510416
"C-WEU-DNK","gas",2045,56.1
"C-WEU-DNK","electricity",2045,72.9703983133624
"C-WEU-DNK","gas",2050,56.1
"C-WEU-DNK","electricity",2050,76.0064761298443
"C-WEU-DNK","gas",2055,56.1
"C-WEU-DNK","electricity",2055,50.2661457248541
"C-WEU-DNK","gas",2060,56.1
"C-WEU-DNK","electricity",2060,51.5067119575924
"C-WEU-DNK","gas",2065,56.1
"C-WEU-DNK","electricity",2065,48.627705148431
"C-WEU-DNK","gas",2070,56.1
"C-WEU-DNK","electricity",2070,45.7486983392696
"C-WEU-DNK","gas",2075,56.1
"C-WEU-DNK","electricity",2075,46.3569822113594
"C-WEU-DNK","gas",2080,56.1
"C-WEU-DNK","electricity",2080,46.965266083449
"C-WEU-DNK","gas",2085,56.1
"C-WEU-DNK","electricity",2085,47.5600945519756
"C-WEU-DNK","gas",2090,56.1
"C-WEU-DNK","electricity",2090,48.1549230205023
"C-WEU-DNK","gas",2095,56.1
"C-WEU-DNK","electricity",2095,48.4617242719347
"C-WEU-DNK","gas",2100,56.1
"C-WEU-DNK","electricity",2100,48.7685255233669
"C-WEU-ESP","gas",2015,56.1
"C-WEU-ESP","electricity",2015,83.638764475428
"C-WEU-ESP","gas",2020,56.1
"C-WEU-ESP","electricity",2020,81.4603700508778
"C-WEU-ESP","gas",2025,56.1
"C-WEU-ESP","electricity",2025,81.6097378435336
"C-WEU-ESP","gas",2030,56.1
"C-WEU-ESP","electricity",2030,88.3322473092453
"C-WEU-ESP","gas",2035,56.1
"C-WEU-ESP","electricity",2035,86.4303689531148
"C-WEU-ESP","gas",2040,56.1
"C-WEU-ESP","electricity",2040,73.7130298510416
"C-WEU-ESP","gas",2045,56.1
"C-WEU-ESP","electricity",2045,72.9703983133624
"C-WEU-ESP","gas",2050,56.1
"C-WEU-ESP","electricity",2050,76.0064761298443
"C-WEU-ESP","gas",2055,56.1
"C-WEU-ESP","electricity",2055,52.9677241502243
"C-WEU-ESP","gas",2060,56.1
"C-WEU-ESP","electricity",2060,54.2749652179092
"C-WEU-ESP","gas",2065,56.1
"C-WEU-ESP","electricity",2065,51.2412247889334
"C-WEU-ESP","gas",2070,56.1
"C-WEU-ESP","electricity",2070,48.2074843599577
"C-WEU-ESP","gas",2075,56.1
"C-WEU-ESP","electricity",2075,48.8484607443067
"C-WEU-ESP","gas",2080,56.1
"C-WEU-ESP","electricity",2080,49.4894371286557
"C-WEU-ESP","gas",2085,56.1
"C-WEU-ESP","electricity",2085,50.1162349422394
"C-WEU-ESP","gas",2090,56.1
"C-WEU-ESP","electricity",2090,50.7430327558231
"C-WEU-ESP","gas",2095,56.1
"C-WEU-ESP","electricity",2095,51.0663231895828
"C-WEU-ESP","gas",2100,56.1
"C-WEU-ESP","electricity",2100,51.3896136233423
"C-WEU-FIN","gas",2015,56.1
"C-WEU-FIN","electricity",2015,54.6648440586817
"C-WEU-FIN","gas",2020,56.1
"C-WEU-FIN","electricity",2020,81.4603700508778
"C-WEU-FIN","gas",2025,56.1
"C-WEU-FIN","electricity",2025,81.6097378435336
"C-WEU-FIN","gas",2030,56.1
"C-WEU-FIN","electricity",2030,88.3322473092453
"C-WEU-FIN","gas",2035,56.1
"C-WEU-FIN","electricity",2035,86.4303689531148
"C-WEU-FIN","gas",2040,56.1
"C-WEU-FIN","electricity",2040,73.7130298510416
"C-WEU-FIN","gas",2045,56.1
"C-WEU-FIN","electricity",2045,72.9703983133624
"C-WEU-FIN","gas",2050,56.1
"C-WEU-FIN","electricity",2050,76.0064761298443
"C-WEU-FIN","gas",2055,56.1
"C-WEU-FIN","electricity",2055,34.6187847103592
"C-WEU-FIN","gas",2060,56.1
"C-WEU-FIN","electricity",2060,35.4731747717176
"C-WEU-FIN","gas",2065,56.1
"C-WEU-FIN","electricity",2065,33.490374708797
"C-WEU-FIN","gas",2070,56.1
"C-WEU-FIN","electricity",2070,31.5075746458764
"C-WEU-FIN","gas",2075,56.1
"C-WEU-FIN","electricity",2075,31.9265056800147
"C-WEU-FIN","gas",2080,56.1
"C-WEU-FIN","electricity",2080,32.3454367141529
"C-WEU-FIN","gas",2085,56.1
"C-WEU-FIN","electricity",2085,32.7551008806525
"C-WEU-FIN","gas",2090,56.1
"C-WEU-FIN","electricity",2090,33.164765047152
"C-WEU-FIN","gas",2095,56.1
"C-WEU-FIN","electricity",2095,33.3760620606597
"C-WEU-FIN","gas",2100,56.1
"C-WEU-FIN","electricity",2100,33.5873590741674
"C-WEU-FRA","gas",2015,56.1
"C-WEU-FRA","electricity",2015,24.8188249813384
"C-WEU-FRA","gas",2020,56.1
"C-WEU-FRA","electricity",2020,81.4603700508778
"C-WEU-FRA","gas",2025,56.1
"C-WEU-FRA","electricity",2025,81.6097378435336
"C-WEU-FRA","gas",2030,56.1
"C-WEU-FRA","electricity",2030,88.3322473092453
"C-WEU-FRA","gas",2035,56.1
"C-WEU-FRA","electricity",2035,86.4303689531148
"C-WEU-FRA","gas",2040,56.1
"C-WEU-FRA","electricity",2040,73.7130298510416
"C-WEU-FRA","gas",2045,56.1
"C-WEU-FRA","electricity",2045,72.9703983133624
"C-WEU-FRA","gas",2050,56.1
"C-WEU-FRA","electricity",2050,76.0064761298443
"C-WEU-FRA","gas",2055,56.1
"C-WEU-FRA","electricity",2055,15.717552543838
"C-WEU-FRA","gas",2060,56.1
"C-WEU-FRA","electricity",2060,16.1054610390289
"C-WEU-FRA","gas",2065,56.1
"C-WEU-FRA","electricity",2065,15.205234054355
"C-WEU-FRA","gas",2070,56.1
"C-WEU-FRA","electricity",2070,14.3050070696812
"C-WEU-FRA","gas",2075,56.1
"C-WEU-FRA","electricity",2075,14.4952093138213
"C-WEU-FRA","gas",2080,56.1
"C-WEU-FRA","electricity",2080,14.6854115579613
"C-WEU-FRA","gas",2085,56.1
"C-WEU-FRA","electricity",2085,14.8714064770827
"C-WEU-FRA","gas",2090,56.1
"C-WEU-FRA","electricity",2090,15.0574013962041
"C-WEU-FRA","gas",2095,56.1
"C-WEU-FRA","electricity",2095,15.1533340506849
"C-WEU-FRA","gas",2100,56.1
"C-WEU-FRA","electricity",2100,15.2492667051657
"C-WEU-GBR","gas",2015,56.1
"C-WEU-GBR","electricity",2015,103.6279543847
"C-WEU-GBR","gas",2020,56.1
"C-WEU-GBR","electricity",2020,81.4603700508778
"C-WEU-GBR","gas",2025,56.1
"C-WEU-GBR","electricity",2025,81.6097378435336
"C-WEU-GBR","gas",2030,56.1
"C-WEU-GBR","electricity",2030,88.3322473092453
"C-WEU-GBR","gas",2035,56.1
"C-WEU-GBR","electricity",2035,86.4303689531148
"C-WEU-GBR","gas",2040,56.1
"C-WEU-GBR","electricity",2040,73.7130298510416
"C-WEU-GBR","gas",2045,56.1
"C-WEU-GBR","electricity",2045,72.9703983133624
"C-WEU-GBR","gas",2050,56.1
"C-WEU-GBR","electricity",2050,76.0064761298443
"C-WEU-GBR","gas",2055,56.1
"C-WEU-GBR","electricity",2055,65.6267095350671
"C-WEU-GBR","gas",2060,56.1
"C-WEU-GBR","electricity",2060,67.2463737969855
"C-WEU-GBR","gas",2065,56.1
"C-WEU-GBR","electricity",2065,63.4875866274155
"C-WEU-GBR","gas",2070,56.1
"C-WEU-GBR","electricity",2070,59.7287994578456
"C-WEU-GBR","gas",2075,56.1
"C-WEU-GBR","electricity",2075,60.5229655593607
"C-WEU-GBR","gas",2080,56.1
"C-WEU-GBR","electricity",2080,61.3171316608758
"C-WEU-GBR","gas",2085,56.1
"C-WEU-GBR","electricity",2085,62.0937305937015
"C-WEU-GBR","gas",2090,56.1
"C-WEU-GBR","electricity",2090,62.8703295265273
"C-WEU-GBR","gas",2095,56.1
"C-WEU-GBR","electricity",2095,63.2708845387011
"C-WEU-GBR","gas",2100,56.1
"C-WEU-GBR","electricity",2100,63.6714395508747
"C-WEU-GRC","gas",2015,56.1
"C-WEU-GRC","electricity",2015,177.726182411933
"C-WEU-GRC","gas",2020,56.1
"C-WEU-GRC","electricity",2020,81.4603700508778
"C-WEU-GRC","gas",2025,56.1
"C-WEU-GRC","electricity",2025,81.6097378435336
"C-WEU-GRC","gas",2030,56.1
"C-WEU-GRC","electricity",2030,88.3322473092453
"C-WEU-GRC","gas",2035,56.1
"C-WEU-GRC","electricity",2035,86.4303689531148
"C-WEU-GRC","gas",2040,56.1
"C-WEU-GRC","electricity",2040,73.7130298510416
"C-WEU-GRC","gas",2045,56.1
"C-WEU-GRC","electricity",2045,72.9703983133624
"C-WEU-GRC","gas",2050,56.1
"C-WEU-GRC","electricity",2050,76.0064761298443
"C-WEU-GRC","gas",2055,56.1
"C-WEU-GRC","electricity",2055,112.552492415563
"C-WEU-GRC","gas",2060,56.1
"C-WEU-GRC","electricity",2060,115.330282904326
"C-WEU-GRC","gas",2065,56.1
"C-WEU-GRC","electricity",2065,108.883809092186
"C-WEU-GRC","gas",2070,56.1
"C-WEU-GRC","electricity",2070,102.437335280046
"C-WEU-GRC","gas",2075,56.1
"C-WEU-GRC","electricity",2075,103.799362642849
"C-WEU-GRC","gas",2080,56.1
"C-WEU-GRC","electricity",2080,105.161390005652
"C-WEU-GRC","gas",2085,56.1
"C-WEU-GRC","electricity",2085,106.493288955272
"C-WEU-GRC","gas",2090,56.1
"C-WEU-GRC","electricity",2090,107.825187904893
"C-WEU-GRC","gas",2095,56.1
"C-WEU-GRC","electricity",2095,108.512156142202
"C-WEU-GRC","gas",2100,56.1
"C-WEU-GRC","electricity",2100,109.199124379511
"C-WEU-IRL","gas",2015,56.1
"C-WEU-IRL","electricity",2015,122.991070219513
"C-WEU-IRL","gas",2020,56.1
"C-WEU-IRL","electricity",2020,81.4603700508778
"C-WEU-IRL","gas",2025,56.1
"C-WEU-IRL","electricity",2025,81.6097378435336
"C-WEU-IRL","gas",2030,56.1
"C-WEU-IRL","electricity",2030,88.3322473092453
"C-WEU-IRL","gas",2035,56.1
"C-WEU-IRL","electricity",2035,86.4303689531148
"C-WEU-IRL","gas",2040,56.1
"C-WEU-IRL","electricity",2040,73.7130298510416
"C-WEU-IRL","gas",2045,56.1
"C-WEU-IRL","electricity",2045,72.9703983133624
"C-WEU-IRL","gas",2050,56.1
"C-WEU-IRL","electricity",2050,76.0064761298443
"C-WEU-IRL","gas",2055,56.1
"C-WEU-IRL","electricity",2055,77.889207488735
"C-WEU-IRL","gas",2060,56.1
"C-WEU-IRL","electricity",2060,79.8115096527836
"C-WEU-IRL","gas",2065,56.1
"C-WEU-IRL","electricity",2065,75.350384665248
"C-WEU-IRL","gas",2070,56.1
"C-WEU-IRL","electricity",2070,70.8892596777124
"C-WEU-IRL","gas",2075,56.1
"C-WEU-IRL","electricity",2075,71.831817497534
"C-WEU-IRL","gas",2080,56.1
"C-WEU-IRL","electricity",2080,72.7743753173554
"C-WEU-IRL","gas",2085,56.1
"C-WEU-IRL","electricity",2085,73.6960835035943
"C-WEU-IRL","gas",2090,56.1
"C-WEU-IRL","electricity",2090,74.6177916898332
"C-WEU-IRL","gas",2095,56.1
"C-WEU-IRL","electricity",2095,75.0931913049425
"C-WEU-IRL","gas",2100,56.1
"C-WEU-IRL","electricity",2100,75.5685909200515
"C-WEU-ISL","gas",2015,56.1
"C-WEU-ISL","electricity",2015,89.5686576838688
"C-WEU-ISL","gas",2020,56.1
"C-WEU-ISL","electricity",2020,59.2261091505112
"C-WEU-ISL","gas",2025,56.1
"C-WEU-ISL","electricity",2025,59.2066556576334
"C-WEU-ISL","gas",2030,56.1
"C-WEU-ISL","electricity",2030,61.2283328570227
"C-WEU-ISL","gas",2035,56.1
"C-WEU-ISL","electricity",2035,58.1994635827025
"C-WEU-ISL","gas",2040,56.1
"C-WEU-ISL","electricity",2040,47.836177808137
"C-WEU-ISL","gas",2045,56.1
"C-WEU-ISL","electricity",2045,47.6345105197303
"C-WEU-ISL","gas",2050,56.1
"C-WEU-ISL","electricity",2050,54.5743013016097
"C-WEU-ISL","gas",2055,56.1
"C-WEU-ISL","electricity",2055,56.7230755076354
"C-WEU-ISL","gas",2060,56.1
"C-WEU-ISL","electricity",2060,58.122998479192
"C-WEU-ISL","gas",2065,56.1
"C-WEU-ISL","electricity",2065,54.874169306632
"C-WEU-ISL","gas",2070,56.1
"C-WEU-ISL","electricity",2070,51.625340134072
"C-WEU-ISL","gas",2075,56.1
"C-WEU-ISL","electricity",2075,52.3117610145487
"C-WEU-ISL","gas",2080,56.1
"C-WEU-ISL","electricity",2080,52.9981818950253
"C-WEU-ISL","gas",2085,56.1
"C-WEU-ISL","electricity",2085,53.6694189602066
"C-WEU-ISL","gas",2090,56.1
"C-WEU-ISL","electricity",2090,54.3406560253879
"C-WEU-ISL","gas",2095,56.1
"C-WEU-ISL","electricity",2095,54.6868673829504
"C-WEU-ISL","gas",2100,56.1
"C-WEU-ISL","electricity",2100,55.0330787405128
"C-WEU-ITA","gas",2015,56.1
"C-WEU-ITA","electricity",2015,140.423935921803
"C-WEU-ITA","gas",2020,56.1
"C-WEU-ITA","electricity",2020,81.4603700508778
"C-WEU-ITA","gas",2025,56.1
"C-WEU-ITA","electricity",2025,81.6097378435336
"C-WEU-ITA","gas",2030,56.1
"C-WEU-ITA","electricity",2030,88.3322473092453
"C-WEU-ITA","gas",2035,56.1
"C-WEU-ITA","electricity",2035,86.4303689531148
"C-WEU-ITA","gas",2040,56.1
"C-WEU-ITA","electricity",2040,73.7130298510416
"C-WEU-ITA","gas",2045,56.1
"C-WEU-ITA","electricity",2045,72.9703983133624
"C-WEU-ITA","gas",2050,56.1
"C-WEU-ITA","electricity",2050,76.0064761298443
"C-WEU-ITA","gas",2055,56.1
"C-WEU-ITA","electricity",2055,88.9292943128067
"C-WEU-ITA","gas",2060,56.1
"C-WEU-ITA","electricity",2060,91.1240653268723
"C-WEU-ITA","gas",2065,56.1
"C-WEU-ITA","electricity",2065,86.030616442569
"C-WEU-ITA","gas",2070,56.1
"C-WEU-ITA","electricity",2070,80.9371675582656
"C-WEU-ITA","gas",2075,56.1
"C-WEU-ITA","electricity",2075,82.0133243772687
"C-WEU-ITA","gas",2080,56.1
"C-WEU-ITA","electricity",2080,83.0894811962716
"C-WEU-ITA","gas",2085,56.1
"C-WEU-ITA","electricity",2085,84.1418331357418
"C-WEU-ITA","gas",2090,56.1
"C-WEU-ITA","electricity",2090,85.194185075212
"C-WEU-ITA","gas",2095,56.1
"C-WEU-ITA","electricity",2095,85.7369682623995
"C-WEU-ITA","gas",2100,56.1
"C-WEU-ITA","electricity",2100,86.2797514495868
"C-WEU-LUX","gas",2015,56.1
"C-WEU-LUX","electricity",2015,68.8668963279012
"C-WEU-LUX","gas",2020,56.1
"C-WEU-LUX","electricity",2020,81.4603700508778
"C-WEU-LUX","gas",2025,56.1
"C-WEU-LUX","electricity",2025,81.6097378435336
"C-WEU-LUX","gas",2030,56.1
"C-WEU-LUX","electricity",2030,88.3322473092453
"C-WEU-LUX","gas",2035,56.1
"C-WEU-LUX","electricity",2035,86.4303689531148
"C-WEU-LUX","gas",2040,56.1
"C-WEU-LUX","electricity",2040,73.7130298510416
"C-WEU-LUX","gas",2045,56.1
"C-WEU-LUX","electricity",2045,72.9703983133624
"C-WEU-LUX","gas",2050,56.1
"C-WEU-LUX","electricity",2050,76.0064761298443
"C-WEU-LUX","gas",2055,56.1
"C-WEU-LUX","electricity",2055,43.6128246352805
"C-WEU-LUX","gas",2060,56.1
"C-WEU-LUX","electricity",2060,44.6891872005152
"C-WEU-LUX","gas",2065,56.1
"C-WEU-LUX","electricity",2065,42.1912511188623
"C-WEU-LUX","gas",2070,56.1
"C-WEU-LUX","electricity",2070,39.6933150372094
"C-WEU-LUX","gas",2075,56.1
"C-WEU-LUX","electricity",2075,40.2210853179692
"C-WEU-LUX","gas",2080,56.1
"C-WEU-LUX","electricity",2080,40.748855598729
"C-WEU-LUX","gas",2085,56.1
"C-WEU-LUX","electricity",2085,41.2649514583146
"C-WEU-LUX","gas",2090,56.1
"C-WEU-LUX","electricity",2090,41.7810473179002
"C-WEU-LUX","gas",2095,56.1
"C-WEU-LUX","electricity",2095,42.0472397817077
"C-WEU-LUX","gas",2100,56.1
"C-WEU-LUX","electricity",2100,42.3134322455151
"C-WEU-MLT","gas",2015,56.1
"C-WEU-MLT","electricity",2015,212.974891318774
"C-WEU-MLT","gas",2020,56.1
"C-WEU-MLT","electricity",2020,140.826875
"C-WEU-MLT","gas",2025,56.1
"C-WEU-MLT","electricity",2025,140.780618802368
"C-WEU-MLT","gas",2030,56.1
"C-WEU-MLT","electricity",2030,145.587729827089
"C-WEU-MLT","gas",2035,56.1
"C-WEU-MLT","electricity",2035,138.385733937033
"C-WEU-MLT","gas",2040,56.1
"C-WEU-MLT","electricity",2040,113.744082285475
"C-WEU-MLT","gas",2045,56.1
"C-WEU-MLT","electricity",2045,113.264561100927
"C-WEU-MLT","gas",2050,56.1
"C-WEU-MLT","electricity",2050,129.765882274706
"C-WEU-MLT","gas",2055,56.1
"C-WEU-MLT","electricity",2055,134.875202485936
"C-WEU-MLT","gas",2060,56.1
"C-WEU-MLT","electricity",2060,138.203916462807
"C-WEU-MLT","gas",2065,56.1
"C-WEU-MLT","electricity",2065,130.478903519314
"C-WEU-MLT","gas",2070,56.1
"C-WEU-MLT","electricity",2070,122.75389057582
"C-WEU-MLT","gas",2075,56.1
"C-WEU-MLT","electricity",2075,124.386050934128
"C-WEU-MLT","gas",2080,56.1
"C-WEU-MLT","electricity",2080,126.018211292436
"C-WEU-MLT","gas",2085,56.1
"C-WEU-MLT","electricity",2085,127.614267822731
"C-WEU-MLT","gas",2090,56.1
"C-WEU-MLT","electricity",2090,129.210324353026
"C-WEU-MLT","gas",2095,56.1
"C-WEU-MLT","electricity",2095,130.03354006438
"C-WEU-MLT","gas",2100,56.1
"C-WEU-MLT","electricity",2100,130.856755775733
"C-WEU-NLD","gas",2015,56.1
"C-WEU-NLD","electricity",2015,144.047918194043
"C-WEU-NLD","gas",2020,56.1
"C-WEU-NLD","electricity",2020,81.4603700508778
"C-WEU-NLD","gas",2025,56.1
"C-WEU-NLD","electricity",2025,81.6097378435336
"C-WEU-NLD","gas",2030,56.1
"C-WEU-NLD","electricity",2030,88.3322473092453
"C-WEU-NLD","gas",2035,56.1
"C-WEU-NLD","electricity",2035,86.4303689531148
"C-WEU-NLD","gas",2040,56.1
"C-WEU-NLD","electricity",2040,73.7130298510416
"C-WEU-NLD","gas",2045,56.1
"C-WEU-NLD","electricity",2045,72.9703983133624
"C-WEU-NLD","gas",2050,56.1
"C-WEU-NLD","electricity",2050,76.0064761298443
"C-WEU-NLD","gas",2055,56.1
"C-WEU-NLD","electricity",2055,91.2243317218979
"C-WEU-NLD","gas",2060,56.1
"C-WEU-NLD","electricity",2060,93.4757441567753
"C-WEU-NLD","gas",2065,56.1
"C-WEU-NLD","electricity",2065,88.2508463970356
"C-WEU-NLD","gas",2070,56.1
"C-WEU-NLD","electricity",2070,83.0259486372958
"C-WEU-NLD","gas",2075,56.1
"C-WEU-NLD","electricity",2075,84.1298783086166
"C-WEU-NLD","gas",2080,56.1
"C-WEU-NLD","electricity",2080,85.2338079799371
"C-WEU-NLD","gas",2085,56.1
"C-WEU-NLD","electricity",2085,86.3133184287295
"C-WEU-NLD","gas",2090,56.1
"C-WEU-NLD","electricity",2090,87.3928288775219
"C-WEU-NLD","gas",2095,56.1
"C-WEU-NLD","electricity",2095,87.9496199091351
"C-WEU-NLD","gas",2100,56.1
"C-WEU-NLD","electricity",2100,88.5064109407481
"C-WEU-NOR","gas",2015,56.1
"C-WEU-NOR","electricity",2015,12.7670624622846
"C-WEU-NOR","gas",2020,56.1
"C-WEU-NOR","electricity",2020,81.4603700508778
"C-WEU-NOR","gas",2025,56.1
"C-WEU-NOR","electricity",2025,81.6097378435336
"C-WEU-NOR","gas",2030,56.1
"C-WEU-NOR","electricity",2030,88.3322473092453
"C-WEU-NOR","gas",2035,56.1
"C-WEU-NOR","electricity",2035,86.4303689531148
"C-WEU-NOR","gas",2040,56.1
"C-WEU-NOR","electricity",2040,73.7130298510416
"C-WEU-NOR","gas",2045,56.1
"C-WEU-NOR","electricity",2045,72.9703983133624
"C-WEU-NOR","gas",2050,56.1
"C-WEU-NOR","electricity",2050,76.0064761298443
"C-WEU-NOR","gas",2055,56.1
"C-WEU-NOR","electricity",2055,8.08527298259704
"C-WEU-NOR","gas",2060,56.1
"C-WEU-NOR","electricity",2060,8.28481715890179
"C-WEU-NOR","gas",2065,56.1
"C-WEU-NOR","electricity",2065,7.82173100747412
"C-WEU-NOR","gas",2070,56.1
"C-WEU-NOR","electricity",2070,7.35864485604644
"C-WEU-NOR","gas",2075,56.1
"C-WEU-NOR","electricity",2075,7.45648687448321
"C-WEU-NOR","gas",2080,56.1
"C-WEU-NOR","electricity",2080,7.55432889291998
"C-WEU-NOR","gas",2085,56.1
"C-WEU-NOR","electricity",2085,7.65000661947938
"C-WEU-NOR","gas",2090,56.1
"C-WEU-NOR","electricity",2090,7.74568434603879
"C-WEU-NOR","gas",2095,56.1
"C-WEU-NOR","electricity",2095,7.79503310420321
"C-WEU-NOR","gas",2100,56.1
"C-WEU-NOR","electricity",2100,7.84438186236761
"C-WEU-PRT","gas",2015,56.1
"C-WEU-PRT","electricity",2015,104.306757915407
"C-WEU-PRT","gas",2020,56.1
"C-WEU-PRT","electricity",2020,81.4603700508778
"C-WEU-PRT","gas",2025,56.1
"C-WEU-PRT","electricity",2025,81.6097378435336
"C-WEU-PRT","gas",2030,56.1
"C-WEU-PRT","electricity",2030,88.3322473092453
"C-WEU-PRT","gas",2035,56.1
"C-WEU-PRT","electricity",2035,86.4303689531148
"C-WEU-PRT","gas",2040,56.1
"C-WEU-PRT","electricity",2040,73.7130298510416
"C-WEU-PRT","gas",2045,56.1
"C-WEU-PRT","electricity",2045,72.9703983133624
"C-WEU-PRT","gas",2050,56.1
"C-WEU-PRT","electricity",2050,76.0064761298443
"C-WEU-PRT","gas",2055,56.1
"C-WEU-PRT","electricity",2055,66.0565900861751
"C-WEU-PRT","gas",2060,56.1
"C-WEU-PRT","electricity",2060,67.686863780906
"C-WEU-PRT","gas",2065,56.1
"C-WEU-PRT","electricity",2065,63.9034550889194
"C-WEU-PRT","gas",2070,56.1
"C-WEU-PRT","electricity",2070,60.1200463969327
"C-WEU-PRT","gas",2075,56.1
"C-WEU-PRT","electricity",2075,60.9194145962493
"C-WEU-PRT","gas",2080,56.1
"C-WEU-PRT","electricity",2080,61.7187827955659
"C-WEU-PRT","gas",2085,56.1
"C-WEU-PRT","electricity",2085,62.5004687543845
"C-WEU-PRT","gas",2090,56.1
"C-WEU-PRT","electricity",2090,63.2821547132032
"C-WEU-PRT","gas",2095,56.1
"C-WEU-PRT","electricity",2095,63.6853335169795
"C-WEU-PRT","gas",2100,56.1
"C-WEU-PRT","electricity",2100,64.0885123207558
"C-WEU-SWE","gas",2015,56.1
"C-WEU-SWE","electricity",2015,16.2618071561441
"C-WEU-SWE","gas",2020,56.1
"C-WEU-SWE","electricity",2020,81.4603700508778
"C-WEU-SWE","gas",2025,56.1
"C-WEU-SWE","electricity",2025,81.6097378435336
"C-WEU-SWE","gas",2030,56.1
"C-WEU-SWE","electricity",2030,88.3322473092453
"C-WEU-SWE","gas",2035,56.1
"C-WEU-SWE","electricity",2035,86.4303689531148
"C-WEU-SWE","gas",2040,56.1
"C-WEU-SWE","electricity",2040,73.7130298510416
"C-WEU-SWE","gas",2045,56.1
"C-WEU-SWE","electricity",2045,72.9703983133624
"C-WEU-SWE","gas",2050,56.1
"C-WEU-SWE","electricity",2050,76.0064761298443
"C-WEU-SWE","gas",2055,56.1
"C-WEU-SWE","electricity",2055,10.2984653232633
"C-WEU-SWE","gas",2060,56.1
"C-WEU-SWE","electricity",2060,10.5526309877445
"C-WEU-SWE","gas",2065,56.1
"C-WEU-SWE","electricity",2065,9.96278365885081
"C-WEU-SWE","gas",2070,56.1
"C-WEU-SWE","electricity",2070,9.37293632995709
"C-WEU-SWE","gas",2075,56.1
"C-WEU-SWE","electricity",2075,9.49756077197631
"C-WEU-SWE","gas",2080,56.1
"C-WEU-SWE","electricity",2080,9.62218521399551
"C-WEU-SWE","gas",2085,56.1
"C-WEU-SWE","electricity",2085,9.74405292969313
"C-WEU-SWE","gas",2090,56.1
"C-WEU-SWE","electricity",2090,9.86592064539074
"C-WEU-SWE","gas",2095,56.1
"C-WEU-SWE","electricity",2095,9.92877770362443
"C-WEU-SWE","gas",2100,56.1
"C-WEU-SWE","electricity",2100,9.9916347618581
"R32ANUZ","gas",2015,56.1
"R32ANUZ","electricity",2015,168.413640512794
"R32ANUZ","gas",2020,56.1
"R32ANUZ","electricity",2020,137.972887485849
"R32ANUZ","gas",2025,56.1
"R32ANUZ","electricity",2025,129.162575342658
"R32ANUZ","gas",2030,56.1
"R32ANUZ","electricity",2030,110.21541353699
"R32ANUZ","gas",2035,56.1
"R32ANUZ","electricity",2035,98.7269341948644
"R32ANUZ","gas",2040,56.1
"R32ANUZ","electricity",2040,85.1833765439135
"R32ANUZ","gas",2045,56.1
"R32ANUZ","electricity",2045,77.1440437926321
"R32ANUZ","gas",2050,56.1
"R32ANUZ","electricity",2050,67.0983346830958
"R32ANUZ","gas",2055,56.1
"R32ANUZ","electricity",2055,66.0419007367613
"R32ANUZ","gas",2060,56.1
"R32ANUZ","electricity",2060,62.9611097741694
"R32ANUZ","gas",2065,56.1
"R32ANUZ","electricity",2065,61.8984284225481
"R32ANUZ","gas",2070,56.1
"R32ANUZ","electricity",2070,60.8357470709269
"R32ANUZ","gas",2075,56.1
"R32ANUZ","electricity",2075,58.797914617206
"R32ANUZ","gas",2080,56.1
"R32ANUZ","electricity",2080,56.7600821634852
"R32ANUZ","gas",2085,56.1
"R32ANUZ","electricity",2085,57.3402935154882
"R32ANUZ","gas",2090,56.1
"R32ANUZ","electricity",2090,57.9205048674912
"R32ANUZ","gas",2095,56.1
"R32ANUZ","electricity",2095,60.145501416985
"R32ANUZ","gas",2100,56.1
"R32ANUZ","electricity",2100,62.3704979664787
"R32BRA","gas",2015,56.1
"R32BRA","electricity",2015,69.9124988386938
"R32BRA","gas",2020,56.1
"R32BRA","electricity",2020,54.4616397181756
"R32BRA","gas",2025,56.1
"R32BRA","electricity",2025,54.9043401838031
"R32BRA","gas",2030,56.1
"R32BRA","electricity",2030,54.9145155074739
"R32BRA","gas",2035,56.1
"R32BRA","electricity",2035,57.5627052255118
"R32BRA","gas",2040,56.1
"R32BRA","electricity",2040,50.0970653200903
"R32BRA","gas",2045,56.1
"R32BRA","electricity",2045,47.8505277149482
"R32BRA","gas",2050,56.1
"R32BRA","electricity",2050,49.3381823024643
"R32BRA","gas",2055,56.1
"R32BRA","electricity",2055,52.146956615296
"R32BRA","gas",2060,56.1
"R32BRA","electricity",2060,54.0360073518384
"R32BRA","gas",2065,56.1
"R32BRA","electricity",2065,47.7138533693476
"R32BRA","gas",2070,56.1
"R32BRA","electricity",2070,41.3916993868568
"R32BRA","gas",2075,56.1
"R32BRA","electricity",2075,42.5069815613499
"R32BRA","gas",2080,56.1
"R32BRA","electricity",2080,43.6222637358431
"R32BRA","gas",2085,56.1
"R32BRA","electricity",2085,44.7866403438887
"R32BRA","gas",2090,56.1
"R32BRA","electricity",2090,45.9510169519343
"R32BRA","gas",2095,56.1
"R32BRA","electricity",2095,42.8521349936275
"R32BRA","gas",2100,56.1
"R32BRA","electricity",2100,39.7532530353208
"R32CAN","gas",2015,56.1
"R32CAN","electricity",2015,112.188262530134
"R32CAN","gas",2020,56.1
"R32CAN","electricity",2020,106.095365183623
"R32CAN","gas",2025,56.1
"R32CAN","electricity",2025,104.611808305009
"R32CAN","gas",2030,56.1
"R32CAN","electricity",2030,97.42869233596
"R32CAN","gas",2035,56.1
"R32CAN","electricity",2035,79.3141518874954
"R32CAN","gas",2040,56.1
"R32CAN","electricity",2040,56.5681126014919
"R32CAN","gas",2045,56.1
"R32CAN","electricity",2045,55.1429544514763
"R32CAN","gas",2050,56.1
"R32CAN","electricity",2050,57.0430900927048
"R32CAN","gas",2055,56.1
"R32CAN","electricity",2055,55.422981436738
"R32CAN","gas",2060,56.1
"R32CAN","electricity",2060,56.214332759502
"R32CAN","gas",2065,56.1
"R32CAN","electricity",2065,54.8268777785868
"R32CAN","gas",2070,56.1
"R32CAN","electricity",2070,53.4394227976716
"R32CAN","gas",2075,56.1
"R32CAN","electricity",2075,53.1357086946575
"R32CAN","gas",2080,56.1
"R32CAN","electricity",2080,52.8319945916434
"R32CAN","gas",2085,56.1
"R32CAN","electricity",2085,53.0193686060301
"R32CAN","gas",2090,56.1
"R32CAN","electricity",2090,53.2067426204167
"R32CAN","gas",2095,56.1
"R32CAN","electricity",2095,53.3861241538198
"R32CAN","gas",2100,56.1
"R32CAN","electricity",2100,53.5655056872228
"R32CAS-CAU","gas",2015,56.1
"R32CAS-CAU","electricity",2015,179.791837036099
"R32CAS-CAU","gas",2020,56.1
"R32CAS-CAU","electricity",2020,155.215200369792
"R32CAS-CAU","gas",2025,56.1
"R32CAS-CAU","electricity",2025,143.424637987503
"R32CAS-CAU","gas",2030,56.1
"R32CAS-CAU","electricity",2030,119.202681244486
"R32CAS-CAU","gas",2035,56.1
"R32CAS-CAU","electricity",2035,100.230843518262
"R32CAS-CAU","gas",2040,56.1
"R32CAS-CAU","electricity",2040,91.4733744539764
"R32CAS-CAU","gas",2045,56.1
"R32CAS-CAU","electricity",2045,92.3628961527671
"R32CAS-CAU","gas",2050,56.1
"R32CAS-CAU","electricity",2050,88.5496141692973
"R32CAS-CAU","gas",2055,56.1
"R32CAS-CAU","electricity",2055,88.0804401889619
"R32CAS-CAU","gas",2060,56.1
"R32CAS-CAU","electricity",2060,87.3045224541364
"R32CAS-CAU","gas",2065,56.1
"R32CAS-CAU","electricity",2065,88.686179706228
"R32CAS-CAU","gas",2070,56.1
"R32CAS-CAU","electricity",2070,90.0678369583196
"R32CAS-CAU","gas",2075,56.1
"R32CAS-CAU","electricity",2075,87.5638629235871
"R32CAS-CAU","gas",2080,56.1
"R32CAS-CAU","electricity",2080,85.0598888888545
"R32CAS-CAU","gas",2085,56.1
"R32CAS-CAU","electricity",2085,79.9491515763067
"R32CAS-CAU","gas",2090,56.1
"R32CAS-CAU","electricity",2090,74.8384142637589
"R32CAS-CAU","gas",2095,56.1
"R32CAS-CAU","electricity",2095,73.4998894074056
"R32CAS-CAU","gas",2100,56.1
"R32CAS-CAU","electricity",2100,72.1613645510523
"R32CAS-OTH","gas",2015,56.1
"R32CAS-OTH","electricity",2015,179.791837036099
"R32CAS-OTH","gas",2020,56.1
"R32CAS-OTH","electricity",2020,155.215200369792
"R32CAS-OTH","gas",2025,56.1
"R32CAS-OTH","electricity",2025,143.424637987503
"R32CAS-OTH","gas",2030,56.1
"R32CAS-OTH","electricity",2030,119.202681244486
"R32CAS-OTH","gas",2035,56.1
"R32CAS-OTH","electricity",2035,100.230843518262
"R32CAS-OTH","gas",2040,56.1
"R32CAS-OTH","electricity",2040,91.4733744539764
"R32CAS-OTH","gas",2045,56.1
"R32CAS-OTH","electricity",2045,92.3628961527671
"R32CAS-OTH","gas",2050,56.1
"R32CAS-OTH","electricity",2050,88.5496141692973
"R32CAS-OTH","gas",2055,56.1
"R32CAS-OTH","electricity",2055,88.0804401889619
"R32CAS-OTH","gas",2060,56.1
"R32CAS-OTH","electricity",2060,87.3045224541364
"R32CAS-OTH","gas",2065,56.1
"R32CAS-OTH","electricity",2065,88.686179706228
"R32CAS-OTH","gas",2070,56.1
"R32CAS-OTH","electricity",2070,90.0678369583196
"R32CAS-OTH","gas",2075,56.1
"R32CAS-OTH","electricity",2075,87.5638629235871
"R32CAS-OTH","gas",2080,56.1
"R32CAS-OTH","electricity",2080,85.0598888888545
"R32CAS-OTH","gas",2085,56.1
"R32CAS-OTH","electricity",2085,79.9491515763067
"R32CAS-OTH","gas",2090,56.1
"R32CAS-OTH","electricity",2090,74.8384142637589
"R32CAS-OTH","gas",2095,56.1
"R32CAS-OTH","electricity",2095,73.4998894074056
"R32CAS-OTH","gas",2100,56.1
"R32CAS-OTH","electricity",2100,72.1613645510523
"R32CHN","gas",2015,56.1
"R32CHN","electricity",2015,215.116935736537
"R32CHN","gas",2020,56.1
"R32CHN","electricity",2020,174.14400775202
"R32CHN","gas",2025,56.1
"R32CHN","electricity",2025,152.869357170529
"R32CHN","gas",2030,56.1
"R32CHN","electricity",2030,129.706970676766
"R32CHN","gas",2035,56.1
"R32CHN","electricity",2035,120.482986068321
"R32CHN","gas",2040,56.1
"R32CHN","electricity",2040,105.146653790671
"R32CHN","gas",2045,56.1
"R32CHN","electricity",2045,102.095769540096
"R32CHN","gas",2050,56.1
"R32CHN","electricity",2050,106.602993963817
"R32CHN","gas",2055,56.1
"R32CHN","electricity",2055,106.338693537789
"R32CHN","gas",2060,56.1
"R32CHN","electricity",2060,108.44785812357
"R32CHN","gas",2065,56.1
"R32CHN","electricity",2065,109.833585120728
"R32CHN","gas",2070,56.1
"R32CHN","electricity",2070,111.219312117886
"R32CHN","gas",2075,56.1
"R32CHN","electricity",2075,111.758402776133
"R32CHN","gas",2080,56.1
"R32CHN","electricity",2080,112.29749343438
"R32CHN","gas",2085,56.1
"R32CHN","electricity",2085,113.546763548274
"R32CHN","gas",2090,56.1
"R32CHN","electricity",2090,114.796033662169
"R32CHN","gas",2095,56.1
"R32CHN","electricity",2095,109.121076923075
"R32CHN","gas",2100,56.1
"R32CHN","electricity",2100,103.446120183981
"R32EEU","gas",2015,56.1
"R32EEU","electricity",2015,162.881848614177
"R32EEU","gas",2020,56.1
"R32EEU","electricity",2020,96.3689496110707
"R32EEU","gas",2025,56.1
"R32EEU","electricity",2025,120.202173444637
"R32EEU","gas",2030,56.1
"R32EEU","electricity",2030,118.440327829714
"R32EEU","gas",2035,56.1
"R32EEU","electricity",2035,119.097245875291
"R32EEU","gas",2040,56.1
"R32EEU","electricity",2040,105.038920589357
"R32EEU","gas",2045,56.1
"R32EEU","electricity",2045,113.645894299296
"R32EEU","gas",2050,56.1
"R32EEU","electricity",2050,122.526995375531
"R32EEU","gas",2055,56.1
"R32EEU","electricity",2055,115.568933652283
"R32EEU","gas",2060,56.1
"R32EEU","electricity",2060,111.328575523081
"R32EEU","gas",2065,56.1
"R32EEU","electricity",2065,111.672712192939
"R32EEU","gas",2070,56.1
"R32EEU","electricity",2070,112.016848862797
"R32EEU","gas",2075,56.1
"R32EEU","electricity",2075,111.39534361692
"R32EEU","gas",2080,56.1
"R32EEU","electricity",2080,110.773838371044
"R32EEU","gas",2085,56.1
"R32EEU","electricity",2085,113.88361566572
"R32EEU","gas",2090,56.1
"R32EEU","electricity",2090,116.993392960395
"R32EEU","gas",2095,56.1
"R32EEU","electricity",2095,119.67377943304
"R32EEU","gas",2100,56.1
"R32EEU","electricity",2100,122.354165905685
"R32EEU-FSU","gas",2015,56.1
"R32EEU-FSU","electricity",2015,179.791837036099
"R32EEU-FSU","gas",2020,56.1
"R32EEU-FSU","electricity",2020,155.215200369792
"R32EEU-FSU","gas",2025,56.1
"R32EEU-FSU","electricity",2025,143.424637987503
"R32EEU-FSU","gas",2030,56.1
"R32EEU-FSU","electricity",2030,119.202681244486
"R32EEU-FSU","gas",2035,56.1
"R32EEU-FSU","electricity",2035,100.230843518262
"R32EEU-FSU","gas",2040,56.1
"R32EEU-FSU","electricity",2040,91.4733744539764
"R32EEU-FSU","gas",2045,56.1
"R32EEU-FSU","electricity",2045,92.3628961527671
"R32EEU-FSU","gas",2050,56.1
"R32EEU-FSU","electricity",2050,88.5496141692973
"R32EEU-FSU","gas",2055,56.1
"R32EEU-FSU","electricity",2055,88.0804401889619
"R32EEU-FSU","gas",2060,56.1
"R32EEU-FSU","electricity",2060,87.3045224541364
"R32EEU-FSU","gas",2065,56.1
"R32EEU-FSU","electricity",2065,88.686179706228
"R32EEU-FSU","gas",2070,56.1
"R32EEU-FSU","electricity",2070,90.0678369583196
"R32EEU-FSU","gas",2075,56.1
"R32EEU-FSU","electricity",2075,87.5638629235871
"R32EEU-FSU","gas",2080,56.1
"R32EEU-FSU","electricity",2080,85.0598888888545
"R32EEU-FSU","gas",2085,56.1
"R32EEU-FSU","electricity",2085,79.9491515763067
"R32EEU-FSU","gas",2090,56.1
"R32EEU-FSU","electricity",2090,74.8384142637589
"R32EEU-FSU","gas",2095,56.1
"R32EEU-FSU","electricity",2095,73.4998894074056
"R32EEU-FSU","gas",2100,56.1
"R32EEU-FSU","electricity",2100,72.1613645510523
"R32IDN","gas",2015,56.1
"R32IDN","electricity",2015,156.222331656444
"R32IDN","gas",2020,56.1
"R32IDN","electricity",2020,150.334560044075
"R32IDN","gas",2025,56.1
"R32IDN","electricity",2025,146.268373888062
"R32IDN","gas",2030,56.1
"R32IDN","electricity",2030,141.277174716098
"R32IDN","gas",2035,56.1
"R32IDN","electricity",2035,133.754309428396
"R32IDN","gas",2040,56.1
"R32IDN","electricity",2040,126.397338565682
"R32IDN","gas",2045,56.1
"R32IDN","electricity",2045,117.452677785484
"R32IDN","gas",2050,56.1
"R32IDN","electricity",2050,111.895840102429
"R32IDN","gas",2055,56.1
"R32IDN","electricity",2055,110.584762751565
"R32IDN","gas",2060,56.1
"R32IDN","electricity",2060,106.018674126249
"R32IDN","gas",2065,56.1
"R32IDN","electricity",2065,96.548916903673
"R32IDN","gas",2070,56.1
"R32IDN","electricity",2070,87.079159681097
"R32IDN","gas",2075,56.1
"R32IDN","electricity",2075,90.6271572795443
"R32IDN","gas",2080,56.1
"R32IDN","electricity",2080,94.1751548779917
"R32IDN","gas",2085,56.1
"R32IDN","electricity",2085,97.8931022508212
"R32IDN","gas",2090,56.1
"R32IDN","electricity",2090,101.611049623651
"R32IDN","gas",2095,56.1
"R32IDN","electricity",2095,103.06105607439
"R32IDN","gas",2100,56.1
"R32IDN","electricity",2100,104.511062525129
"R32IND","gas",2015,56.1
"R32IND","electricity",2015,249.646362275743
"R32IND","gas",2020,56.1
"R32IND","electricity",2020,218.077717847907
"R32IND","gas",2025,56.1
"R32IND","electricity",2025,161.808857786957
"R32IND","gas",2030,56.1
"R32IND","electricity",2030,157.788670176359
"R32IND","gas",2035,56.1
"R32IND","electricity",2035,148.285363196415
"R32IND","gas",2040,56.1
"R32IND","electricity",2040,138.095930980739
"R32IND","gas",2045,56.1
"R32IND","electricity",2045,106.743050205849
"R32IND","gas",2050,56.1
"R32IND","electricity",2050,102.644876295226
"R32IND","gas",2055,56.1
"R32IND","electricity",2055,106.16139665718
"R32IND","gas",2060,56.1
"R32IND","electricity",2060,115.225814915134
"R32IND","gas",2065,56.1
"R32IND","electricity",2065,101.760275759903
"R32IND","gas",2070,56.1
"R32IND","electricity",2070,88.2947366046725
"R32IND","gas",2075,56.1
"R32IND","electricity",2075,84.1742076018491
"R32IND","gas",2080,56.1
"R32IND","electricity",2080,80.0536785990257
"R32IND","gas",2085,56.1
"R32IND","electricity",2085,67.2110484095042
"R32IND","gas",2090,56.1
"R32IND","electricity",2090,54.3684182199828
"R32IND","gas",2095,56.1
"R32IND","electricity",2095,50.7249191808135
"R32IND","gas",2100,56.1
"R32IND","electricity",2100,47.0814201416442
"R32JPN","gas",2015,56.1
"R32JPN","electricity",2015,168.413640512794
"R32JPN","gas",2020,56.1
"R32JPN","electricity",2020,137.972887485849
"R32JPN","gas",2025,56.1
"R32JPN","electricity",2025,129.162575342658
"R32JPN","gas",2030,56.1
"R32JPN","electricity",2030,110.21541353699
"R32JPN","gas",2035,56.1
"R32JPN","electricity",2035,98.7269341948644
"R32JPN","gas",2040,56.1
"R32JPN","electricity",2040,85.1833765439135
"R32JPN","gas",2045,56.1
"R32JPN","electricity",2045,77.1440437926321
"R32JPN","gas",2050,56.1
"R32JPN","electricity",2050,67.0983346830958
"R32JPN","gas",2055,56.1
"R32JPN","electricity",2055,66.0419007367613
"R32JPN","gas",2060,56.1
"R32JPN","electricity",2060,62.9611097741694
"R32JPN","gas",2065,56.1
"R32JPN","electricity",2065,61.8984284225481
"R32JPN","gas",2070,56.1
"R32JPN","electricity",2070,60.8357470709269
"R32JPN","gas",2075,56.1
"R32JPN","electricity",2075,58.797914617206
"R32JPN","gas",2080,56.1
"R32JPN","electricity",2080,56.7600821634852
"R32JPN","gas",2085,56.1
"R32JPN","electricity",2085,57.3402935154882
"R32JPN","gas",2090,56.1
"R32JPN","electricity",2090,57.9205048674912
"R32JPN","gas",2095,56.1
"R32JPN","electricity",2095,60.145501416985
"R32JPN","gas",2100,56.1
"R32JPN","electricity",2100,62.3704979664787
"R32KOR","gas",2015,56.1
"R32KOR","electricity",2015,156.222331656444
"R32KOR","gas",2020,56.1
"R32KOR","electricity",2020,150.334560044075
"R32KOR","gas",2025,56.1
"R32KOR","electricity",2025,146.268373888062
"R32KOR","gas",2030,56.1
"R32KOR","electricity",2030,141.277174716098
"R32KOR","gas",2035,56.1
"R32KOR","electricity",2035,133.754309428396
"R32KOR","gas",2040,56.1
"R32KOR","electricity",2040,126.397338565682
"R32KOR","gas",2045,56.1
"R32KOR","electricity",2045,117.452677785484
"R32KOR","gas",2050,56.1
"R32KOR","electricity",2050,111.895840102429
"R32KOR","gas",2055,56.1
"R32KOR","electricity",2055,110.584762751565
"R32KOR","gas",2060,56.1
"R32KOR","electricity",2060,106.018674126249
"R32KOR","gas",2065,56.1
"R32KOR","electricity",2065,96.548916903673
"R32KOR","gas",2070,56.1
"R32KOR","electricity",2070,87.079159681097
"R32KOR","gas",2075,56.1
"R32KOR","electricity",2075,90.6271572795443
"R32KOR","gas",2080,56.1
"R32KOR","electricity",2080,94.1751548779917
"R32KOR","gas",2085,56.1
"R32KOR","electricity",2085,97.8931022508212
"R32KOR","gas",2090,56.1
"R32KOR","electricity",2090,101.611049623651
"R32KOR","gas",2095,56.1
"R32KOR","electricity",2095,103.06105607439
"R32KOR","gas",2100,56.1
"R32KOR","electricity",2100,104.511062525129
"R32LAM-L","gas",2015,56.1
"R32LAM-L","electricity",2015,69.9124988386938
"R32LAM-L","gas",2020,56.1
"R32LAM-L","electricity",2020,54.4616397181756
"R32LAM-L","gas",2025,56.1
"R32LAM-L","electricity",2025,54.9043401838031
"R32LAM-L","gas",2030,56.1
"R32LAM-L","electricity",2030,54.9145155074739
"R32LAM-L","gas",2035,56.1
"R32LAM-L","electricity",2035,57.5627052255118
"R32LAM-L","gas",2040,56.1
"R32LAM-L","electricity",2040,50.0970653200903
"R32LAM-L","gas",2045,56.1
"R32LAM-L","electricity",2045,47.8505277149482
"R32LAM-L","gas",2050,56.1
"R32LAM-L","electricity",2050,49.3381823024643
"R32LAM-L","gas",2055,56.1
"R32LAM-L","electricity",2055,52.146956615296
"R32LAM-L","gas",2060,56.1
"R32LAM-L","electricity",2060,54.0360073518384
"R32LAM-L","gas",2065,56.1
"R32LAM-L","electricity",2065,47.7138533693476
"R32LAM-L","gas",2070,56.1
"R32LAM-L","electricity",2070,41.3916993868568
"R32LAM-L","gas",2075,56.1
"R32LAM-L","electricity",2075,42.5069815613499
"R32LAM-L","gas",2080,56.1
"R32LAM-L","electricity",2080,43.6222637358431
"R32LAM-L","gas",2085,56.1
"R32LAM-L","electricity",2085,44.7866403438887
"R32LAM-L","gas",2090,56.1
"R32LAM-L","electricity",2090,45.9510169519343
"R32LAM-L","gas",2095,56.1
"R32LAM-L","electricity",2095,42.8521349936275
"R32LAM-L","gas",2100,56.1
"R32LAM-L","electricity",2100,39.7532530353208
"R32LAM-M","gas",2015,56.1
"R32LAM-M","electricity",2015,69.9124988386938
"R32LAM-M","gas",2020,56.1
"R32LAM-M","electricity",2020,54.4616397181756
"R32LAM-M","gas",2025,56.1
"R32LAM-M","electricity",2025,54.9043401838031
"R32LAM-M","gas",2030,56.1
"R32LAM-M","electricity",2030,54.9145155074739
"R32LAM-M","gas",2035,56.1
"R32LAM-M","electricity",2035,57.5627052255118
"R32LAM-M","gas",2040,56.1
"R32LAM-M","electricity",2040,50.0970653200903
"R32LAM-M","gas",2045,56.1
"R32LAM-M","electricity",2045,47.8505277149482
"R32LAM-M","gas",2050,56.1
"R32LAM-M","electricity",2050,49.3381823024643
"R32LAM-M","gas",2055,56.1
"R32LAM-M","electricity",2055,52.146956615296
"R32LAM-M","gas",2060,56.1
"R32LAM-M","electricity",2060,54.0360073518384
"R32LAM-M","gas",2065,56.1
"R32LAM-M","electricity",2065,47.7138533693476
"R32LAM-M","gas",2070,56.1
"R32LAM-M","electricity",2070,41.3916993868568
"R32LAM-M","gas",2075,56.1
"R32LAM-M","electricity",2075,42.5069815613499
"R32LAM-M","gas",2080,56.1
"R32LAM-M","electricity",2080,43.6222637358431
"R32LAM-M","gas",2085,56.1
"R32LAM-M","electricity",2085,44.7866403438887
"R32LAM-M","gas",2090,56.1
"R32LAM-M","electricity",2090,45.9510169519343
"R32LAM-M","gas",2095,56.1
"R32LAM-M","electricity",2095,42.8521349936275
"R32LAM-M","gas",2100,56.1
"R32LAM-M","electricity",2100,39.7532530353208
"R32MEA-H","gas",2015,56.1
"R32MEA-H","electricity",2015,153.253970490513
"R32MEA-H","gas",2020,56.1
"R32MEA-H","electricity",2020,114.811678654601
"R32MEA-H","gas",2025,56.1
"R32MEA-H","electricity",2025,101.607132427845
"R32MEA-H","gas",2030,56.1
"R32MEA-H","electricity",2030,93.3899193194009
"R32MEA-H","gas",2035,56.1
"R32MEA-H","electricity",2035,89.5025433163435
"R32MEA-H","gas",2040,56.1
"R32MEA-H","electricity",2040,87.8743349293935
"R32MEA-H","gas",2045,56.1
"R32MEA-H","electricity",2045,84.8156702217696
"R32MEA-H","gas",2050,56.1
"R32MEA-H","electricity",2050,78.3366304294228
"R32MEA-H","gas",2055,56.1
"R32MEA-H","electricity",2055,76.3286656648113
"R32MEA-H","gas",2060,56.1
"R32MEA-H","electricity",2060,70.7209592685039
"R32MEA-H","gas",2065,56.1
"R32MEA-H","electricity",2065,67.7375707038409
"R32MEA-H","gas",2070,56.1
"R32MEA-H","electricity",2070,64.7541821391778
"R32MEA-H","gas",2075,56.1
"R32MEA-H","electricity",2075,61.920203641668
"R32MEA-H","gas",2080,56.1
"R32MEA-H","electricity",2080,59.0862251441581
"R32MEA-H","gas",2085,56.1
"R32MEA-H","electricity",2085,58.5062371740624
"R32MEA-H","gas",2090,56.1
"R32MEA-H","electricity",2090,57.9262492039667
"R32MEA-H","gas",2095,56.1
"R32MEA-H","electricity",2095,54.7145024277691
"R32MEA-H","gas",2100,56.1
"R32MEA-H","electricity",2100,51.5027556515715
"R32MEA-M","gas",2015,56.1
"R32MEA-M","electricity",2015,153.253970490513
"R32MEA-M","gas",2020,56.1
"R32MEA-M","electricity",2020,114.811678654601
"R32MEA-M","gas",2025,56.1
"R32MEA-M","electricity",2025,101.607132427845
"R32MEA-M","gas",2030,56.1
"R32MEA-M","electricity",2030,93.3899193194009
"R32MEA-M","gas",2035,56.1
"R32MEA-M","electricity",2035,89.5025433163435
"R32MEA-M","gas",2040,56.1
"R32MEA-M","electricity",2040,87.8743349293935
"R32MEA-M","gas",2045,56.1
"R32MEA-M","electricity",2045,84.8156702217696
"R32MEA-M","gas",2050,56.1
"R32MEA-M","electricity",2050,78.3366304294228
"R32MEA-M","gas",2055,56.1
"R32MEA-M","electricity",2055,76.3286656648113
"R32MEA-M","gas",2060,56.1
"R32MEA-M","electricity",2060,70.7209592685039
"R32MEA-M","gas",2065,56.1
"R32MEA-M","electricity",2065,67.7375707038409
"R32MEA-M","gas",2070,56.1
"R32MEA-M","electricity",2070,64.7541821391778
"R32MEA-M","gas",2075,56.1
"R32MEA-M","electricity",2075,61.920203641668
"R32MEA-M","gas",2080,56.1
"R32MEA-M","electricity",2080,59.0862251441581
"R32MEA-M","gas",2085,56.1
"R32MEA-M","electricity",2085,58.5062371740624
"R32MEA-M","gas",2090,56.1
"R32MEA-M","electricity",2090,57.9262492039667
"R32MEA-M","gas",2095,56.1
"R32MEA-M","electricity",2095,54.7145024277691
"R32MEA-M","gas",2100,56.1
"R32MEA-M","electricity",2100,51.5027556515715
"R32MEX","gas",2015,56.1
"R32MEX","electricity",2015,69.9124988386938
"R32MEX","gas",2020,56.1
"R32MEX","electricity",2020,54.4616397181756
"R32MEX","gas",2025,56.1
"R32MEX","electricity",2025,54.9043401838031
"R32MEX","gas",2030,56.1
"R32MEX","electricity",2030,54.9145155074739
"R32MEX","gas",2035,56.1
"R32MEX","electricity",2035,57.5627052255118
"R32MEX","gas",2040,56.1
"R32MEX","electricity",2040,50.0970653200903
"R32MEX","gas",2045,56.1
"R32MEX","electricity",2045,47.8505277149482
"R32MEX","gas",2050,56.1
"R32MEX","electricity",2050,49.3381823024643
"R32MEX","gas",2055,56.1
"R32MEX","electricity",2055,52.146956615296
"R32MEX","gas",2060,56.1
"R32MEX","electricity",2060,54.0360073518384
"R32MEX","gas",2065,56.1
"R32MEX","electricity",2065,47.7138533693476
"R32MEX","gas",2070,56.1
"R32MEX","electricity",2070,41.3916993868568
"R32MEX","gas",2075,56.1
"R32MEX","electricity",2075,42.5069815613499
"R32MEX","gas",2080,56.1
"R32MEX","electricity",2080,43.6222637358431
"R32MEX","gas",2085,56.1
"R32MEX","electricity",2085,44.7866403438887
"R32MEX","gas",2090,56.1
"R32MEX","electricity",2090,45.9510169519343
"R32MEX","gas",2095,56.1
"R32MEX","electricity",2095,42.8521349936275
"R32MEX","gas",2100,56.1
"R32MEX","electricity",2100,39.7532530353208
"R32NAF","gas",2015,56.1
"R32NAF","electricity",2015,153.253970490513
"R32NAF","gas",2020,56.1
"R32NAF","electricity",2020,114.811678654601
"R32NAF","gas",2025,56.1
"R32NAF","electricity",2025,101.607132427845
"R32NAF","gas",2030,56.1
"R32NAF","electricity",2030,93.3899193194009
"R32NAF","gas",2035,56.1
"R32NAF","electricity",2035,89.5025433163435
"R32NAF","gas",2040,56.1
"R32NAF","electricity",2040,87.8743349293935
"R32NAF","gas",2045,56.1
"R32NAF","electricity",2045,84.8156702217696
"R32NAF","gas",2050,56.1
"R32NAF","electricity",2050,78.3366304294228
"R32NAF","gas",2055,56.1
"R32NAF","electricity",2055,76.3286656648113
"R32NAF","gas",2060,56.1
"R32NAF","electricity",2060,70.7209592685039
"R32NAF","gas",2065,56.1
"R32NAF","electricity",2065,67.7375707038409
"R32NAF","gas",2070,56.1
"R32NAF","electricity",2070,64.7541821391778
"R32NAF","gas",2075,56.1
"R32NAF","electricity",2075,61.920203641668
"R32NAF","gas",2080,56.1
"R32NAF","electricity",2080,59.0862251441581
"R32NAF","gas",2085,56.1
"R32NAF","electricity",2085,58.5062371740624
"R32NAF","gas",2090,56.1
"R32NAF","electricity",2090,57.9262492039667
"R32NAF","gas",2095,56.1
"R32NAF","electricity",2095,54.7145024277691
"R32NAF","gas",2100,56.1
"R32NAF","electricity",2100,51.5027556515715
"R32OAS-CPA","gas",2015,56.1
"R32OAS-CPA","electricity",2015,215.116935736537
"R32OAS-CPA","gas",2020,56.1
"R32OAS-CPA","electricity",2020,174.14400775202
"R32OAS-CPA","gas",2025,56.1
"R32OAS-CPA","electricity",2025,152.869357170529
"R32OAS-CPA","gas",2030,56.1
"R32OAS-CPA","electricity",2030,129.706970676766
"R32OAS-CPA","gas",2035,56.1
"R32OAS-CPA","electricity",2035,120.482986068321
"R32OAS-CPA","gas",2040,56.1
"R32OAS-CPA","electricity",2040,105.146653790671
"R32OAS-CPA","gas",2045,56.1
"R32OAS-CPA","electricity",2045,102.095769540096
"R32OAS-CPA","gas",2050,56.1
"R32OAS-CPA","electricity",2050,106.602993963817
"R32OAS-CPA","gas",2055,56.1
"R32OAS-CPA","electricity",2055,106.338693537789
"R32OAS-CPA","gas",2060,56.1
"R32OAS-CPA","electricity",2060,108.44785812357
"R32OAS-CPA","gas",2065,56.1
"R32OAS-CPA","electricity",2065,109.833585120728
"R32OAS-CPA","gas",2070,56.1
"R32OAS-CPA","electricity",2070,111.219312117886
"R32OAS-CPA","gas",2075,56.1
"R32OAS-CPA","electricity",2075,111.758402776133
"R32OAS-CPA","gas",2080,56.1
"R32OAS-CPA","electricity",2080,112.29749343438
"R32OAS-CPA","gas",2085,56.1
"R32OAS-CPA","electricity",2085,113.546763548274
"R32OAS-CPA","gas",2090,56.1
"R32OAS-CPA","electricity",2090,114.796033662169
"R32OAS-CPA","gas",2095,56.1
"R32OAS-CPA","electricity",2095,109.121076923075
"R32OAS-CPA","gas",2100,56.1
"R32OAS-CPA","electricity",2100,103.446120183981
"R32OAS-L-PAS","gas",2015,56.1
"R32OAS-L-PAS","electricity",2015,156.222331656444
"R32OAS-L-PAS","gas",2020,56.1
"R32OAS-L-PAS","electricity",2020,150.334560044075
"R32OAS-L-PAS","gas",2025,56.1
"R32OAS-L-PAS","electricity",2025,146.268373888062
"R32OAS-L-PAS","gas",2030,56.1
"R32OAS-L-PAS","electricity",2030,141.277174716098
"R32OAS-L-PAS","gas",2035,56.1
"R32OAS-L-PAS","electricity",2035,133.754309428396
"R32OAS-L-PAS","gas",2040,56.1
"R32OAS-L-PAS","electricity",2040,126.397338565682
"R32OAS-L-PAS","gas",2045,56.1
"R32OAS-L-PAS","electricity",2045,117.452677785484
"R32OAS-L-PAS","gas",2050,56.1
"R32OAS-L-PAS","electricity",2050,111.895840102429
"R32OAS-L-PAS","gas",2055,56.1
"R32OAS-L-PAS","electricity",2055,110.584762751565
"R32OAS-L-PAS","gas",2060,56.1
"R32OAS-L-PAS","electricity",2060,106.018674126249
"R32OAS-L-PAS","gas",2065,56.1
"R32OAS-L-PAS","electricity",2065,96.548916903673
"R32OAS-L-PAS","gas",2070,56.1
"R32OAS-L-PAS","electricity",2070,87.079159681097
"R32OAS-L-PAS","gas",2075,56.1
"R32OAS-L-PAS","electricity",2075,90.6271572795443
"R32OAS-L-PAS","gas",2080,56.1
"R32OAS-L-PAS","electricity",2080,94.1751548779917
"R32OAS-L-PAS","gas",2085,56.1
"R32OAS-L-PAS","electricity",2085,97.8931022508212
"R32OAS-L-PAS","gas",2090,56.1
"R32OAS-L-PAS","electricity",2090,101.611049623651
"R32OAS-L-PAS","gas",2095,56.1
"R32OAS-L-PAS","electricity",2095,103.06105607439
"R32OAS-L-PAS","gas",2100,56.1
"R32OAS-L-PAS","electricity",2100,104.511062525129
"R32OAS-L-SAS","gas",2015,56.1
"R32OAS-L-SAS","electricity",2015,249.646362275743
"R32OAS-L-SAS","gas",2020,56.1
"R32OAS-L-SAS","electricity",2020,218.077717847907
"R32OAS-L-SAS","gas",2025,56.1
"R32OAS-L-SAS","electricity",2025,161.808857786957
"R32OAS-L-SAS","gas",2030,56.1
"R32OAS-L-SAS","electricity",2030,157.788670176359
"R32OAS-L-SAS","gas",2035,56.1
"R32OAS-L-SAS","electricity",2035,148.285363196415
"R32OAS-L-SAS","gas",2040,56.1
"R32OAS-L-SAS","electricity",2040,138.095930980739
"R32OAS-L-SAS","gas",2045,56.1
"R32OAS-L-SAS","electricity",2045,106.743050205849
"R32OAS-L-SAS","gas",2050,56.1
"R32OAS-L-SAS","electricity",2050,102.644876295226
"R32OAS-L-SAS","gas",2055,56.1
"R32OAS-L-SAS","electricity",2055,106.16139665718
"R32OAS-L-SAS","gas",2060,56.1
"R32OAS-L-SAS","electricity",2060,115.225814915134
"R32OAS-L-SAS","gas",2065,56.1
"R32OAS-L-SAS","electricity",2065,101.760275759903
"R32OAS-L-SAS","gas",2070,56.1
"R32OAS-L-SAS","electricity",2070,88.2947366046725
"R32OAS-L-SAS","gas",2075,56.1
"R32OAS-L-SAS","electricity",2075,84.1742076018491
"R32OAS-L-SAS","gas",2080,56.1
"R32OAS-L-SAS","electricity",2080,80.0536785990257
"R32OAS-L-SAS","gas",2085,56.1
"R32OAS-L-SAS","electricity",2085,67.2110484095042
"R32OAS-L-SAS","gas",2090,56.1
"R32OAS-L-SAS","electricity",2090,54.3684182199828
"R32OAS-L-SAS","gas",2095,56.1
"R32OAS-L-SAS","electricity",2095,50.7249191808135
"R32OAS-L-SAS","gas",2100,56.1
"R32OAS-L-SAS","electricity",2100,47.0814201416442
"R32OAS-M-PAS","gas",2015,56.1
"R32OAS-M-PAS","electricity",2015,156.222331656444
"R32OAS-M-PAS","gas",2020,56.1
"R32OAS-M-PAS","electricity",2020,150.334560044075
"R32OAS-M-PAS","gas",2025,56.1
"R32OAS-M-PAS","electricity",2025,146.268373888062
"R32OAS-M-PAS","gas",2030,56.1
"R32OAS-M-PAS","electricity",2030,141.277174716098
"R32OAS-M-PAS","gas",2035,56.1
"R32OAS-M-PAS","electricity",2035,133.754309428396
"R32OAS-M-PAS","gas",2040,56.1
"R32OAS-M-PAS","electricity",2040,126.397338565682
"R32OAS-M-PAS","gas",2045,56.1
"R32OAS-M-PAS","electricity",2045,117.452677785484
"R32OAS-M-PAS","gas",2050,56.1
"R32OAS-M-PAS","electricity",2050,111.895840102429
"R32OAS-M-PAS","gas",2055,56.1
"R32OAS-M-PAS","electricity",2055,110.584762751565
"R32OAS-M-PAS","gas",2060,56.1
"R32OAS-M-PAS","electricity",2060,106.018674126249
"R32OAS-M-PAS","gas",2065,56.1
"R32OAS-M-PAS","electricity",2065,96.548916903673
"R32OAS-M-PAS","gas",2070,56.1
"R32OAS-M-PAS","electricity",2070,87.079159681097
"R32OAS-M-PAS","gas",2075,56.1
"R32OAS-M-PAS","electricity",2075,90.6271572795443
"R32OAS-M-PAS","gas",2080,56.1
"R32OAS-M-PAS","electricity",2080,94.1751548779917
"R32OAS-M-PAS","gas",2085,56.1
"R32OAS-M-PAS","electricity",2085,97.8931022508212
"R32OAS-M-PAS","gas",2090,56.1
"R32OAS-M-PAS","electricity",2090,101.611049623651
"R32OAS-M-PAS","gas",2095,56.1
"R32OAS-M-PAS","electricity",2095,103.06105607439
"R32OAS-M-PAS","gas",2100,56.1
"R32OAS-M-PAS","electricity",2100,104.511062525129
"R32OAS-M-SAS","gas",2015,56.1
"R32OAS-M-SAS","electricity",2015,249.646362275743
"R32OAS-M-SAS","gas",2020,56.1
"R32OAS-M-SAS","electricity",2020,218.077717847907
"R32OAS-M-SAS","gas",2025,56.1
"R32OAS-M-SAS","electricity",2025,161.808857786957
"R32OAS-M-SAS","gas",2030,56.1
"R32OAS-M-SAS","electricity",2030,157.788670176359
"R32OAS-M-SAS","gas",2035,56.1
"R32OAS-M-SAS","electricity",2035,148.285363196415
"R32OAS-M-SAS","gas",2040,56.1
"R32OAS-M-SAS","electricity",2040,138.095930980739
"R32OAS-M-SAS","gas",2045,56.1
"R32OAS-M-SAS","electricity",2045,106.743050205849
"R32OAS-M-SAS","gas",2050,56.1
"R32OAS-M-SAS","electricity",2050,102.644876295226
"R32OAS-M-SAS","gas",2055,56.1
"R32OAS-M-SAS","electricity",2055,106.16139665718
"R32OAS-M-SAS","gas",2060,56.1
"R32OAS-M-SAS","electricity",2060,115.225814915134
"R32OAS-M-SAS","gas",2065,56.1
"R32OAS-M-SAS","electricity",2065,101.760275759903
"R32OAS-M-SAS","gas",2070,56.1
"R32OAS-M-SAS","electricity",2070,88.2947366046725
"R32OAS-M-SAS","gas",2075,56.1
"R32OAS-M-SAS","electricity",2075,84.1742076018491
"R32OAS-M-SAS","gas",2080,56.1
"R32OAS-M-SAS","electricity",2080,80.0536785990257
"R32OAS-M-SAS","gas",2085,56.1
"R32OAS-M-SAS","electricity",2085,67.2110484095042
"R32OAS-M-SAS","gas",2090,56.1
"R32OAS-M-SAS","electricity",2090,54.3684182199828
"R32OAS-M-SAS","gas",2095,56.1
"R32OAS-M-SAS","electricity",2095,50.7249191808135
"R32OAS-M-SAS","gas",2100,56.1
"R32OAS-M-SAS","electricity",2100,47.0814201416442
"R32PAK","gas",2015,56.1
"R32PAK","electricity",2015,249.646362275743
"R32PAK","gas",2020,56.1
"R32PAK","electricity",2020,218.077717847907
"R32PAK","gas",2025,56.1
"R32PAK","electricity",2025,161.808857786957
"R32PAK","gas",2030,56.1
"R32PAK","electricity",2030,157.788670176359
"R32PAK","gas",2035,56.1
"R32PAK","electricity",2035,148.285363196415
"R32PAK","gas",2040,56.1
"R32PAK","electricity",2040,138.095930980739
"R32PAK","gas",2045,56.1
"R32PAK","electricity",2045,106.743050205849
"R32PAK","gas",2050,56.1
"R32PAK","electricity",2050,102.644876295226
"R32PAK","gas",2055,56.1
"R32PAK","electricity",2055,106.16139665718
"R32PAK","gas",2060,56.1
"R32PAK","electricity",2060,115.225814915134
"R32PAK","gas",2065,56.1
"R32PAK","electricity",2065,101.760275759903
"R32PAK","gas",2070,56.1
"R32PAK","electricity",2070,88.2947366046725
"R32PAK","gas",2075,56.1
"R32PAK","electricity",2075,84.1742076018491
"R32PAK","gas",2080,56.1
"R32PAK","electricity",2080,80.0536785990257
"R32PAK","gas",2085,56.1
"R32PAK","electricity",2085,67.2110484095042
"R32PAK","gas",2090,56.1
"R32PAK","electricity",2090,54.3684182199828
"R32PAK","gas",2095,56.1
"R32PAK","electricity",2095,50.7249191808135
"R32PAK","gas",2100,56.1
"R32PAK","electricity",2100,47.0814201416442
"R32RUS","gas",2015,56.1
"R32RUS","electricity",2015,179.791837036099
"R32RUS","gas",2020,56.1
"R32RUS","electricity",2020,155.215200369792
"R32RUS","gas",2025,56.1
"R32RUS","electricity",2025,143.424637987503
"R32RUS","gas",2030,56.1
"R32RUS","electricity",2030,119.202681244486
"R32RUS","gas",2035,56.1
"R32RUS","electricity",2035,100.230843518262
"R32RUS","gas",2040,56.1
"R32RUS","electricity",2040,91.4733744539764
"R32RUS","gas",2045,56.1
"R32RUS","electricity",2045,92.3628961527671
"R32RUS","gas",2050,56.1
"R32RUS","electricity",2050,88.5496141692973
"R32RUS","gas",2055,56.1
"R32RUS","electricity",2055,88.0804401889619
"R32RUS","gas",2060,56.1
"R32RUS","electricity",2060,87.3045224541364
"R32RUS","gas",2065,56.1
"R32RUS","electricity",2065,88.686179706228
"R32RUS","gas",2070,56.1
"R32RUS","electricity",2070,90.0678369583196
"R32RUS","gas",2075,56.1
"R32RUS","electricity",2075,87.5638629235871
"R32RUS","gas",2080,56.1
"R32RUS","electricity",2080,85.0598888888545
"R32RUS","gas",2085,56.1
"R32RUS","electricity",2085,79.9491515763067
"R32RUS","gas",2090,56.1
"R32RUS","electricity",2090,74.8384142637589
"R32RUS","gas",2095,56.1
"R32RUS","electricity",2095,73.4998894074056
"R32RUS","gas",2100,56.1
"R32RUS","electricity",2100,72.1613645510523
"R32SAF","gas",2015,56.1
"R32SAF","electricity",2015,228.873581875672
"R32SAF","gas",2020,56.1
"R32SAF","electricity",2020,179.198377758684
"R32SAF","gas",2025,56.1
"R32SAF","electricity",2025,166.112649069508
"R32SAF","gas",2030,56.1
"R32SAF","electricity",2030,152.87130751398
"R32SAF","gas",2035,56.1
"R32SAF","electricity",2035,134.870876651094
"R32SAF","gas",2040,56.1
"R32SAF","electricity",2040,113.20475031402
"R32SAF","gas",2045,56.1
"R32SAF","electricity",2045,100.402108951644
"R32SAF","gas",2050,56.1
"R32SAF","electricity",2050,95.1425210331574
"R32SAF","gas",2055,56.1
"R32SAF","electricity",2055,98.1498384338221
"R32SAF","gas",2060,56.1
"R32SAF","electricity",2060,95.9076412968267
"R32SAF","gas",2065,56.1
"R32SAF","electricity",2065,90.8687178756863
"R32SAF","gas",2070,56.1
"R32SAF","electricity",2070,85.8297944545459
"R32SAF","gas",2075,56.1
"R32SAF","electricity",2075,81.6250667496269
"R32SAF","gas",2080,56.1
"R32SAF","electricity",2080,77.4203390447079
"R32SAF","gas",2085,56.1
"R32SAF","electricity",2085,69.6703331592805
"R32SAF","gas",2090,56.1
"R32SAF","electricity",2090,61.920327273853
"R32SAF","gas",2095,56.1
"R32SAF","electricity",2095,48.965137181864
"R32SAF","gas",2100,56.1
"R32SAF","electricity",2100,36.0099470898749
"R32SSA-L","gas",2015,56.1
"R32SSA-L","electricity",2015,228.873581875672
"R32SSA-L","gas",2020,56.1
"R32SSA-L","electricity",2020,179.198377758684
"R32SSA-L","gas",2025,56.1
"R32SSA-L","electricity",2025,166.112649069508
"R32SSA-L","gas",2030,56.1
"R32SSA-L","electricity",2030,152.87130751398
"R32SSA-L","gas",2035,56.1
"R32SSA-L","electricity",2035,134.870876651094
"R32SSA-L","gas",2040,56.1
"R32SSA-L","electricity",2040,113.20475031402
"R32SSA-L","gas",2045,56.1
"R32SSA-L","electricity",2045,100.402108951644
"R32SSA-L","gas",2050,56.1
"R32SSA-L","electricity",2050,95.1425210331574
"R32SSA-L","gas",2055,56.1
"R32SSA-L","electricity",2055,98.1498384338221
"R32SSA-L","gas",2060,56.1
"R32SSA-L","electricity",2060,95.9076412968267
"R32SSA-L","gas",2065,56.1
"R32SSA-L","electricity",2065,90.8687178756863
"R32SSA-L","gas",2070,56.1
"R32SSA-L","electricity",2070,85.8297944545459
"R32SSA-L","gas",2075,56.1
"R32SSA-L","electricity",2075,81.6250667496269
"R32SSA-L","gas",2080,56.1
"R32SSA-L","electricity",2080,77.4203390447079
"R32SSA-L","gas",2085,56.1
"R32SSA-L","electricity",2085,69.6703331592805
"R32SSA-L","gas",2090,56.1
"R32SSA-L","electricity",2090,61.920327273853
"R32SSA-L","gas",2095,56.1
"R32SSA-L","electricity",2095,48.965137181864
"R32SSA-L","gas",2100,56.1
"R32SSA-L","electricity",2100,36.0099470898749
"R32SSA-M","gas",2015,56.1
"R32SSA-M","electricity",2015,228.873581875672
"R32SSA-M","gas",2020,56.1
"R32SSA-M","electricity",2020,179.198377758684
"R32SSA-M","gas",2025,56.1
"R32SSA-M","electricity",2025,166.112649069508
"R32SSA-M","gas",2030,56.1
"R32SSA-M","electricity",2030,152.87130751398
"R32SSA-M","gas",2035,56.1
"R32SSA-M","electricity",2035,134.870876651094
"R32SSA-M","gas",2040,56.1
"R32SSA-M","electricity",2040,113.20475031402
"R32SSA-M","gas",2045,56.1
"R32SSA-M","electricity",2045,100.402108951644
"R32SSA-M","gas",2050,56.1
"R32SSA-M","electricity",2050,95.1425210331574
"R32SSA-M","gas",2055,56.1
"R32SSA-M","electricity",2055,98.1498384338221
"R32SSA-M","gas",2060,56.1
"R32SSA-M","electricity",2060,95.9076412968267
"R32SSA-M","gas",2065,56.1
"R32SSA-M","electricity",2065,90.8687178756863
"R32SSA-M","gas",2070,56.1
"R32SSA-M","electricity",2070,85.8297944545459
"R32SSA-M","gas",2075,56.1
"R32SSA-M","electricity",2075,81.6250667496269
"R32SSA-M","gas",2080,56.1
"R32SSA-M","electricity",2080,77.4203390447079
"R32SSA-M","gas",2085,56.1
"R32SSA-M","electricity",2085,69.6703331592805
"R32SSA-M","gas",2090,56.1
"R32SSA-M","electricity",2090,61.920327273853
"R32SSA-M","gas",2095,56.1
"R32SSA-M","electricity",2095,48.965137181864
"R32SSA-M","gas",2100,56.1
"R32SSA-M","electricity",2100,36.0099470898749
"R32TUR","gas",2015,56.1
"R32TUR","electricity",2015,89.5686576838688
"R32TUR","gas",2020,56.1
"R32TUR","electricity",2020,59.2261091505112
"R32TUR","gas",2025,56.1
"R32TUR","electricity",2025,59.2066556576334
"R32TUR","gas",2030,56.1
"R32TUR","electricity",2030,61.2283328570227
"R32TUR","gas",2035,56.1
"R32TUR","electricity",2035,58.1994635827025
"R32TUR","gas",2040,56.1
"R32TUR","electricity",2040,47.836177808137
"R32TUR","gas",2045,56.1
"R32TUR","electricity",2045,47.6345105197303
"R32TUR","gas",2050,56.1
"R32TUR","electricity",2050,54.5743013016097
"R32TUR","gas",2055,56.1
"R32TUR","electricity",2055,56.7230755076354
"R32TUR","gas",2060,56.1
"R32TUR","electricity",2060,58.122998479192
"R32TUR","gas",2065,56.1
"R32TUR","electricity",2065,54.874169306632
"R32TUR","gas",2070,56.1
"R32TUR","electricity",2070,51.625340134072
"R32TUR","gas",2075,56.1
"R32TUR","electricity",2075,52.3117610145487
"R32TUR","gas",2080,56.1
"R32TUR","electricity",2080,52.9981818950253
"R32TUR","gas",2085,56.1
"R32TUR","electricity",2085,53.6694189602066
"R32TUR","gas",2090,56.1
"R32TUR","electricity",2090,54.3406560253879
"R32TUR","gas",2095,56.1
"R32TUR","electricity",2095,54.6868673829504
"R32TUR","gas",2100,56.1
"R32TUR","electricity",2100,55.0330787405128
"R32USA","gas",2015,56.1
"R32USA","electricity",2015,112.188262530134
"R32USA","gas",2020,56.1
"R32USA","electricity",2020,106.095365183623
"R32USA","gas",2025,56.1
"R32USA","electricity",2025,104.611808305009
"R32USA","gas",2030,56.1
"R32USA","electricity",2030,97.42869233596
"R32USA","gas",2035,56.1
"R32USA","electricity",2035,79.3141518874954
"R32USA","gas",2040,56.1
"R32USA","electricity",2040,56.5681126014919
"R32USA","gas",2045,56.1
"R32USA","electricity",2045,55.1429544514763
"R32USA","gas",2050,56.1
"R32USA","electricity",2050,57.0430900927048
"R32USA","gas",2055,56.1
"R32USA","electricity",2055,55.422981436738
"R32USA","gas",2060,56.1
"R32USA","electricity",2060,56.214332759502
"R32USA","gas",2065,56.1
"R32USA","electricity",2065,54.8268777785868
"R32USA","gas",2070,56.1
"R32USA","electricity",2070,53.4394227976716
"R32USA","gas",2075,56.1
"R32USA","electricity",2075,53.1357086946575
"R32USA","gas",2080,56.1
"R32USA","electricity",2080,52.8319945916434
"R32USA","gas",2085,56.1
"R32USA","electricity",2085,53.0193686060301
"R32USA","gas",2090,56.1
"R32USA","electricity",2090,53.2067426204167
"R32USA","gas",2095,56.1
"R32USA","electricity",2095,53.3861241538198
"R32USA","gas",2100,56.1
"R32USA","electricity",2100,53.5655056872228
