region,urt,year,cool_use_Kwh,fuel
C-EEU-BGR,rur,2020,213209985.58623397,electricity
C-EEU-BGR,rur,2025,239718220.08426693,electricity
C-EEU-BGR,rur,2030,257190555.99877998,electricity
C-EEU-BGR,rur,2035,271262341.6124678,electricity
C-EEU-BGR,rur,2040,275330049.63192165,electricity
C-EEU-BGR,rur,2045,276974415.34445244,electricity
C-EEU-BGR,rur,2050,270740360.63592815,electricity
C-EEU-BGR,rur,2055,263605663.473604,electricity
C-EEU-BGR,rur,2060,254067133.79743963,electricity
C-EEU-BGR,rur,2070,235669436.7912904,electricity
C-EEU-BGR,rur,2080,212764654.82322165,electricity
C-EEU-BGR,rur,2090,194467670.68605733,electricity
C-EEU-BGR,rur,2100,176390288.58041066,electricity
C-EEU-BGR,urb,2020,685530353.4580071,electricity
C-EEU-BGR,urb,2025,816322887.2870742,electricity
C-EEU-BGR,urb,2030,932754461.5220693,electricity
C-EEU-BGR,urb,2035,1025979789.2997137,electricity
C-EEU-BGR,urb,2040,1119908621.4077792,electricity
C-EEU-BGR,urb,2045,1182826667.7194872,electricity
C-EEU-BGR,urb,2050,1252514670.2958,electricity
C-EEU-BGR,urb,2055,1303680713.0096328,electricity
C-EEU-BGR,urb,2060,1349194604.5381713,electricity
C-EEU-BGR,urb,2070,1407598647.1843014,electricity
C-EEU-BGR,urb,2080,1423581232.7371264,electricity
C-EEU-BGR,urb,2090,1421365148.4692545,electricity
C-EEU-BGR,urb,2100,1414367161.7493203,electricity
C-EEU-CZE,rur,2020,44152102.99968846,electricity
C-EEU-CZE,rur,2025,48185631.439566046,electricity
C-EEU-CZE,rur,2030,49706682.73019789,electricity
C-EEU-CZE,rur,2035,49768869.68139228,electricity
C-EEU-CZE,rur,2040,49665044.687876955,electricity
C-EEU-CZE,rur,2045,48866126.81194158,electricity
C-EEU-CZE,rur,2050,47591768.88527569,electricity
C-EEU-CZE,rur,2055,46114572.33017738,electricity
C-EEU-CZE,rur,2060,44558547.28252583,electricity
C-EEU-CZE,rur,2070,40294766.230585515,electricity
C-EEU-CZE,rur,2080,35786082.40497884,electricity
C-EEU-CZE,rur,2090,31883859.84407802,electricity
C-EEU-CZE,rur,2100,28380411.52939447,electricity
C-EEU-CZE,urb,2020,163763893.32467058,electricity
C-EEU-CZE,urb,2025,200484501.04012436,electricity
C-EEU-CZE,urb,2030,223667423.98242706,electricity
C-EEU-CZE,urb,2035,242702711.9764842,electricity
C-EEU-CZE,urb,2040,260197247.3446546,electricity
C-EEU-CZE,urb,2045,277189081.5693308,electricity
C-EEU-CZE,urb,2050,293766079.43224716,electricity
C-EEU-CZE,urb,2055,309124575.41194504,electricity
C-EEU-CZE,urb,2060,322112801.7836921,electricity
C-EEU-CZE,urb,2070,338398152.04729545,electricity
C-EEU-CZE,urb,2080,347272209.1450528,electricity
C-EEU-CZE,urb,2090,354680226.53488207,electricity
C-EEU-CZE,urb,2100,358997675.0293066,electricity
C-EEU-EST,rur,2020,873821.8787670856,electricity
C-EEU-EST,rur,2025,1012706.5233305104,electricity
C-EEU-EST,rur,2030,1107452.0842240849,electricity
C-EEU-EST,rur,2035,1160928.9203373494,electricity
C-EEU-EST,rur,2040,1215638.4748820106,electricity
C-EEU-EST,rur,2045,1240919.985899385,electricity
C-EEU-EST,rur,2050,1257367.8682435744,electricity
C-EEU-EST,rur,2055,1255989.473743475,electricity
C-EEU-EST,rur,2060,1240951.390254341,electricity
C-EEU-EST,rur,2070,1173400.435522441,electricity
C-EEU-EST,rur,2080,1072821.9753984334,electricity
C-EEU-EST,rur,2090,965934.7934873258,electricity
C-EEU-EST,rur,2100,862982.8151091429,electricity
C-EEU-EST,urb,2020,2692764.5977489366,electricity
C-EEU-EST,urb,2025,3654331.1966745663,electricity
C-EEU-EST,urb,2030,4423696.035211121,electricity
C-EEU-EST,urb,2035,5180015.323310785,electricity
C-EEU-EST,urb,2040,5869880.426416934,electricity
C-EEU-EST,urb,2045,6556565.7617220525,electricity
C-EEU-EST,urb,2050,7178190.694811847,electricity
C-EEU-EST,urb,2055,7735324.820085618,electricity
C-EEU-EST,urb,2060,8222073.5250932425,electricity
C-EEU-EST,urb,2070,8976985.079395602,electricity
C-EEU-EST,urb,2080,9490356.126302404,electricity
C-EEU-EST,urb,2090,9822580.914856927,electricity
C-EEU-EST,urb,2100,9996110.86339476,electricity
C-EEU-HRV,rur,2020,155681082.6500698,electricity
C-EEU-HRV,rur,2025,151606413.17150497,electricity
C-EEU-HRV,rur,2030,155965966.10147968,electricity
C-EEU-HRV,rur,2035,158503116.64457315,electricity
C-EEU-HRV,rur,2040,163025464.87689304,electricity
C-EEU-HRV,rur,2045,172313381.75688,electricity
C-EEU-HRV,rur,2050,179632695.21090183,electricity
C-EEU-HRV,rur,2055,197316698.14222902,electricity
C-EEU-HRV,rur,2060,203627790.81079367,electricity
C-EEU-HRV,rur,2070,203627183.5696765,electricity
C-EEU-HRV,rur,2080,200207207.11303985,electricity
C-EEU-HRV,rur,2090,193528791.57246187,electricity
C-EEU-HRV,rur,2100,184655027.9286154,electricity
C-EEU-HRV,urb,2020,274185756.839932,electricity
C-EEU-HRV,urb,2025,303790160.62799156,electricity
C-EEU-HRV,urb,2030,331003119.0349507,electricity
C-EEU-HRV,urb,2035,362708080.6394783,electricity
C-EEU-HRV,urb,2040,395699524.1741455,electricity
C-EEU-HRV,urb,2045,437002067.9347668,electricity
C-EEU-HRV,urb,2050,470176362.00871223,electricity
C-EEU-HRV,urb,2055,506514804.2645203,electricity
C-EEU-HRV,urb,2060,537551981.2489433,electricity
C-EEU-HRV,urb,2070,590776540.0847951,electricity
C-EEU-HRV,urb,2080,630309300.0440966,electricity
C-EEU-HRV,urb,2090,652814547.0243735,electricity
C-EEU-HRV,urb,2100,657740332.0950435,electricity
C-EEU-HUN,rur,2020,234543410.0522943,electricity
C-EEU-HUN,rur,2025,256099968.6420892,electricity
C-EEU-HUN,rur,2030,274762753.3907349,electricity
C-EEU-HUN,rur,2035,288258199.4284304,electricity
C-EEU-HUN,rur,2040,294051350.2922772,electricity
C-EEU-HUN,rur,2045,297086801.54912573,electricity
C-EEU-HUN,rur,2050,297727679.9841762,electricity
C-EEU-HUN,rur,2055,292510784.38713884,electricity
C-EEU-HUN,rur,2060,286492514.7945168,electricity
C-EEU-HUN,rur,2070,265614203.39995873,electricity
C-EEU-HUN,rur,2080,236901217.88554585,electricity
C-EEU-HUN,rur,2090,205640737.53078958,electricity
C-EEU-HUN,rur,2100,175866831.99932483,electricity
C-EEU-HUN,urb,2020,681518964.6983724,electricity
C-EEU-HUN,urb,2025,788515406.1664013,electricity
C-EEU-HUN,urb,2030,895534727.0471084,electricity
C-EEU-HUN,urb,2035,998857567.5661712,electricity
C-EEU-HUN,urb,2040,1077855342.513681,electricity
C-EEU-HUN,urb,2045,1152885972.961507,electricity
C-EEU-HUN,urb,2050,1211886544.2048473,electricity
C-EEU-HUN,urb,2055,1259883400.4310083,electricity
C-EEU-HUN,urb,2060,1294136774.318487,electricity
C-EEU-HUN,urb,2070,1323253517.5768735,electricity
C-EEU-HUN,urb,2080,1321798852.3145204,electricity
C-EEU-HUN,urb,2090,1307248554.9377184,electricity
C-EEU-HUN,urb,2100,1276938299.1920383,electricity
C-EEU-LTU,rur,2020,6669698.26595577,electricity
C-EEU-LTU,rur,2025,7127959.089346436,electricity
C-EEU-LTU,rur,2030,7223683.163987327,electricity
C-EEU-LTU,rur,2035,7359283.255040392,electricity
C-EEU-LTU,rur,2040,7322948.99752567,electricity
C-EEU-LTU,rur,2045,7167331.469735418,electricity
C-EEU-LTU,rur,2050,6939858.592570331,electricity
C-EEU-LTU,rur,2055,6575005.020883098,electricity
C-EEU-LTU,rur,2060,6247624.8737741625,electricity
C-EEU-LTU,rur,2070,5727309.10501444,electricity
C-EEU-LTU,rur,2080,5188051.7088376265,electricity
C-EEU-LTU,rur,2090,4717703.931603099,electricity
C-EEU-LTU,rur,2100,4267002.394815018,electricity
C-EEU-LTU,urb,2020,17313249.918902125,electricity
C-EEU-LTU,urb,2025,20069416.784189098,electricity
C-EEU-LTU,urb,2030,22330413.318957217,electricity
C-EEU-LTU,urb,2035,24426739.340007767,electricity
C-EEU-LTU,urb,2040,26570172.31944837,electricity
C-EEU-LTU,urb,2045,28283526.026675265,electricity
C-EEU-LTU,urb,2050,29955434.494159456,electricity
C-EEU-LTU,urb,2055,31267056.647287797,electricity
C-EEU-LTU,urb,2060,32131389.369010046,electricity
C-EEU-LTU,urb,2070,33577292.79405476,electricity
C-EEU-LTU,urb,2080,34616786.6068375,electricity
C-EEU-LTU,urb,2090,35129975.574807614,electricity
C-EEU-LTU,urb,2100,35477805.044511855,electricity
C-EEU-LVA,rur,2020,2338643.448899654,electricity
C-EEU-LVA,rur,2025,2558201.6921324665,electricity
C-EEU-LVA,rur,2030,2713374.9186573154,electricity
C-EEU-LVA,rur,2035,2808876.2201703833,electricity
C-EEU-LVA,rur,2040,2805702.632961295,electricity
C-EEU-LVA,rur,2045,2826623.01376524,electricity
C-EEU-LVA,rur,2050,2774910.081444406,electricity
C-EEU-LVA,rur,2055,2725754.8984194817,electricity
C-EEU-LVA,rur,2060,2648858.4442294035,electricity
C-EEU-LVA,rur,2070,2506843.2932865135,electricity
C-EEU-LVA,rur,2080,2342207.4177788896,electricity
C-EEU-LVA,rur,2090,2163318.0940568824,electricity
C-EEU-LVA,rur,2100,1959078.8296502235,electricity
C-EEU-LVA,urb,2020,7647438.262911701,electricity
C-EEU-LVA,urb,2025,9259159.671534466,electricity
C-EEU-LVA,urb,2030,10456290.775580496,electricity
C-EEU-LVA,urb,2035,11646713.730742646,electricity
C-EEU-LVA,urb,2040,12697208.94503006,electricity
C-EEU-LVA,urb,2045,13768117.973683149,electricity
C-EEU-LVA,urb,2050,14769794.60694464,electricity
C-EEU-LVA,urb,2055,15588791.02937694,electricity
C-EEU-LVA,urb,2060,16287280.734596811,electricity
C-EEU-LVA,urb,2070,17426478.48579553,electricity
C-EEU-LVA,urb,2080,18022310.815707095,electricity
C-EEU-LVA,urb,2090,18319869.361234482,electricity
C-EEU-LVA,urb,2100,18296504.865265116,electricity
C-EEU-POL,rur,2020,250809362.76284322,electricity
C-EEU-POL,rur,2025,280227919.2672418,electricity
C-EEU-POL,rur,2030,296058563.3171997,electricity
C-EEU-POL,rur,2035,301440421.1591355,electricity
C-EEU-POL,rur,2040,307575048.959293,electricity
C-EEU-POL,rur,2045,306070239.21425575,electricity
C-EEU-POL,rur,2050,302403669.66693664,electricity
C-EEU-POL,rur,2055,296501122.8837364,electricity
C-EEU-POL,rur,2060,287437192.82125014,electricity
C-EEU-POL,rur,2070,274793876.1928365,electricity
C-EEU-POL,rur,2080,253910451.08705017,electricity
C-EEU-POL,rur,2090,230137323.13149348,electricity
C-EEU-POL,rur,2100,207851546.8661695,electricity
C-EEU-POL,urb,2020,469034078.1662837,electricity
C-EEU-POL,urb,2025,595845396.3803467,electricity
C-EEU-POL,urb,2030,692397209.2129629,electricity
C-EEU-POL,urb,2035,789799296.9948537,electricity
C-EEU-POL,urb,2040,880151135.9775317,electricity
C-EEU-POL,urb,2045,965525765.500156,electricity
C-EEU-POL,urb,2050,1038124280.3879437,electricity
C-EEU-POL,urb,2055,1097123529.5652556,electricity
C-EEU-POL,urb,2060,1149371199.8320227,electricity
C-EEU-POL,urb,2070,1216527017.869407,electricity
C-EEU-POL,urb,2080,1237266367.6354306,electricity
C-EEU-POL,urb,2090,1242327857.4134996,electricity
C-EEU-POL,urb,2100,1247494808.7467372,electricity
C-EEU-ROU,rur,2020,341169759.8433056,electricity
C-EEU-ROU,rur,2025,451690012.23135394,electricity
C-EEU-ROU,rur,2030,544825612.0778724,electricity
C-EEU-ROU,rur,2035,606536461.91803,electricity
C-EEU-ROU,rur,2040,650623422.3034883,electricity
C-EEU-ROU,rur,2045,683541193.8014301,electricity
C-EEU-ROU,rur,2050,700287952.8881016,electricity
C-EEU-ROU,rur,2055,712861556.2602319,electricity
C-EEU-ROU,rur,2060,719854173.8217696,electricity
C-EEU-ROU,rur,2070,698670607.0663695,electricity
C-EEU-ROU,rur,2080,661008241.5335537,electricity
C-EEU-ROU,rur,2090,607545407.0301765,electricity
C-EEU-ROU,rur,2100,547474824.272723,electricity
C-EEU-ROU,urb,2020,668922996.2619973,electricity
C-EEU-ROU,urb,2025,883038540.3779958,electricity
C-EEU-ROU,urb,2030,1078949213.162917,electricity
C-EEU-ROU,urb,2035,1280332942.6360037,electricity
C-EEU-ROU,urb,2040,1432991154.7952442,electricity
C-EEU-ROU,urb,2045,1594570116.4598694,electricity
C-EEU-ROU,urb,2050,1725023119.9480271,electricity
C-EEU-ROU,urb,2055,1831844803.2425623,electricity
C-EEU-ROU,urb,2060,1910405181.8296654,electricity
C-EEU-ROU,urb,2070,1979515231.0419197,electricity
C-EEU-ROU,urb,2080,1986628933.552676,electricity
C-EEU-ROU,urb,2090,1975721633.599112,electricity
C-EEU-ROU,urb,2100,1951486496.5629282,electricity
C-EEU-SVK,rur,2020,51762340.818365395,electricity
C-EEU-SVK,rur,2025,56983887.07133475,electricity
C-EEU-SVK,rur,2030,59970194.340604015,electricity
C-EEU-SVK,rur,2035,61377359.59799214,electricity
C-EEU-SVK,rur,2040,61955553.74001916,electricity
C-EEU-SVK,rur,2045,61712766.20727983,electricity
C-EEU-SVK,rur,2050,60324428.63703925,electricity
C-EEU-SVK,rur,2055,59465592.981766246,electricity
C-EEU-SVK,rur,2060,57575707.34394906,electricity
C-EEU-SVK,rur,2070,53907229.42196985,electricity
C-EEU-SVK,rur,2080,49403798.63789572,electricity
C-EEU-SVK,rur,2090,44788057.12639453,electricity
C-EEU-SVK,rur,2100,40548281.49548661,electricity
C-EEU-SVK,urb,2020,84583369.26255757,electricity
C-EEU-SVK,urb,2025,103600294.67614722,electricity
C-EEU-SVK,urb,2030,121046889.58394867,electricity
C-EEU-SVK,urb,2035,137833751.4654976,electricity
C-EEU-SVK,urb,2040,152176691.96190625,electricity
C-EEU-SVK,urb,2045,165242675.74926677,electricity
C-EEU-SVK,urb,2050,177082974.9507172,electricity
C-EEU-SVK,urb,2055,187464149.1390446,electricity
C-EEU-SVK,urb,2060,196145392.71381244,electricity
C-EEU-SVK,urb,2070,207578630.98463953,electricity
C-EEU-SVK,urb,2080,213041474.74089053,electricity
C-EEU-SVK,urb,2090,216463979.6934288,electricity
C-EEU-SVK,urb,2100,219060234.0158197,electricity
C-EEU-SVN,rur,2020,5912024.36793821,electricity
C-EEU-SVN,rur,2025,6361429.4191082185,electricity
C-EEU-SVN,rur,2030,6799032.003830733,electricity
C-EEU-SVN,rur,2035,7090383.719294891,electricity
C-EEU-SVN,rur,2040,7370047.26355102,electricity
C-EEU-SVN,rur,2045,7507221.096351631,electricity
C-EEU-SVN,rur,2050,7584404.704638834,electricity
C-EEU-SVN,rur,2055,7560239.135733504,electricity
C-EEU-SVN,rur,2060,7452300.638012875,electricity
C-EEU-SVN,rur,2070,7140424.134954937,electricity
C-EEU-SVN,rur,2080,6651814.286498549,electricity
C-EEU-SVN,rur,2090,6132422.211164316,electricity
C-EEU-SVN,rur,2100,5606913.003974998,electricity
C-EEU-SVN,urb,2020,9060573.539379692,electricity
C-EEU-SVN,urb,2025,11726732.948818095,electricity
C-EEU-SVN,urb,2030,14475737.276769845,electricity
C-EEU-SVN,urb,2035,17244069.419511504,electricity
C-EEU-SVN,urb,2040,19937684.926482476,electricity
C-EEU-SVN,urb,2045,22553732.387015764,electricity
C-EEU-SVN,urb,2050,25008259.825942922,electricity
C-EEU-SVN,urb,2055,27248357.585520234,electricity
C-EEU-SVN,urb,2060,29258079.662477482,electricity
C-EEU-SVN,urb,2070,32528136.607611474,electricity
C-EEU-SVN,urb,2080,34889479.063295946,electricity
C-EEU-SVN,urb,2090,36480210.98494228,electricity
C-EEU-SVN,urb,2100,37359228.56533106,electricity
C-WEU-AUT,rur,2020,126017723.36122543,electricity
C-WEU-AUT,rur,2025,123165839.57855941,electricity
C-WEU-AUT,rur,2030,118860856.71092516,electricity
C-WEU-AUT,rur,2035,115612432.7087363,electricity
C-WEU-AUT,rur,2040,111601252.41462263,electricity
C-WEU-AUT,rur,2045,107340783.25087097,electricity
C-WEU-AUT,rur,2050,103070426.29685457,electricity
C-WEU-AUT,rur,2055,99134760.04450203,electricity
C-WEU-AUT,rur,2060,94448212.90045618,electricity
C-WEU-AUT,rur,2070,85320571.72961904,electricity
C-WEU-AUT,rur,2080,76601305.12653723,electricity
C-WEU-AUT,rur,2090,68045884.90307082,electricity
C-WEU-AUT,rur,2100,60104518.65318064,electricity
C-WEU-AUT,urb,2020,474916446.67586005,electricity
C-WEU-AUT,urb,2025,523996137.0358017,electricity
C-WEU-AUT,urb,2030,565375422.2367928,electricity
C-WEU-AUT,urb,2035,603921498.7481563,electricity
C-WEU-AUT,urb,2040,640161769.9481384,electricity
C-WEU-AUT,urb,2045,674557774.9309222,electricity
C-WEU-AUT,urb,2050,706699531.5347087,electricity
C-WEU-AUT,urb,2055,735320978.3775539,electricity
C-WEU-AUT,urb,2060,760544981.7634525,electricity
C-WEU-AUT,urb,2070,802457704.5851796,electricity
C-WEU-AUT,urb,2080,833570435.4065986,electricity
C-WEU-AUT,urb,2090,847477307.2726197,electricity
C-WEU-AUT,urb,2100,848290411.4937037,electricity
C-WEU-BEL,rur,2020,7004399.960657589,electricity
C-WEU-BEL,rur,2025,7895386.674233592,electricity
C-WEU-BEL,rur,2030,8998179.653287742,electricity
C-WEU-BEL,rur,2035,10072248.576057423,electricity
C-WEU-BEL,rur,2040,11167705.121594008,electricity
C-WEU-BEL,rur,2045,12379267.206993196,electricity
C-WEU-BEL,rur,2050,13550913.440849314,electricity
C-WEU-BEL,rur,2055,14610145.106941737,electricity
C-WEU-BEL,rur,2060,15653630.442121292,electricity
C-WEU-BEL,rur,2070,17550519.642803453,electricity
C-WEU-BEL,rur,2080,19202663.185419623,electricity
C-WEU-BEL,rur,2090,20508889.346326977,electricity
C-WEU-BEL,rur,2100,21473071.16816894,electricity
C-WEU-BEL,urb,2020,258993034.3783267,electricity
C-WEU-BEL,urb,2025,281336706.70407677,electricity
C-WEU-BEL,urb,2030,303689375.48873085,electricity
C-WEU-BEL,urb,2035,325482421.5940371,electricity
C-WEU-BEL,urb,2040,347568419.10942423,electricity
C-WEU-BEL,urb,2045,369431524.76855284,electricity
C-WEU-BEL,urb,2050,390637455.2673452,electricity
C-WEU-BEL,urb,2055,409889937.2295821,electricity
C-WEU-BEL,urb,2060,427719862.6885189,electricity
C-WEU-BEL,urb,2070,459602053.79645014,electricity
C-WEU-BEL,urb,2080,485290192.5476436,electricity
C-WEU-BEL,urb,2090,500447440.25264096,electricity
C-WEU-BEL,urb,2100,505996933.61630774,electricity
C-WEU-CHE,rur,2020,72129326.60994235,electricity
C-WEU-CHE,rur,2025,69486744.94157855,electricity
C-WEU-CHE,rur,2030,66172229.38806845,electricity
C-WEU-CHE,rur,2035,62766525.869916596,electricity
C-WEU-CHE,rur,2040,60231364.478142425,electricity
C-WEU-CHE,rur,2045,57914265.408316016,electricity
C-WEU-CHE,rur,2050,55634893.90195882,electricity
C-WEU-CHE,rur,2055,53256014.19293008,electricity
C-WEU-CHE,rur,2060,50683524.41434547,electricity
C-WEU-CHE,rur,2070,45650909.05255746,electricity
C-WEU-CHE,rur,2080,40978008.889461,electricity
C-WEU-CHE,rur,2090,36672041.28033723,electricity
C-WEU-CHE,rur,2100,32739236.640927643,electricity
C-WEU-CHE,urb,2020,201797510.52758536,electricity
C-WEU-CHE,urb,2025,227976009.4574984,electricity
C-WEU-CHE,urb,2030,249302780.37459266,electricity
C-WEU-CHE,urb,2035,268902516.7920809,electricity
C-WEU-CHE,urb,2040,287917924.72395027,electricity
C-WEU-CHE,urb,2045,306207344.51710004,electricity
C-WEU-CHE,urb,2050,324582503.00010073,electricity
C-WEU-CHE,urb,2055,341140318.97656214,electricity
C-WEU-CHE,urb,2060,355771233.5912206,electricity
C-WEU-CHE,urb,2070,379413285.13334954,electricity
C-WEU-CHE,urb,2080,397749911.5412511,electricity
C-WEU-CHE,urb,2090,409073446.0813982,electricity
C-WEU-CHE,urb,2100,413611409.7600158,electricity
C-WEU-CYP,rur,2020,582330102.286562,electricity
C-WEU-CYP,rur,2025,610266932.7764871,electricity
C-WEU-CYP,rur,2030,629388924.62045,electricity
C-WEU-CYP,rur,2035,657680812.6270077,electricity
C-WEU-CYP,rur,2040,683368723.3105547,electricity
C-WEU-CYP,rur,2045,696236871.4696976,electricity
C-WEU-CYP,rur,2050,719304990.3170989,electricity
C-WEU-CYP,rur,2055,737982262.4590625,electricity
C-WEU-CYP,rur,2060,753871179.7130438,electricity
C-WEU-CYP,rur,2070,779607520.1699944,electricity
C-WEU-CYP,rur,2080,774075439.0749278,electricity
C-WEU-CYP,rur,2090,733890626.2229233,electricity
C-WEU-CYP,rur,2100,681887975.4935982,electricity
C-WEU-CYP,urb,2020,1249102552.0353858,electricity
C-WEU-CYP,urb,2025,1378793084.3549654,electricity
C-WEU-CYP,urb,2030,1513327853.5161474,electricity
C-WEU-CYP,urb,2035,1641014027.0904422,electricity
C-WEU-CYP,urb,2040,1783225825.5952923,electricity
C-WEU-CYP,urb,2045,1935793799.2412648,electricity
C-WEU-CYP,urb,2050,2075651842.3287842,electricity
C-WEU-CYP,urb,2055,2219038421.567434,electricity
C-WEU-CYP,urb,2060,2360985482.272398,electricity
C-WEU-CYP,urb,2070,2600319957.0297565,electricity
C-WEU-CYP,urb,2080,2748414050.624162,electricity
C-WEU-CYP,urb,2090,2773689884.546012,electricity
C-WEU-CYP,urb,2100,2747550688.788073,electricity
C-WEU-DEU,rur,2020,772419633.2450486,electricity
C-WEU-DEU,rur,2025,728642401.0870752,electricity
C-WEU-DEU,rur,2030,676718238.2227589,electricity
C-WEU-DEU,rur,2035,637271584.053268,electricity
C-WEU-DEU,rur,2040,607637049.8430115,electricity
C-WEU-DEU,rur,2045,577202932.4444325,electricity
C-WEU-DEU,rur,2050,549156833.2485542,electricity
C-WEU-DEU,rur,2055,519696355.4878099,electricity
C-WEU-DEU,rur,2060,495059455.6365568,electricity
C-WEU-DEU,rur,2070,444278192.0573502,electricity
C-WEU-DEU,rur,2080,396101803.13335323,electricity
C-WEU-DEU,rur,2090,350108588.82761467,electricity
C-WEU-DEU,rur,2100,308402731.9168461,electricity
C-WEU-DEU,urb,2020,3488001546.8613877,electricity
C-WEU-DEU,urb,2025,3719258578.3365717,electricity
C-WEU-DEU,urb,2030,3877438223.100422,electricity
C-WEU-DEU,urb,2035,4010513749.1028795,electricity
C-WEU-DEU,urb,2040,4140363550.482922,electricity
C-WEU-DEU,urb,2045,4262998579.3325667,electricity
C-WEU-DEU,urb,2050,4367250237.732014,electricity
C-WEU-DEU,urb,2055,4457195099.835715,electricity
C-WEU-DEU,urb,2060,4533319518.615659,electricity
C-WEU-DEU,urb,2070,4655081975.835647,electricity
C-WEU-DEU,urb,2080,4732344679.697142,electricity
C-WEU-DEU,urb,2090,4728859119.685139,electricity
C-WEU-DEU,urb,2100,4671344121.202059,electricity
C-WEU-DNK,rur,2020,7312882.081641782,electricity
C-WEU-DNK,rur,2025,6812044.03858985,electricity
C-WEU-DNK,rur,2030,6362925.233726552,electricity
C-WEU-DNK,rur,2035,5974273.971802559,electricity
C-WEU-DNK,rur,2040,5615104.246575005,electricity
C-WEU-DNK,rur,2045,5325752.314721324,electricity
C-WEU-DNK,rur,2050,5019431.489117984,electricity
C-WEU-DNK,rur,2055,4753314.256328937,electricity
C-WEU-DNK,rur,2060,4472259.972867253,electricity
C-WEU-DNK,rur,2070,3950719.0105844047,electricity
C-WEU-DNK,rur,2080,3483135.4408179712,electricity
C-WEU-DNK,rur,2090,3058764.59176429,electricity
C-WEU-DNK,rur,2100,2682039.133536368,electricity
C-WEU-DNK,urb,2020,60471328.518554494,electricity
C-WEU-DNK,urb,2025,66308520.545080684,electricity
C-WEU-DNK,urb,2030,71152771.94578314,electricity
C-WEU-DNK,urb,2035,75553353.2560465,electricity
C-WEU-DNK,urb,2040,79484328.02288266,electricity
C-WEU-DNK,urb,2045,83232228.6735483,electricity
C-WEU-DNK,urb,2050,86909608.33074886,electricity
C-WEU-DNK,urb,2055,90264189.39156878,electricity
C-WEU-DNK,urb,2060,93423799.44450957,electricity
C-WEU-DNK,urb,2070,99218585.62954506,electricity
C-WEU-DNK,urb,2080,104172331.27383673,electricity
C-WEU-DNK,urb,2090,107300508.03367433,electricity
C-WEU-DNK,urb,2100,108928702.1317695,electricity
C-WEU-ESP,rur,2020,8702211602.96424,electricity
C-WEU-ESP,rur,2025,8542581801.501092,electricity
C-WEU-ESP,rur,2030,8245615222.537929,electricity
C-WEU-ESP,rur,2035,8185237780.536833,electricity
C-WEU-ESP,rur,2040,8106567435.730666,electricity
C-WEU-ESP,rur,2045,7965561603.9062,electricity
C-WEU-ESP,rur,2050,7857767302.997007,electricity
C-WEU-ESP,rur,2055,7814596928.422567,electricity
C-WEU-ESP,rur,2060,7809213142.304447,electricity
C-WEU-ESP,rur,2070,7503900835.797944,electricity
C-WEU-ESP,rur,2080,7017873284.432151,electricity
C-WEU-ESP,rur,2090,6513017327.928857,electricity
C-WEU-ESP,rur,2100,5831259743.554121,electricity
C-WEU-ESP,urb,2020,29439564968.118286,electricity
C-WEU-ESP,urb,2025,31009504785.062786,electricity
C-WEU-ESP,urb,2030,32954145516.5804,electricity
C-WEU-ESP,urb,2035,34510980979.35536,electricity
C-WEU-ESP,urb,2040,36070324737.914,electricity
C-WEU-ESP,urb,2045,37606253595.73476,electricity
C-WEU-ESP,urb,2050,39204176541.897575,electricity
C-WEU-ESP,urb,2055,40647549379.16893,electricity
C-WEU-ESP,urb,2060,41575935252.17762,electricity
C-WEU-ESP,urb,2070,42635171211.341896,electricity
C-WEU-ESP,urb,2080,43003172334.48359,electricity
C-WEU-ESP,urb,2090,43315113776.87194,electricity
C-WEU-ESP,urb,2100,43049193457.26126,electricity
C-WEU-FIN,rur,2020,4532973.257960702,electricity
C-WEU-FIN,rur,2025,4253102.448930252,electricity
C-WEU-FIN,rur,2030,3990836.2787958384,electricity
C-WEU-FIN,rur,2035,3751555.0656301393,electricity
C-WEU-FIN,rur,2040,3547560.9213387305,electricity
C-WEU-FIN,rur,2045,3376751.585230114,electricity
C-WEU-FIN,rur,2050,3206382.8370863344,electricity
C-WEU-FIN,rur,2055,3049432.96942037,electricity
C-WEU-FIN,rur,2060,2890044.527059804,electricity
C-WEU-FIN,rur,2070,2636355.309112913,electricity
C-WEU-FIN,rur,2080,2404119.3270555595,electricity
C-WEU-FIN,rur,2090,2181485.0745013673,electricity
C-WEU-FIN,rur,2100,1986448.2516893658,electricity
C-WEU-FIN,urb,2020,30526809.477304492,electricity
C-WEU-FIN,urb,2025,33659670.99702783,electricity
C-WEU-FIN,urb,2030,36192214.09595818,electricity
C-WEU-FIN,urb,2035,38701738.61151677,electricity
C-WEU-FIN,urb,2040,41070556.309650145,electricity
C-WEU-FIN,urb,2045,43399893.38617751,electricity
C-WEU-FIN,urb,2050,45800705.98763293,electricity
C-WEU-FIN,urb,2055,47902923.94738023,electricity
C-WEU-FIN,urb,2060,49876659.72245751,electricity
C-WEU-FIN,urb,2070,53723446.99393608,electricity
C-WEU-FIN,urb,2080,56718095.339601345,electricity
C-WEU-FIN,urb,2090,58306345.97073734,electricity
C-WEU-FIN,urb,2100,59073180.294824235,electricity
C-WEU-FRA,rur,2020,669151156.8906468,electricity
C-WEU-FRA,rur,2025,901744751.3023733,electricity
C-WEU-FRA,rur,2030,1099753365.964752,electricity
C-WEU-FRA,rur,2035,1252669861.4808173,electricity
C-WEU-FRA,rur,2040,1313583663.007122,electricity
C-WEU-FRA,rur,2045,1294013838.8069797,electricity
C-WEU-FRA,rur,2050,1273037216.4337046,electricity
C-WEU-FRA,rur,2055,1235873094.3978024,electricity
C-WEU-FRA,rur,2060,1200488813.6019232,electricity
C-WEU-FRA,rur,2070,1119641070.238014,electricity
C-WEU-FRA,rur,2080,1030885800.5484077,electricity
C-WEU-FRA,rur,2090,941893694.2888519,electricity
C-WEU-FRA,rur,2100,851732502.405273,electricity
C-WEU-FRA,urb,2020,3385831896.251358,electricity
C-WEU-FRA,urb,2025,4972235515.377737,electricity
C-WEU-FRA,urb,2030,6617271767.222187,electricity
C-WEU-FRA,urb,2035,8072664680.774547,electricity
C-WEU-FRA,urb,2040,9057829183.530334,electricity
C-WEU-FRA,urb,2045,9503042364.206188,electricity
C-WEU-FRA,urb,2050,9899092629.030642,electricity
C-WEU-FRA,urb,2055,10250142153.03452,electricity
C-WEU-FRA,urb,2060,10577054588.085703,electricity
C-WEU-FRA,urb,2070,11176729781.650557,electricity
C-WEU-FRA,urb,2080,11716458583.712547,electricity
C-WEU-FRA,urb,2090,12161790921.840263,electricity
C-WEU-FRA,urb,2100,12493262018.65453,electricity
C-WEU-GBR,rur,2020,2235678.831564539,electricity
C-WEU-GBR,rur,2025,2239948.251154037,electricity
C-WEU-GBR,rur,2030,2231079.905200467,electricity
C-WEU-GBR,rur,2035,2207038.0141509324,electricity
C-WEU-GBR,rur,2040,2142403.8932334934,electricity
C-WEU-GBR,rur,2045,2068367.1404805344,electricity
C-WEU-GBR,rur,2050,1963088.2336740864,electricity
C-WEU-GBR,rur,2055,1845637.1017616093,electricity
C-WEU-GBR,rur,2060,1713065.5873406415,electricity
C-WEU-GBR,rur,2070,1423512.2465283335,electricity
C-WEU-GBR,rur,2080,1163509.1085807437,electricity
C-WEU-GBR,rur,2090,946646.1576506043,electricity
C-WEU-GBR,rur,2100,778611.2428435559,electricity
C-WEU-GBR,urb,2020,42814655.3556217,electricity
C-WEU-GBR,urb,2025,59911760.81649491,electricity
C-WEU-GBR,urb,2030,77380588.57652454,electricity
C-WEU-GBR,urb,2035,96213283.71295233,electricity
C-WEU-GBR,urb,2040,115776680.66895571,electricity
C-WEU-GBR,urb,2045,135938223.44862738,electricity
C-WEU-GBR,urb,2050,156529854.11292762,electricity
C-WEU-GBR,urb,2055,175991738.37943205,electricity
C-WEU-GBR,urb,2060,194271799.42806897,electricity
C-WEU-GBR,urb,2070,228465410.2323852,electricity
C-WEU-GBR,urb,2080,258503608.2582704,electricity
C-WEU-GBR,urb,2090,280196205.8928998,electricity
C-WEU-GBR,urb,2100,294629719.6524751,electricity
C-WEU-GRC,rur,2020,2078827265.9104543,electricity
C-WEU-GRC,rur,2025,2119724196.4993193,electricity
C-WEU-GRC,rur,2030,2167924105.323007,electricity
C-WEU-GRC,rur,2035,2170973416.1751294,electricity
C-WEU-GRC,rur,2040,2167117889.308807,electricity
C-WEU-GRC,rur,2045,2154582796.5117273,electricity
C-WEU-GRC,rur,2050,2124004037.2928205,electricity
C-WEU-GRC,rur,2055,2087484680.0359583,electricity
C-WEU-GRC,rur,2060,2035081440.282398,electricity
C-WEU-GRC,rur,2070,1887553002.1247525,electricity
C-WEU-GRC,rur,2080,1701100111.6984892,electricity
C-WEU-GRC,rur,2090,1493341853.1579971,electricity
C-WEU-GRC,rur,2100,1283605126.2440364,electricity
C-WEU-GRC,urb,2020,8754448019.212664,electricity
C-WEU-GRC,urb,2025,9380022571.66704,electricity
C-WEU-GRC,urb,2030,10061056030.718683,electricity
C-WEU-GRC,urb,2035,10584527966.147274,electricity
C-WEU-GRC,urb,2040,11070073590.840511,electricity
C-WEU-GRC,urb,2045,11396120656.159048,electricity
C-WEU-GRC,urb,2050,11729208063.895569,electricity
C-WEU-GRC,urb,2055,11926706567.792892,electricity
C-WEU-GRC,urb,2060,12050331988.42341,electricity
C-WEU-GRC,urb,2070,12084213033.20503,electricity
C-WEU-GRC,urb,2080,12012234593.487358,electricity
C-WEU-GRC,urb,2090,11909498925.728512,electricity
C-WEU-GRC,urb,2100,11705567563.624887,electricity
C-WEU-IRL,rur,2020,0,electricity
C-WEU-IRL,rur,2025,0,electricity
C-WEU-IRL,rur,2030,0,electricity
C-WEU-IRL,rur,2035,0,electricity
C-WEU-IRL,rur,2040,87.37693336117907,electricity
C-WEU-IRL,rur,2045,456.3739674994407,electricity
C-WEU-IRL,rur,2050,985.8839186310211,electricity
C-WEU-IRL,rur,2055,1411.3811000334015,electricity
C-WEU-IRL,rur,2060,1701.5342571879569,electricity
C-WEU-IRL,rur,2070,2004.212141570652,electricity
C-WEU-IRL,rur,2080,1968.385038097197,electricity
C-WEU-IRL,rur,2090,1823.8603999673019,electricity
C-WEU-IRL,rur,2100,1592.1305413754244,electricity
C-WEU-IRL,urb,2020,0,electricity
C-WEU-IRL,urb,2025,145467.64469307274,electricity
C-WEU-IRL,urb,2030,283348.8211208122,electricity
C-WEU-IRL,urb,2035,427157.05144871224,electricity
C-WEU-IRL,urb,2040,578577.9709884389,electricity
C-WEU-IRL,urb,2045,734796.2451418929,electricity
C-WEU-IRL,urb,2050,892589.4632313604,electricity
C-WEU-IRL,urb,2055,1041452.3922834767,electricity
C-WEU-IRL,urb,2060,1179813.7127071302,electricity
C-WEU-IRL,urb,2070,1425198.14417031,electricity
C-WEU-IRL,urb,2080,1635144.1287278612,electricity
C-WEU-IRL,urb,2090,1811487.2061479778,electricity
C-WEU-IRL,urb,2100,1934777.7965927888,electricity
C-WEU-ISL,rur,2020,0,electricity
C-WEU-ISL,rur,2025,0,electricity
C-WEU-ISL,rur,2030,0,electricity
C-WEU-ISL,rur,2035,0,electricity
C-WEU-ISL,rur,2040,0,electricity
C-WEU-ISL,rur,2045,0,electricity
C-WEU-ISL,rur,2050,0,electricity
C-WEU-ISL,rur,2055,0,electricity
C-WEU-ISL,rur,2060,0,electricity
C-WEU-ISL,rur,2070,0,electricity
C-WEU-ISL,rur,2080,0,electricity
C-WEU-ISL,rur,2090,0,electricity
C-WEU-ISL,rur,2100,0,electricity
C-WEU-ISL,urb,2020,0,electricity
C-WEU-ISL,urb,2025,0,electricity
C-WEU-ISL,urb,2030,0,electricity
C-WEU-ISL,urb,2035,0,electricity
C-WEU-ISL,urb,2040,0,electricity
C-WEU-ISL,urb,2045,0,electricity
C-WEU-ISL,urb,2050,0,electricity
C-WEU-ISL,urb,2055,0,electricity
C-WEU-ISL,urb,2060,0,electricity
C-WEU-ISL,urb,2070,0,electricity
C-WEU-ISL,urb,2080,0,electricity
C-WEU-ISL,urb,2090,0,electricity
C-WEU-ISL,urb,2100,0,electricity
C-WEU-ITA,rur,2020,10021409108.11897,electricity
C-WEU-ITA,rur,2025,10553034385.717516,electricity
C-WEU-ITA,rur,2030,10986880824.22438,electricity
C-WEU-ITA,rur,2035,11425577614.554592,electricity
C-WEU-ITA,rur,2040,11555071038.59148,electricity
C-WEU-ITA,rur,2045,11423052060.950472,electricity
C-WEU-ITA,rur,2050,11282652568.179214,electricity
C-WEU-ITA,rur,2055,11062048620.400124,electricity
C-WEU-ITA,rur,2060,10801042347.959478,electricity
C-WEU-ITA,rur,2070,10158907515.930103,electricity
C-WEU-ITA,rur,2080,9342379690.710432,electricity
C-WEU-ITA,rur,2090,8450925263.773243,electricity
C-WEU-ITA,rur,2100,7447358284.585716,electricity
C-WEU-ITA,urb,2020,25015248191.49245,electricity
C-WEU-ITA,urb,2025,27840734847.41586,electricity
C-WEU-ITA,urb,2030,30616587424.26259,electricity
C-WEU-ITA,urb,2035,33096798737.183617,electricity
C-WEU-ITA,urb,2040,35258784336.72218,electricity
C-WEU-ITA,urb,2045,36250739092.736664,electricity
C-WEU-ITA,urb,2050,37265351233.428734,electricity
C-WEU-ITA,urb,2055,38012047694.233444,electricity
C-WEU-ITA,urb,2060,38381055757.56019,electricity
C-WEU-ITA,urb,2070,38647105998.99483,electricity
C-WEU-ITA,urb,2080,38833833092.56667,electricity
C-WEU-ITA,urb,2090,38949268817.42019,electricity
C-WEU-ITA,urb,2100,38570685326.06245,electricity
C-WEU-LUX,rur,2020,1473571.202047684,electricity
C-WEU-LUX,rur,2025,1413522.063056611,electricity
C-WEU-LUX,rur,2030,1340166.4785431146,electricity
C-WEU-LUX,rur,2035,1271288.6774893948,electricity
C-WEU-LUX,rur,2040,1208042.0041175394,electricity
C-WEU-LUX,rur,2045,1149505.1604123765,electricity
C-WEU-LUX,rur,2050,1101021.867221169,electricity
C-WEU-LUX,rur,2055,1054680.7347262946,electricity
C-WEU-LUX,rur,2060,1008459.8805446734,electricity
C-WEU-LUX,rur,2070,910113.7077334513,electricity
C-WEU-LUX,rur,2080,811899.4945276208,electricity
C-WEU-LUX,rur,2090,718416.8304087728,electricity
C-WEU-LUX,rur,2100,629938.3067065,electricity
C-WEU-LUX,urb,2020,13489762.42468421,electricity
C-WEU-LUX,urb,2025,15261111.312453812,electricity
C-WEU-LUX,urb,2030,16709680.943141485,electricity
C-WEU-LUX,urb,2035,18097186.575610682,electricity
C-WEU-LUX,urb,2040,19453193.963709224,electricity
C-WEU-LUX,urb,2045,20812969.41689134,electricity
C-WEU-LUX,urb,2050,22205605.05435702,electricity
C-WEU-LUX,urb,2055,23481210.84997602,electricity
C-WEU-LUX,urb,2060,24626508.705518354,electricity
C-WEU-LUX,urb,2070,26327025.139935076,electricity
C-WEU-LUX,urb,2080,27321692.50632092,electricity
C-WEU-LUX,urb,2090,27649237.30230314,electricity
C-WEU-LUX,urb,2100,27352471.58187107,electricity
C-WEU-MLT,rur,2020,91386668.69326688,electricity
C-WEU-MLT,rur,2025,99165476.78918165,electricity
C-WEU-MLT,rur,2030,105193479.64375181,electricity
C-WEU-MLT,rur,2035,108184543.58591206,electricity
C-WEU-MLT,rur,2040,109940102.70680918,electricity
C-WEU-MLT,rur,2045,109167233.2563486,electricity
C-WEU-MLT,rur,2050,107991172.05011295,electricity
C-WEU-MLT,rur,2055,105344005.670523,electricity
C-WEU-MLT,rur,2060,101160147.35421734,electricity
C-WEU-MLT,rur,2070,90261165.64956602,electricity
C-WEU-MLT,rur,2080,76683147.07563467,electricity
C-WEU-MLT,rur,2090,62556176.67943489,electricity
C-WEU-MLT,rur,2100,50337530.35128777,electricity
C-WEU-MLT,urb,2020,1264236654.5251334,electricity
C-WEU-MLT,urb,2025,1347083121.1130548,electricity
C-WEU-MLT,urb,2030,1416552075.9215655,electricity
C-WEU-MLT,urb,2035,1463195081.558114,electricity
C-WEU-MLT,urb,2040,1490258783.2562988,electricity
C-WEU-MLT,urb,2045,1500329771.2791092,electricity
C-WEU-MLT,urb,2050,1505681725.147304,electricity
C-WEU-MLT,urb,2055,1507067743.960014,electricity
C-WEU-MLT,urb,2060,1503639147.6394649,electricity
C-WEU-MLT,urb,2070,1473134078.4464946,electricity
C-WEU-MLT,urb,2080,1413379723.4445715,electricity
C-WEU-MLT,urb,2090,1335974852.1639414,electricity
C-WEU-MLT,urb,2100,1259771770.6049838,electricity
C-WEU-NLD,rur,2020,44415194.91108787,electricity
C-WEU-NLD,rur,2025,41302737.492874585,electricity
C-WEU-NLD,rur,2030,38854349.7051832,electricity
C-WEU-NLD,rur,2035,36613142.1184083,electricity
C-WEU-NLD,rur,2040,34742896.67210086,electricity
C-WEU-NLD,rur,2045,32998470.654827714,electricity
C-WEU-NLD,rur,2050,31476718.515860178,electricity
C-WEU-NLD,rur,2055,29957264.10204777,electricity
C-WEU-NLD,rur,2060,28500323.04579121,electricity
C-WEU-NLD,rur,2070,26061730.12745549,electricity
C-WEU-NLD,rur,2080,24072546.81422974,electricity
C-WEU-NLD,rur,2090,22231921.06820667,electricity
C-WEU-NLD,rur,2100,20548745.64773128,electricity
C-WEU-NLD,urb,2020,351457674.45505416,electricity
C-WEU-NLD,urb,2025,370027566.3816473,electricity
C-WEU-NLD,urb,2030,386238179.2120288,electricity
C-WEU-NLD,urb,2035,400459189.31613266,electricity
C-WEU-NLD,urb,2040,412434029.48894155,electricity
C-WEU-NLD,urb,2045,422765795.5173411,electricity
C-WEU-NLD,urb,2050,432437749.8251869,electricity
C-WEU-NLD,urb,2055,440710125.3078914,electricity
C-WEU-NLD,urb,2060,448336219.14081335,electricity
C-WEU-NLD,urb,2070,463454819.84774494,electricity
C-WEU-NLD,urb,2080,476970299.6816385,electricity
C-WEU-NLD,urb,2090,482353076.92355686,electricity
C-WEU-NLD,urb,2100,480453708.7317069,electricity
C-WEU-NOR,rur,2020,9061045.111372601,electricity
C-WEU-NOR,rur,2025,8819076.154227562,electricity
C-WEU-NOR,rur,2030,8518104.771303395,electricity
C-WEU-NOR,rur,2035,8196773.685235908,electricity
C-WEU-NOR,rur,2040,7805146.204376252,electricity
C-WEU-NOR,rur,2045,7418946.746010019,electricity
C-WEU-NOR,rur,2050,7047182.194118307,electricity
C-WEU-NOR,rur,2055,6629724.089133646,electricity
C-WEU-NOR,rur,2060,6195285.53621836,electricity
C-WEU-NOR,rur,2070,5317451.407010145,electricity
C-WEU-NOR,rur,2080,4474287.517937949,electricity
C-WEU-NOR,rur,2090,3673758.123374036,electricity
C-WEU-NOR,rur,2100,2960387.975975827,electricity
C-WEU-NOR,urb,2020,35411266.44891913,electricity
C-WEU-NOR,urb,2025,39725492.90240419,electricity
C-WEU-NOR,urb,2030,43974230.61688848,electricity
C-WEU-NOR,urb,2035,48331017.25393575,electricity
C-WEU-NOR,urb,2040,52768878.65554842,electricity
C-WEU-NOR,urb,2045,57266170.56384352,electricity
C-WEU-NOR,urb,2050,61869527.15692265,electricity
C-WEU-NOR,urb,2055,66167904.18849438,electricity
C-WEU-NOR,urb,2060,70208287.62094219,electricity
C-WEU-NOR,urb,2070,77522252.91706318,electricity
C-WEU-NOR,urb,2080,83833202.85548607,electricity
C-WEU-NOR,urb,2090,88187866.9593296,electricity
C-WEU-NOR,urb,2100,90835458.21197757,electricity
C-WEU-PRT,rur,2020,1695694600.082483,electricity
C-WEU-PRT,rur,2025,1711294884.4191144,electricity
C-WEU-PRT,rur,2030,1723540538.8112245,electricity
C-WEU-PRT,rur,2035,1691038225.2426293,electricity
C-WEU-PRT,rur,2040,1680484842.6735106,electricity
C-WEU-PRT,rur,2045,1653140143.273714,electricity
C-WEU-PRT,rur,2050,1621868919.0236228,electricity
C-WEU-PRT,rur,2055,1598145594.3533282,electricity
C-WEU-PRT,rur,2060,1570479193.9679627,electricity
C-WEU-PRT,rur,2070,1496591592.42071,electricity
C-WEU-PRT,rur,2080,1380410095.7330618,electricity
C-WEU-PRT,rur,2090,1259190253.435678,electricity
C-WEU-PRT,rur,2100,1115052581.8343427,electricity
C-WEU-PRT,urb,2020,2489324865.1448445,electricity
C-WEU-PRT,urb,2025,2737019510.5879025,electricity
C-WEU-PRT,urb,2030,2952057034.0671425,electricity
C-WEU-PRT,urb,2035,3171713009.0545607,electricity
C-WEU-PRT,urb,2040,3358015109.3506675,electricity
C-WEU-PRT,urb,2045,3617054885.015161,electricity
C-WEU-PRT,urb,2050,3792283784.600768,electricity
C-WEU-PRT,urb,2055,3970229839.448823,electricity
C-WEU-PRT,urb,2060,4109806094.7241864,electricity
C-WEU-PRT,urb,2070,4274183491.5489216,electricity
C-WEU-PRT,urb,2080,4369529188.082265,electricity
C-WEU-PRT,urb,2090,4441042352.662203,electricity
C-WEU-PRT,urb,2100,4455952836.600174,electricity
C-WEU-SWE,rur,2020,12964492.31640824,electricity
C-WEU-SWE,rur,2025,12415786.636984726,electricity
C-WEU-SWE,rur,2030,11790780.12321256,electricity
C-WEU-SWE,rur,2035,11327333.521297444,electricity
C-WEU-SWE,rur,2040,10967856.16431113,electricity
C-WEU-SWE,rur,2045,10715464.136180025,electricity
C-WEU-SWE,rur,2050,10525478.985797476,electricity
C-WEU-SWE,rur,2055,10377849.116259512,electricity
C-WEU-SWE,rur,2060,10257279.538674813,electricity
C-WEU-SWE,rur,2070,10075921.199025057,electricity
C-WEU-SWE,rur,2080,9893316.026550815,electricity
C-WEU-SWE,rur,2090,9543832.374510285,electricity
C-WEU-SWE,rur,2100,9118405.952855675,electricity
C-WEU-SWE,urb,2020,107181654.1492686,electricity
C-WEU-SWE,urb,2025,120954832.17919815,electricity
C-WEU-SWE,urb,2030,133387668.24886794,electricity
C-WEU-SWE,urb,2035,144932937.17552382,electricity
C-WEU-SWE,urb,2040,156507400.1187009,electricity
C-WEU-SWE,urb,2045,168392434.55785024,electricity
C-WEU-SWE,urb,2050,180803405.52396417,electricity
C-WEU-SWE,urb,2055,192412268.80906507,electricity
C-WEU-SWE,urb,2060,203120897.10443395,electricity
C-WEU-SWE,urb,2070,221910438.45228162,electricity
C-WEU-SWE,urb,2080,237866488.78814256,electricity
C-WEU-SWE,urb,2090,248331284.99191597,electricity
C-WEU-SWE,urb,2100,254883020.78909683,electricity
