"region","scenario","gdp_cap_2020","gdp_cap_2025","gdp_cap_2030","gdp_cap_2035","gdp_cap_2040","gdp_cap_2045","gdp_cap_2050","gdp_cap_2055","gdp_cap_2060","gdp_cap_2065","gdp_cap_2070","gdp_cap_2075","gdp_cap_2080","gdp_cap_2085","gdp_cap_2090","gdp_cap_2095","gdp_cap_2100","unit"
"C-EEU-BGR","SSP1",22304.3017196423,28292.2788024378,33682.540350908,39858.0649020772,46602.5483988211,53291.422335324,59754.1471868709,66201.9980348492,72691.4074747137,79397.0104599873,86490.9828758766,93566.5989669031,100964.594265815,108945.395689806,116541.105940673,123528.377239107,130248.507899412,"USD_2005"
"C-EEU-BGR","SSP2",22304.3017196423,28292.3233406843,33184.169292807,38093.849119608,42996.8521395278,47863.4980659165,52719.6040112714,57699.3126984906,62743.3335739094,67968.0607862858,73478.3098427676,78964.1906732964,84707.7620834291,90914.7589004156,96929.5527392159,102659.629402802,108387.062499285,"USD_2005"
"C-EEU-BGR","SSP3",22304.3017196423,28292.2926317848,32532.3739150374,35832.0027345374,38184.1812880979,40024.9762188398,41705.0774222182,43362.1077563256,44909.6635180959,46441.1282400804,48033.876251957,49524.3704114735,51116.6928593016,52930.102056505,54620.4123783761,56189.7947165975,57810.7063392482,"USD_2005"
"C-EEU-BGR","SSP4",22304.3017196423,28292.3244319625,33418.2031649088,38916.9717849127,44701.0378083712,50463.8649523582,56118.7253092133,61795.8497115119,67499.84327232,73366.956574199,79542.3623143048,85666.0260673356,92066.4004118026,99018.3966680725,105717.036029703,112027.864965496,118208.55689281,"USD_2005"
"C-EEU-BGR","SSP5",22304.3017196423,28292.3153901081,34294.374442227,42001.1010663169,50955.4087679248,59989.0430463208,68947.2901486355,78269.4055131438,88140.5516974015,98847.6042604232,110644.501608134,123104.66950824,136659.123846276,151688.847620578,167065.033417942,182452.458684748,198201.309654677,"USD_2005"
"C-EEU-CZE","SSP1",39262.5720778735,44141.0527619005,50286.1968913963,55745.7259349769,61315.7087321652,66368.5620993761,70819.0342325516,75274.4099362166,80123.8837771837,85219.4006560413,91123.9393587913,97353.3732867494,103605.074008918,110450.393334831,117174.647518654,123011.167643188,128501.884906308,"USD_2005"
"C-EEU-CZE","SSP2",39262.5720778735,44141.0459622278,49565.1703748331,53572.0178743244,57496.4334227166,61313.6706186224,64890.8980648972,68582.1030965357,72587.5875662582,76768.403110534,81578.4115237902,86607.6521020158,91638.2435359105,97161.6300275112,102688.085820909,107723.257613061,112701.547224997,"USD_2005"
"C-EEU-CZE","SSP3",39262.5720778735,44141.0461296124,48477.2703625832,50414.7063302252,51680.6815589198,52913.238951232,54228.1655922998,55796.4523515034,57580.0717544614,59379.046052405,61485.588858422,63567.5442560308,65475.9030449153,67575.4905267026,69557.7687552134,71158.9410692812,72680.7341755094,"USD_2005"
"C-EEU-CZE","SSP4",39262.5720778735,44141.0225687548,50236.0992268155,55498.8621697436,60709.1044123395,65296.7944594164,69241.4487889492,73157.4542714006,77411.8263658213,81855.2450783696,87023.2522031724,92468.4895912704,97942.7596319105,104028.031593175,110102.774201619,115527.067566625,120727.571317359,"USD_2005"
"C-EEU-CZE","SSP5",39262.5720778735,44141.0207153828,51218.4882040285,58497.2554794491,66231.6314709749,73402.9264057539,80169.0894002808,87402.0501701047,95621.2008161577,104700.108269858,115267.64823461,126825.479947354,139052.347191595,152648.4350191,166810.621711481,180603.859836332,194596.278966778,"USD_2005"
"C-EEU-EST","SSP1",35849.2688988188,42896.4647946089,52524.8811996112,61159.9369058955,68403.2345484859,73379.8020517472,76872.2896175992,79913.8472285592,83012.0205697751,86303.6748252642,89605.3219976677,92632.278735006,95857.5865522876,99368.4420182945,102581.351672067,104950.981128127,106944.460545635,"USD_2005"
"C-EEU-EST","SSP2",35849.2688988188,42896.604314721,51724.9496900308,58805.0518741581,64519.7825080796,68594.4161338475,71530.5619113123,74028.8400616302,76436.8846132942,78914.1911551374,81311.1324122145,83433.9016771812,85724.9880593058,88277.4014916258,90687.2711697222,92580.080844571,94312.3214992652,"USD_2005"
"C-EEU-EST","SSP3",35849.2688988188,42896.5857051461,50391.5760032813,55055.2253076385,57975.3972673693,59758.0125554531,60958.307765481,61878.6790053998,62539.3563111054,63003.7777937174,63171.7486605199,62982.7027154337,62863.7408632737,62925.8405896716,62886.8684725799,62515.4930393069,62077.1736144087,"USD_2005"
"C-EEU-EST","SSP4",35849.2688988188,42896.4459947417,52478.2167526382,60900.4416815002,67748.3843533393,72234.4785810708,75219.5425724443,77737.7414413285,80251.0978655541,82890.1049443551,85494.8220298941,87839.3143448638,90408.4338462621,93320.2594850418,96083.3534659802,98251.2186985054,100169.272087156,"USD_2005"
"C-EEU-EST","SSP5",35849.2688988188,42896.3999590963,53758.1209666776,64548.1336247577,74068.6744996749,81109.3212298455,86840.8866655166,92497.7181045409,98631.3073614484,105392.602699418,112576.46942604,119877.631700397,127734.040266108,136234.770425081,144745.946330668,152641.591345694,160285.834310084,"USD_2005"
"C-EEU-HRV","SSP1",26730.076186421,35375.048415986,40920.3434036591,46546.8604391537,51858.5289833717,56430.3051518909,60375.0781895587,63977.6251191454,67549.6131284907,71068.4202007066,74592.5949254965,78340.2454037832,82212.3037193969,86042.7324538294,90149.6733509778,94059.5743216792,97772.4633130838,"USD_2005"
"C-EEU-HRV","SSP2",26730.076186421,35375.0720659474,40353.8862752242,44775.179558486,48646.8005816292,52036.2598761799,55074.7563514157,57900.8020414497,60654.4175356401,63296.0574739045,65876.7869961118,68610.8745025253,71449.6812783883,74290.9063251832,77394.0354311435,80422.8178254494,83413.8624495057,"USD_2005"
"C-EEU-HRV","SSP3",26730.076186421,35375.0809370403,39564.3719244962,42368.9074305579,44096.7595407618,45308.4505921619,46325.3288489995,47208.8633253869,47946.9981070844,48468.335548148,48830.2358542243,49238.8292007879,49662.381366935,50008.5577350003,50461.0905648164,50783.6428333785,51033.9180633465,"USD_2005"
"C-EEU-HRV","SSP4",26730.076186421,35375.0667191593,40881.7770055878,46358.2907655998,51399.0785302294,55618.2361774391,59165.562556718,62320.9397729,65368.3213899965,68299.7869295693,71194.5495825017,74292.8710173819,77541.2631750904,80824.434366432,84448.0055355237,88030.2818080357,91559.2256615819,"USD_2005"
"C-EEU-HRV","SSP5",26730.076186421,35374.9850734564,41706.0102373833,48923.1706341257,56184.8639034775,62620.7743571759,68452.3380141227,74183.7521430158,80266.2494120404,86749.0419875912,93682.5203252032,101289.629760192,109479.47679404,118169.772049571,127576.5165329,137213.533503064,147012.218616424,"USD_2005"
"C-EEU-HUN","SSP1",31221.2120256828,36764.2882162803,41078.1246962253,45919.0267149707,50598.8299492803,54876.8954572465,58927.1128658471,62628.3978608257,66384.5951024411,70141.2772943754,74568.9256116976,79094.1755230097,83258.0309300717,87430.6848083845,91568.1026676767,95316.0074202313,98936.1744826938,"USD_2005"
"C-EEU-HUN","SSP2",31221.2120256828,36764.2733702083,40736.0492318072,44696.1113867836,48178.5628324748,51423.2638503115,54654.7039352797,57652.2905292888,60670.2906413177,63662.2191859894,67196.4650604466,70790.9014333437,74093.947172846,77421.8776708514,80755.5469778841,83850.9408153109,86923.2527787071,"USD_2005"
"C-EEU-HUN","SSP3",31221.2120256828,36764.261415714,40192.9475715651,42823.066025777,44378.1603734634,45585.327350119,46881.5928625413,48042.8657410538,49165.7302744006,50168.1687014557,51477.5218672793,52721.0756666985,53660.06461898,54537.0426924265,55343.7939412979,55948.0000633487,56509.8794775061,"USD_2005"
"C-EEU-HUN","SSP4",31221.2120256828,36764.2572029696,41035.4021042838,45705.3842083005,50079.3482660542,53966.5849370356,57589.4958152671,60844.3601465692,64118.5340672998,67357.8430271284,71201.302008105,75115.8776091607,78702.5892487047,82355.4539612017,86045.8386723299,89471.6975878654,92809.6436063788,"USD_2005"
"C-EEU-HUN","SSP5",31221.2120256828,36764.2658406058,41522.9059023708,47644.1521430826,54158.0326541519,60359.9077948959,66480.5454037246,72523.6802984767,79005.6455204459,85912.8711839794,93999.1415597362,102646.6240781,111321.871110163,120457.967297808,130002.342503642,139502.096498972,149216.976776501,"USD_2005"
"C-EEU-LTU","SSP1",36831.0649662788,44678.1502277114,50736.669724181,57450.6231287866,64438.9883476061,70629.7066946623,75459.6286100204,79823.9437095981,84186.115337578,88850.3594943662,93607.5657393678,97927.6224525479,101962.538306057,106284.589710287,110869.831585177,115132.528956668,118647.586482117,"USD_2005"
"C-EEU-LTU","SSP2",36831.0649662788,44678.1071124923,50156.3654170297,55358.2923769842,60025.8398202945,63828.6796635423,66594.8953175012,69135.7700684811,71751.0961974186,74653.7418239479,77635.345976394,80306.73613951,82834.7438269335,85653.5517444414,88764.8036293864,91782.1049529787,94453.4780547494,"USD_2005"
"C-EEU-LTU","SSP3",36831.0649662788,44678.0306836858,49236.4453271837,52481.4318987302,54108.1031395908,54360.5672447981,53569.6897629015,52503.9780179756,51348.2371053649,50244.7074757094,49065.5210712939,47646.0242490413,46148.8944484916,44818.1468276568,43630.467893905,42390.31234608,41010.6729169,"USD_2005"
"C-EEU-LTU","SSP4",36831.0649662788,44678.1389307986,50703.3311681889,57283.2469414037,63999.6372423061,69807.5090035319,74193.2460921129,78055.6236529056,81838.1585865848,85839.2803277281,89868.0039977505,93460.2737341274,96815.3090884601,100489.812989211,104486.02336571,108300.556399559,111549.899092274,"USD_2005"
"C-EEU-LTU","SSP5",36831.0649662788,44678.0467048161,51733.4845921088,60522.0647044665,70541.8794611813,79859.7517239106,87640.0818179351,95066.8099295021,102789.331836623,111262.73089816,120309.557811815,129350.101314677,138559.975697701,148606.454879162,159339.513646738,170048.379839515,180231.759309477,"USD_2005"
"C-EEU-LVA","SSP1",30622.8217461768,36148.5852523774,41679.5055377844,47542.3312565029,53893.3562165789,59658.6341565597,65134.2209024762,70567.5173907,76380.8155864345,82693.6712465998,89250.6499300833,95802.7682759923,102590.751387633,110076.330691524,117416.342509917,124203.76464328,130749.554340247,"USD_2005"
"C-EEU-LVA","SSP2",30622.8217461768,36148.4376604797,41091.4373318121,45392.0741454032,49241.052735934,52307.8990928123,55235.4447734055,58261.9216546716,61670.8489521588,65520.7309031756,69567.3084570421,73632.6609286944,77905.7501272653,82716.1271444237,87570.8100167211,92260.1500866908,97003.5570514807,"USD_2005"
"C-EEU-LVA","SSP3",30622.8217461768,36148.4401861867,40176.5973203416,42571.9521372034,43273.9966897077,42460.7764757819,41157.6080247596,39615.4118103643,37985.7671013067,36270.7568631254,34319.0234799769,32094.7202716186,29755.5081078884,27460.8182148741,25048.2567020066,22534.5133527572,20043.5470672488,"USD_2005"
"C-EEU-LVA","SSP4",30622.8217461768,36148.504281971,41648.4035424786,47394.0079000427,53518.9558897543,58964.9354793912,64055.1715513284,69020.3329530288,74246.7204066641,79843.0525710451,85576.2225603316,91258.9838404218,97158.1181563723,103741.244038772,110328.669926263,116642.860494213,122918.05092515,"USD_2005"
"C-EEU-LVA","SSP5",30622.8217461768,36148.5032943675,42608.8706603422,50330.3618671539,59453.7817684245,68068.8575092619,76338.7797492129,84743.5937955141,93938.1647291825,104197.633457784,115350.572846819,127222.41673105,140083.234662928,154419.372554631,169437.518158735,184659.063428992,200210.84479425,"USD_2005"
"C-EEU-POL","SSP1",32097.3517021861,36968.6276309259,44314.3449084553,51669.8850350772,58331.6558493558,63058.8681574862,67098.557100681,71028.6194224294,75004.52864296,78888.5822269555,82893.9920632533,87395.2708778329,92421.2555964439,98202.7074076523,104411.488636567,110184.175289724,115924.439849752,"USD_2005"
"C-EEU-POL","SSP2",32097.3517021861,36968.622747037,43621.8331943202,49577.6899309556,54731.405352126,58447.5912068404,61787.3217179896,65103.0773867631,68392.5520723578,71529.9881081608,74685.1300436124,78187.2458817469,82084.9879970231,86610.1936739492,91566.2772162907,96366.5431496146,101329.534087085,"USD_2005"
"C-EEU-POL","SSP3",32097.3517021861,36968.6252088004,42597.9984151882,46581.3866438295,49262.3059258137,50732.5429237874,52131.8026511696,53642.83411762,55084.9061720903,56291.2623287545,57349.0164505351,58501.3918480107,59777.1651220779,61345.167011846,63080.6631938709,64634.587942245,66213.5873622934,"USD_2005"
"C-EEU-POL","SSP4",32097.3517021861,36968.6302892568,44281.3292857089,51486.6957706062,57853.1604122121,62191.9678499881,65795.9251228486,69251.3115607213,72712.9903978615,76057.3551588569,79499.3507984372,83404.1686932795,87805.84334275,92947.1545335779,98533.8316592433,103806.282663146,109105.427359328,"USD_2005"
"C-EEU-POL","SSP5",32097.3517021861,36968.6224260323,45255.1493263898,54397.3795617537,63087.3634776195,69661.2720394568,75710.6114287292,82068.2244366258,88956.1328214499,96221.0806460187,104100.021312376,113053.887066677,123177.479658877,134833.406814103,147680.333912747,160679.848011639,174326.145405226,"USD_2005"
"C-EEU-SVK","SSP1",30963.4833043887,33207.4146141794,38765.172503694,44398.7353305552,49971.3923419923,54780.5358915676,59287.3097205264,63945.9894895676,69033.6683544614,74267.640050431,79910.8050157003,85987.7695059012,92494.5453439974,99690.0840360129,107221.09350759,114479.816632511,121426.875060366,"USD_2005"
"C-EEU-SVK","SSP2",30963.4833043887,33207.3064032425,38280.0105492858,42945.0123777515,47430.6060491205,51397.9346631171,55202.512893378,59134.3997893369,63361.6989715623,67658.7223139736,72277.3690600969,77255.2192373816,82591.323382137,88497.5398481245,94732.6628862071,100905.982527965,107059.320960601,"USD_2005"
"C-EEU-SVK","SSP3",30963.4833043887,33207.3540278646,37460.9137335376,40621.0805023238,43207.8292853592,45325.6766131685,47375.0305106488,49479.093572103,51629.5052300792,53615.9833905088,55646.1950794938,57767.5500695391,59978.121877601,62414.0155194163,64917.8503229885,67281.5339148362,69575.6351686407,"USD_2005"
"C-EEU-SVK","SSP4",30963.4833043887,33207.3315108607,38725.6144626848,44192.6525221719,49456.1945216665,53867.2418101628,57933.9814099065,62115.9000153053,66670.971241253,71319.8448282575,76318.1415860949,81705.1953971893,87474.5497310847,93944.1474021371,100805.020098192,107538.230673727,114051.637852155,"USD_2005"
"C-EEU-SVK","SSP5",30963.4833043887,33207.3914934603,39487.0989721256,46488.1557693139,53766.3841525523,60387.6469421009,67001.821920816,74218.7747494584,82411.355184562,91294.2049584528,101197.804999765,112207.145170974,124383.16905284,138126.924135298,153068.14749933,168475.598125406,184275.442206575,"USD_2005"
"C-EEU-SVN","SSP1",36831.211181445,43828.3511672368,48107.1274034551,52552.8208163546,56567.8558253276,59798.6134440306,63115.0005979449,66758.2314697129,70993.1212798418,75400.7723459503,80024.0653801629,84771.566909505,89818.3939134556,95034.3577673211,100381.188020971,105231.528616488,109556.585028299,"USD_2005"
"C-EEU-SVN","SSP2",36831.211181445,43828.1926987223,47758.0286067227,51403.5212852344,54399.8006445537,56759.7490770821,59330.6547636533,62259.4717282615,65681.0568961424,69204.5709258825,72861.4525847325,76601.7661128366,80623.392632892,84865.166753427,89328.8665635183,93547.2889642457,97517.8359871201,"USD_2005"
"C-EEU-SVN","SSP3",36831.211181445,43828.2372261117,47187.0648885277,49553.9681412521,50811.5326397583,51375.5447260737,52152.0483215429,53222.3148463959,54562.8135819132,55780.5647694165,56915.1146681383,57986.5363983023,59181.4699557086,60473.467769889,61873.1080610182,63057.7148358811,64050.6848836381,"USD_2005"
"C-EEU-SVN","SSP4",36831.211181445,43828.0191784445,48058.7333215326,52309.7531013167,55984.2643375936,58797.8026677711,61666.1167388585,64831.9962769512,68525.7303526207,72335.7196535372,76311.1156986545,80385.5456780652,84763.4965204986,89373.954544671,94218.0313634907,98766.3389863203,102957.105624454,"USD_2005"
"C-EEU-SVN","SSP5",36831.211181445,43828.3444809743,48571.2344201513,54286.0451136988,60094.1955853531,65253.9496263815,70744.2341631969,76937.1049899527,84202.7455828076,92159.8232691509,100859.728788531,110197.194997726,120367.532843271,131277.233753423,142858.38444894,154438.064211906,165926.445725015,"USD_2005"
"C-WEU-AUT","SSP1",51980.6557054747,57761.0908141962,59839.6712822219,62964.3782387434,66805.461456891,70282.8594751613,73153.8199333687,76088.2161891266,79751.3986361422,83907.5730274294,87945.7351101683,91888.7339051421,95571.1950189403,99460.569656911,103533.422337117,107363.235123509,110698.567732367,"USD_2005"
"C-WEU-AUT","SSP2",51980.6557054747,57761.0664849039,59476.7114160515,61676.1274140805,64192.8380094476,66445.1030679877,68325.397096401,70387.8411254005,73092.6945366804,76204.8390027506,79204.3109483233,82161.2414911106,84985.3353326557,88068.0730301598,91396.081119682,94632.8770044074,97622.0213825992,"USD_2005"
"C-WEU-AUT","SSP3",51980.6557054747,57761.1031711621,59015.2352212792,59958.8133281798,60607.2722991044,60782.8981583988,60587.9111006686,60540.4227958862,60948.5920066539,61579.7841990689,62029.84451054,62424.6269038,62698.551703751,63137.1357979896,63709.4697440517,64181.8582113622,64483.8233199308,"USD_2005"
"C-WEU-AUT","SSP4",51980.6557054747,57761.0863979489,59784.8300712451,62713.1760561628,66213.8775153624,69267.3085523825,71683.5440846906,74122.2237786917,77197.2726174096,80672.0770757061,83987.0567532506,87208.6848488618,90244.1560142619,93565.3542266993,97185.530454345,100733.678804409,103957.428955495,"USD_2005"
"C-WEU-AUT","SSP5",51980.6557054747,57761.0933575509,60100.2609348658,64460.6166819026,70292.1136096342,75982.9375907463,81243.5574453216,86910.6057549825,93758.7457231385,101601.128275709,109794.628594176,118331.441674171,127022.984525324,136338.867853078,146199.744058999,156155.305676322,165931.984661176,"USD_2005"
"C-WEU-BEL","SSP1",48879.8693384697,53702.3145208623,54604.644647076,56115.9408081486,58152.7401763271,60289.3654388332,62638.8693152288,65627.2912234908,69358.5487783344,73758.8701833704,78656.2244576141,83863.9343539454,89195.1720654912,94992.0629156471,101140.245562266,107239.838105869,113288.761204746,"USD_2005"
"C-WEU-BEL","SSP2",48879.8693384697,53702.2489335162,54226.2422601468,55010.7359630728,56060.9768261041,57241.0025604296,58716.2153031021,60874.4051940146,63686.5332238412,67060.5220117566,70826.1195287006,74865.3345568868,79091.0457675045,83823.5386185293,88994.3983464849,94298.5025118942,99742.1852140885,"USD_2005"
"C-WEU-BEL","SSP3",48879.8693384697,53702.2958848037,53740.4227309116,53493.5537953099,53134.6400258558,52740.5478420345,52525.2310503764,52850.8161179817,53573.2027614222,54576.2407082744,55721.8184732371,56971.1843094882,58286.0752032352,59905.5040247949,61745.6520043662,63575.5478011718,65410.8240718439,"USD_2005"
"C-WEU-BEL","SSP4",48879.8693384697,53702.2892088018,54509.3370218818,55795.901871364,57500.1920916698,59252.8637908001,61192.7924889511,63724.5658051346,66918.6835240929,70698.8654887744,74911.316154014,79406.2618845841,84054.4306244006,89224.113842676,94853.5324335595,100618.670767857,106481.299125578,"USD_2005"
"C-WEU-BEL","SSP5",48879.8693384697,53702.2566990379,54901.8323046763,57493.0623124703,61183.7364162518,65202.6804623592,69659.8349837888,75121.7700707422,81796.0265980227,89695.398898813,98690.7048862118,108612.213758707,119280.556228089,131092.949486811,143940.11009855,157423.271976632,171544.183516069,"USD_2005"
"C-WEU-CHE","SSP1",67691.9508748463,72161.2743441741,75220.767946093,79267.6410898442,83901.8447937864,88419.5878687995,92433.5976696657,96597.5544233262,101684.709052368,107887.499365597,114893.743715049,122352.090804144,130112.016749116,138427.204106036,147077.719165181,155623.870016745,163852.277757381,"USD_2005"
"C-WEU-CHE","SSP2",67691.9508748463,72161.2354992706,74840.9612983964,77859.4992297318,80938.1219894311,83891.8962279181,86501.8937525352,89385.2905969456,93101.0060133879,97814.6513381878,103232.967259684,109080.914650241,115293.057405292,122114.392701285,129410.971780285,136851.843292703,144297.98889691,"USD_2005"
"C-WEU-CHE","SSP3",67691.9508748463,72161.2753694949,74396.5965208686,76023.9546568644,76967.797190923,77419.4707591171,77337.0916281559,77359.5208031955,77912.1154711433,79112.5819475865,80703.8453573808,82511.1692834574,84488.0645308752,86821.4061694525,89400.4082091079,91980.7025076711,94485.3163879458,"USD_2005"
"C-WEU-CHE","SSP4",67691.9508748463,72161.2624866045,75152.8207244157,78941.2205758433,83132.3983017881,87094.2252488226,90497.8494822416,93985.3157260097,98260.5958709471,103502.647937801,109433.337016942,115777.750883685,122495.651080231,129902.522726598,137857.972226724,145993.25728842,154047.015789356,"USD_2005"
"C-WEU-CHE","SSP5",67691.9508748463,72161.2676693873,75384.9865746475,80840.3237228561,87911.5514654614,95329.7143603816,102654.984828799,110721.037867369,120400.57605321,132024.055404019,145339.738791025,159965.256594751,175707.923936804,192812.799174331,211040.90001188,230030.250589559,249640.597714404,"USD_2005"
"C-WEU-CYP","SSP1",28128.5902071444,32202.879653042,36149.8496079006,41041.4412256536,46554.844289677,52103.4446145179,57539.7261092794,63161.6829725434,69193.9792697464,75561.5564635545,81953.7012582591,88323.6975334697,95221.5812629441,102988.99966039,111188.326053652,119154.511006657,126347.308124886,"USD_2005"
"C-WEU-CYP","SSP2",28128.5902071444,32203.0428179548,35765.3337863166,39687.6574069591,43749.8457698899,47781.1912872094,51780.3481296709,56005.3969714374,60585.1268888386,65460.4046155651,70351.5597699078,75244.350948169,80604.6710434476,86714.9134791814,93290.8363139025,99877.6077686077,106144.500966528,"USD_2005"
"C-WEU-CYP","SSP3",28128.5902071444,32203.0224282646,35330.935796007,38065.1318367474,40182.0101948091,41810.438193201,43164.4109984986,44496.8778879995,45884.9203784049,47284.9178061445,48497.2886261129,49554.9543452225,50810.5766558799,52455.7652323353,54302.491482619,56098.8379773188,57686.1359348848,"USD_2005"
"C-WEU-CYP","SSP4",28128.5902071444,32203.1316434996,36122.7148206272,40897.3822753406,46183.2655350567,51405.598820172,56441.5355581014,61573.359821358,67001.7776177726,72669.5462172039,78305.2890600398,83907.950696838,90030.2569714594,97023.658304022,104541.55997881,112039.287073536,119037.120812762,"USD_2005"
"C-WEU-CYP","SSP5",28128.5902071444,32202.9814480255,36425.0041583782,42368.6008708501,49612.0910199483,57215.0895612956,65038.5470118527,73557.2582236261,83099.0692674326,93689.728277588,105028.156542904,117087.95580849,130410.363932046,145354.064871794,161470.568100974,178074.376837381,194613.084834569,"USD_2005"
"C-WEU-DEU","SSP1",51629.7283007332,55350.3031103403,57956.7316407272,61280.1312289322,64899.9955485327,68060.5440316443,70309.2594844565,72344.1066673626,75066.8929605821,78057.1422642056,80866.3475475512,83428.0707671839,85926.1322336612,88424.2109801139,90990.862296416,93327.6691413802,95191.8438248767,"USD_2005"
"C-WEU-DEU","SSP2",51629.7283007332,55350.299400732,57419.2410429521,59480.075992975,61410.9112415063,63081.9717269083,64198.9842213566,65300.0490159978,67045.3067306928,69034.8236014144,70896.6134604904,72615.8434156266,74371.5330859886,76210.9519161996,78181.1104655387,80052.1655991519,81677.2916262858,"USD_2005"
"C-WEU-DEU","SSP3",51629.7283007332,55350.2996704554,56671.2802579875,57053.6129600969,56605.775212067,55753.7162376454,54517.0804907345,53363.3384217255,52753.6082150422,52319.7080750743,51806.3013693056,51260.8909818072,50819.3549711934,50485.19636648,50270.5726278102,50025.4740836796,49678.956490538,"USD_2005"
"C-WEU-DEU","SSP4",51629.7283007332,55350.3044617531,57918.7353233001,61065.7729181254,64368.1530530968,67127.7452809017,68952.9960272086,70542.7941565813,72750.5230095185,75163.6616698527,77370.3348546464,79345.8153642579,81315.9313458985,83387.2964577055,85646.3283643729,87828.3340144356,89674.2941927505,"USD_2005"
"C-WEU-DEU","SSP5",51629.7283007332,55350.3042813179,58505.8031207543,63370.1549229304,69170.191174052,74554.2268135953,79062.1104068417,83596.9558105873,89192.4404404756,95474.3737989996,101937.866450362,108469.108347392,115208.446616148,122222.704942017,129518.782365378,136746.606706632,143629.072661727,"USD_2005"
"C-WEU-DNK","SSP1",55575.3021242792,60290.246932176,63726.9751187961,67961.1663189534,73188.628092389,79017.7729791172,84949.175544299,91008.7425169427,97598.2380898628,105082.962646299,113708.188186295,122733.472701359,131494.958676128,140503.728620339,150243.368574465,160281.164047841,170835.82673907,"USD_2005"
"C-WEU-DNK","SSP2",55575.3021242792,60290.3251445013,63313.4682785169,66428.0915006449,69982.6120799346,74157.6671926927,78625.4464821837,83338.8127523146,88435.8319044146,94247.1855861391,100990.9356732,108138.032837021,115223.896067662,122664.755945641,130785.881948694,139239.808239731,148214.110785456,"USD_2005"
"C-WEU-DNK","SSP3",55575.3021242792,60290.3320958403,62750.8254005578,64333.4497979813,65549.088120814,67015.2441911245,68632.5962882186,70360.829481525,72158.8076750756,74310.6972563349,77020.5475523216,79945.3660403749,82749.4317519156,85681.3435194216,88876.1035232515,92084.169112881,95474.8190033254,"USD_2005"
"C-WEU-DNK","SSP4",55575.3021242792,60290.2665041176,63690.8611909056,67746.7038975049,72626.2608130832,77965.9784054839,83313.2932761323,88710.5481668672,94542.3451686949,101162.275767716,108803.576131272,116782.087251098,124520.832374887,132565.102111482,141405.68068792,150661.114481999,160455.846724811,"USD_2005"
"C-WEU-DNK","SSP5",55575.3021242792,60290.2549303539,64090.2793371447,69828.8280876247,77507.5190474527,86168.8902958528,95276.1321318463,105049.866389551,116051.683935758,128812.032367195,143683.618306436,159924.752194096,176797.923767935,194905.529146307,214835.59992383,236173.095330924,259187.326080035,"USD_2005"
"C-WEU-ESP","SSP1",35989.0674098465,41845.3115120301,46187.7892042175,50528.5569866497,55411.3557277362,60234.9152374264,65217.396396056,71061.7137075472,77851.7731821049,85488.539528824,94269.6279961076,103808.960985466,113389.082175574,123031.484942498,132528.244725179,141812.241946733,151655.50005123,"USD_2005"
"C-WEU-ESP","SSP2",35989.0674098465,41845.3058462983,45713.7260060571,48932.0548092751,52274.274030522,55655.4317501812,59379.9202834458,64057.9648106841,69623.1575905576,75936.9131545835,83123.0914806775,90820.4537809414,98513.2951681806,106371.181681282,114389.914398201,122606.599013076,131581.560872909,"USD_2005"
"C-WEU-ESP","SSP3",35989.0674098465,41845.3125536782,45136.2765989072,46923.1201512254,48101.3866369207,49025.6747103638,50218.5741027787,52204.5301984006,54781.219083334,57750.3853878551,61125.6220813035,64610.4621184003,67871.4805259105,71123.1463449299,74424.127789684,77820.2844519971,81614.5343810199,"USD_2005"
"C-WEU-ESP","SSP4",35989.0674098465,41845.3021388625,46150.6144362282,50348.5577930701,54969.801014795,59444.0894992916,64015.7914864936,69369.2376330389,75551.9310728917,82446.4335099366,90322.1780722741,98827.5294872679,107359.463409587,116037.937613311,124751.449204162,133490.636752265,142904.371298833,"USD_2005"
"C-WEU-ESP","SSP5",35989.0674098465,41845.3100516698,46577.5170061834,52180.7076202673,58950.2342168418,65840.4520562122,73155.123411657,81912.1783169546,92380.0748670177,104596.557764517,118896.413286003,134922.459752584,151941.990859101,170033.103362504,189031.980917225,208930.120734964,230627.418139745,"USD_2005"
"C-WEU-FIN","SSP1",47443.392806757,50879.5522002325,54223.238297884,57193.7137295801,60382.2961979537,63244.6880297255,65702.6520395046,68417.0248439456,71688.3887528171,74866.5468668996,77719.8161225577,80393.9221501485,82819.6294164361,85510.8385069147,88303.5209920213,90777.2957055076,92896.5600559904,"USD_2005"
"C-WEU-FIN","SSP2",47443.392806757,50879.5759912481,53789.1555831698,55706.5456089076,57449.0883515431,59025.6136015373,60472.8392122063,62355.5652031619,64748.9327037817,67036.0881586461,68980.4673002515,70766.7394436068,72426.8088545668,74420.7207459194,76623.6744253591,78693.3009919531,80586.7755708077,"USD_2005"
"C-WEU-FIN","SSP3",47443.392806757,50879.5758376178,53202.8490669088,53705.6719629379,53401.6950524716,52805.9318353667,52208.425828628,52134.5807546296,52476.350426754,52669.1843059384,52528.6122640764,52269.8787402104,51965.6594777167,51948.7310731484,52091.9848960696,52141.5100972934,52071.260928705,"USD_2005"
"C-WEU-FIN","SSP4",47443.392806757,50879.6163047409,54194.2322886922,57022.3291118321,59935.4464188145,62429.5354534422,64480.0730427542,66754.3771979859,69534.8938350172,72193.4021817535,74520.7502727051,76677.3648045552,78628.4128803613,80888.2536487884,83323.495310618,85557.7311512883,87533.0158941547,"USD_2005"
"C-WEU-FIN","SSP5",47443.392806757,50879.5433914184,54669.6298775426,59010.5950056557,64187.5540881097,69100.8022429765,73654.7804709084,78725.1004986024,84740.583481056,91055.5144004353,97372.7216713359,103826.011571518,110305.975645864,117400.424230593,124922.85799066,132373.965766657,139673.081052078,"USD_2005"
"C-WEU-FRA","SSP1",44243.2676719814,49705.6009316327,52470.2148868096,54909.4071603252,57869.4676663924,61095.1483218873,64532.5095219614,68372.2767490396,72606.1631694778,77428.056058269,82608.4263167603,88138.2578279682,94024.0407904771,100085.830062454,106034.868809574,111932.199804958,117905.206211853,"USD_2005"
"C-WEU-FRA","SSP2",44243.2676719814,49705.5976231915,52079.3360822446,53580.8108548415,55214.9256880495,57142.6538724529,59418.9042945854,62179.1188522119,65261.1215043822,68793.4342909361,72579.1581947475,76676.3860008089,81150.3480155286,85900.6131024399,90723.5325918585,95645.5038831996,100754.086969313,"USD_2005"
"C-WEU-FRA","SSP3",44243.2676719814,49705.6039617917,51558.9581223592,51840.6871342824,51726.5207448718,51704.1558578188,51948.8652542178,52539.5596261915,53189.8322732693,53975.5365539468,54766.0211751194,55689.5868492159,56823.9527636559,58080.9483362626,59288.1730748563,60442.6578320296,61598.2371469114,"USD_2005"
"C-WEU-FRA","SSP4",44243.2676719814,49705.5970230538,52422.091647617,54700.279228043,57387.2413717075,60266.469618119,63311.5550123176,66695.3111918883,70392.9075908869,74589.9348781834,79087.3542864925,83902.9893573375,89072.0931331086,94455.3920399279,99819.321104164,105248.469694269,110853.116418648,"USD_2005"
"C-WEU-FRA","SSP5",44243.2676719814,49705.6012179115,52828.4158852131,56427.2544959739,61207.3482280716,66501.1381690128,72226.4974427165,78730.6068226205,86108.0213743165,94642.4896407294,104133.699159807,114592.947119734,126051.973797829,138370.821801238,151238.737728315,164701.928370522,178915.434719502,"USD_2005"
"C-WEU-GBR","SSP1",41753.8606643062,47004.2598568066,49268.8735286084,50991.3613871371,53420.908982667,56096.9095914425,58798.2666098407,61932.6064140573,65773.3965252997,69959.8656583766,73720.5155831012,77038.0310706732,80002.5475814051,82969.6440685017,86048.3336378819,88682.6558871959,90813.6268229559,"USD_2005"
"C-WEU-GBR","SSP2",41753.8606643062,47004.2521607048,48811.8791077684,49321.5439978258,49967.3449914439,50915.7917540041,52160.0653902594,54019.9440754955,56564.369455212,59442.7490787936,61979.5955167868,64211.0586191185,66262.484231929,68434.2545474634,70806.9890325303,72968.1761542194,74873.1205270234,"USD_2005"
"C-WEU-GBR","SSP3",41753.8606643062,47004.2531358219,48258.3528821737,47292.745482924,45633.221147421,43941.9777254644,42527.6189676885,41669.308458908,41294.835077786,41111.3639830473,40658.8015832334,40052.6401759064,39415.9476760828,38942.427556691,38659.6438926565,38327.0305971733,37931.7316118849,"USD_2005"
"C-WEU-GBR","SSP4",41753.8606643062,47004.2507944494,49248.9541655468,50859.1158601845,53076.2792917187,55459.151898828,57809.7663144106,60528.8608168113,63870.8945332048,67492.5883277517,70670.0546696737,73419.1101036391,75867.2242895601,78374.4185236244,81068.81956106,83459.3715998877,85477.903310362,"USD_2005"
"C-WEU-GBR","SSP5",41753.8606643062,47004.2571665961,49630.9261197628,52671.3259408668,57120.1150891595,61871.5293215137,66665.7021111892,72143.9642806298,78731.7923513287,86103.2245981576,93392.057674715,100551.398521626,107650.769957141,115061.50078165,122852.827329971,130428.19111163,137681.588800361,"USD_2005"
"C-WEU-GRC","SSP1",27558.2328663247,33995.4824185292,36201.3363733116,38816.8829792779,41561.7029862462,44037.7058733336,46354.5872904244,48815.1479511703,51613.528779257,54663.6777897924,57950.5437910695,61611.9699149771,65264.7832718005,68663.7932125629,71808.5282665278,74715.9673157024,77566.4687691759,"USD_2005"
"C-WEU-GRC","SSP2",27558.2328663247,33995.5199215476,35989.0408536526,38066.8811706717,39969.9969847477,41601.0388071126,43198.6642778212,45053.4933480529,47247.7575670141,49666.8906688648,52258.3200272215,55139.3109458618,58021.8533524226,60772.6833333617,63442.8076583386,66053.9442228552,68729.8997300623,"USD_2005"
"C-WEU-GRC","SSP3",27558.2328663247,33995.4795015764,35779.8936656254,37166.1704058254,37925.0862205812,38188.5938315315,38356.8522674328,38754.9124814165,39385.8620833409,40103.3389823479,40841.9225396629,41726.9460462564,42570.0345921268,43309.191997119,44000.110122195,44654.4685903381,45335.9154057418,"USD_2005"
"C-WEU-GRC","SSP4",27558.2328663247,33995.5163443356,36150.136434736,38625.1451216129,41141.4377761892,43342.6075047721,45367.545112614,47511.8258117256,49938.8156006049,52559.9072178301,55368.8358834961,58511.9682651233,61660.9954846014,64634.9791931241,67460.2286853249,70175.740438629,72930.1210927064,"USD_2005"
"C-WEU-GRC","SSP5",27558.2328663247,33995.4904597138,36414.9375551145,39888.6119348618,44057.2994089145,48122.06747474,52095.6679379438,56399.9633651407,61333.8371324588,66887.4029112582,73068.0648348455,80014.0355900624,87318.0400133115,94741.9652750573,102245.958734229,109790.013384628,117512.076185727,"USD_2005"
"C-WEU-IRL","SSP1",91970.0757308111,122360.847813207,135448.575107258,146012.40942567,154056.876373285,161042.308780818,168260.961190243,176778.490791302,186511.348949756,197100.109850052,209199.485609473,223645.94460702,239972.15581655,257449.549088664,276203.28820411,296509.26512387,319248.460544355,"USD_2005"
"C-WEU-IRL","SSP2",91970.0757308111,122360.988347621,134923.717104052,144809.511116868,151987.664246992,157506.004004199,162684.61932275,169020.137759069,176292.188399601,184178.44448334,193178.256557344,204070.782638647,216660.628973103,230651.926778439,246389.350065449,264092.709776615,284383.786152944,"USD_2005"
"C-WEU-IRL","SSP3",91970.0757308111,122360.724337357,134249.282809404,143085.671489803,149208.335880182,152867.170371037,154748.229228048,156740.936982367,158659.195409404,160269.878208451,162088.228356171,164966.627578114,168851.913888081,173627.200383879,179549.754346053,186620.074238929,195067.383565781,"USD_2005"
"C-WEU-IRL","SSP4",91970.0757308111,122360.834611877,135307.287782042,145345.588831429,152553.635318266,158569.055909345,164774.015444528,172175.266322182,180595.473140056,189676.501739658,200073.744759778,212621.431777344,227000.09932524,242683.735289697,259913.955262802,278970.991677977,300596.247161347,"USD_2005"
"C-WEU-IRL","SSP5",91970.0757308111,122360.693710945,135681.72874619,147649.201788676,158575.402347743,169908.889657945,182582.919537666,197558.126159782,214829.495123713,234277.485111092,256767.211574161,283330.847312497,313730.261353725,347570.566945622,385275.726070172,427590.342744494,475847.855660976,"USD_2005"
"C-WEU-ISL","SSP1",52179.2483737271,60270.5911647528,66207.6903099089,71869.163107229,77476.9704090714,82317.4431456433,86462.6476422821,90519.3247462822,94648.525934061,98882.3844689876,103064.772203596,107165.364966154,110661.724375579,114619.230941595,119029.796789546,123025.107683436,126653.725060197,"USD_2005"
"C-WEU-ISL","SSP2",52179.2483737271,60271.3577092839,65540.5131146228,69770.5211746914,73668.1073191195,77189.5706656656,80380.2056998172,83595.6391590884,86753.855874072,89906.8321890796,92962.4239859513,95976.698318794,98609.9521030487,101743.908171954,105338.946868249,108728.34735641,111973.4863749,"USD_2005"
"C-WEU-ISL","SSP3",52179.2483737271,60272.0831134949,64582.9323509093,66797.1009519732,68057.910751586,68992.7193803848,69836.5452338696,70775.9455666038,71489.0395882803,72000.7936222781,72282.577875264,72480.943075412,72391.039425825,72660.6938853021,73215.259045436,73595.4796806338,73888.7413264483,"USD_2005"
"C-WEU-ISL","SSP4",52179.2483737271,60271.6822621589,66171.426732472,71640.409515021,76861.2627796823,81174.7980506999,84727.040275742,88161.5385824885,91629.3848455557,95161.6177933716,98630.0257741059,102019.675867108,104903.023164011,108301.588336165,112231.031352205,115905.234179517,119344.758880803,"USD_2005"
"C-WEU-ISL","SSP5",52179.2483737271,60271.0505403561,66959.6173559907,74493.3717697774,82642.8940909193,90120.4498581439,97100.9892534272,104415.958529753,112334.712726936,120893.316304561,129893.224059735,139268.651076987,148424.946019268,158513.66688289,169485.875896736,180401.879096021,191250.09125668,"USD_2005"
"C-WEU-ITA","SSP1",38995.8037319246,44715.6420259814,47098.0772356272,50149.7743541074,53812.9754985181,57809.622401756,61978.3638486414,66604.4270490869,71870.208751386,78006.7638439643,84955.813967199,92202.5715033459,99372.068189559,106510.769753627,113611.297306998,120654.284246833,127892.459913463,"USD_2005"
"C-WEU-ITA","SSP2",38995.8037319246,44715.6463807529,46894.4771780465,49284.5301363639,51784.2640007475,54466.1183020575,57365.0504079227,60794.9109123864,64833.7075799231,69639.7667083472,75095.1664035832,80782.36168081,86468.0102788391,92276.3621828323,98265.8759911247,104438.53461711,110968.807852759,"USD_2005"
"C-WEU-ITA","SSP3",38995.8037319246,44715.640662541,46667.2672674019,48235.6405048994,49281.3128201318,50078.3702126417,50830.168714729,51882.8332685139,53233.570315544,54969.5554008097,56955.4314754574,58905.2093860735,60725.4056917975,62578.5371317296,64535.7929566506,66586.1438865465,68803.573169586,"USD_2005"
"C-WEU-ITA","SSP4",38995.8037319246,44715.6450441237,47052.9766220481,49957.7843369806,53361.7232293257,57015.2898078957,60790.9093823106,64968.5767351687,69705.9769404429,75212.0845314391,81422.807589914,87872.5255467119,94257.9458606113,100681.416592513,107182.839467699,113788.948516323,120697.572885193,"USD_2005"
"C-WEU-ITA","SSP5",38995.8037319246,44715.6445423117,47291.7149551997,51336.4762590353,56794.7762769473,62946.8908878037,69518.0986644094,76948.7326293559,85554.227254359,95701.7030507035,107397.572203329,120130.062148346,133509.774962108,147618.897337237,162447.290338197,177998.72458837,194559.284686413,"USD_2005"
"C-WEU-LUX","SSP1",111709.944654928,119232.594841457,123309.273460745,124813.689671702,125357.114894672,124986.021891985,124787.902055414,125455.637863168,127570.527166961,131060.334947924,135541.907184548,140783.202316169,146437.816497801,153112.71354332,160654.858971284,168511.099204329,176323.153787105,"USD_2005"
"C-WEU-LUX","SSP2",111709.944654928,119232.190162544,122870.065034164,123577.226231408,122957.917490363,121178.365081929,119503.128502681,118814.478924587,119503.714421318,121517.629897515,124464.474937262,128164.834314105,132387.782443756,137672.514446694,143945.636873103,150793.164700832,157991.397412042,"USD_2005"
"C-WEU-LUX","SSP3",111709.944654928,119231.637652025,122448.332542003,121689.190831449,118885.673264175,114190.206287951,109123.859096363,105013.398174858,102143.89699902,100386.649766883,99357.3216915685,98906.1059844779,98823.1783070643,99548.4236219703,100958.171952444,102757.167022878,104800.963243995,"USD_2005"
"C-WEU-LUX","SSP4",111709.944654928,119233.374732491,123150.880536725,124117.844670293,123914.505285433,122757.646859937,121794.368240103,121662.580745765,122840.979406146,125264.432881958,128606.78635879,132705.693384971,137344.101619454,143125.748647928,149969.063811618,157430.807342419,165188.787355523,"USD_2005"
"C-WEU-LUX","SSP5",111709.944654928,119232.13112746,123273.162657573,126509.934147768,129991.602419376,133171.672877956,136917.457911395,141986.826395402,149090.45549074,158326.650140017,169344.342044466,181946.514120748,195773.310375623,211417.845635208,228812.908011143,247414.974170031,266904.627832823,"USD_2005"
"C-WEU-MLT","SSP1",41327.2753372345,51419.9635769348,59489.2727890186,67706.6694335729,75823.3982651281,83253.9137325869,89650.3650228693,95686.2769761036,101601.601672467,107695.870882072,113831.938419923,119125.57480702,124284.288053915,130936.181459617,139106.39908094,147174.359026079,154321.176065724,"USD_2005"
"C-WEU-MLT","SSP2",41327.2753372345,51420.7142318732,58953.7269566686,66007.3143497397,72635.4295579684,78633.8614402599,83662.1839460011,88327.7814788713,92767.6492988088,97344.627862426,101925.165429833,105821.823503268,109655.467437251,114692.279299574,120934.092789018,127211.387534611,133080.235300109,"USD_2005"
"C-WEU-MLT","SSP3",41327.2753372345,51420.7127147726,58207.4420154215,63619.1624156213,68011.3680691594,71539.8543696877,73979.6241354063,75876.2068562797,77268.6855909811,78526.8994191105,79574.6649467331,79910.6539120219,80026.2143078365,80862.139438183,82368.1332197213,83753.412036679,84824.4402110261,"USD_2005"
"C-WEU-MLT","SSP4",41327.2753372345,51420.8143682657,59438.1481395735,67446.6969701081,75183.8005419884,82102.6677375216,87906.0379614258,93283.9997935716,98445.7724677071,103719.279991151,108995.533400803,113503.914879038,118006.350049015,123983.609570828,131471.817529631,139070.110456514,146083.125939764,"USD_2005"
"C-WEU-MLT","SSP5",41327.2753372345,51420.3343856204,60080.7695145554,69928.9878874512,80440.3759997894,90615.1630292642,100105.774386816,109782.173948229,120015.618364598,131214.428250326,143191.2355653,154989.168580273,167368.769206556,181980.991291181,198838.157858639,216281.782588407,233438.983084305,"USD_2005"
"C-WEU-NLD","SSP1",54295.9680510811,60068.6649438075,62390.315904889,65353.582850107,69177.361596467,73337.0841884258,77384.5442774148,81435.3776578131,85810.2309192039,90728.4503925622,95650.6696459607,100279.586293082,104561.13336544,108835.145991323,113069.897505944,117411.049277077,121614.797467093,"USD_2005"
"C-WEU-NLD","SSP2",54295.9680510811,60068.6277710109,62036.2572969357,64012.3872147068,66365.4346122359,69105.7188180421,71933.1734176653,74889.6305859027,78087.922344753,81714.6337183056,85333.2034845945,88788.0640225962,92088.761451517,95512.446540652,99013.7903655215,102673.610790488,106314.275778858,"USD_2005"
"C-WEU-NLD","SSP3",54295.9680510811,60068.6491084715,61529.7703263622,62092.8861129684,62324.389175122,62673.6360469055,63065.0576284161,63539.2829311302,64062.8759441926,64792.5791552475,65431.5786038536,65967.7789002245,66433.3657155822,66979.7970623179,67525.4982960046,68122.1172914013,68698.6082610072,"USD_2005"
"C-WEU-NLD","SSP4",54295.9680510811,60068.6232101837,62331.4803696346,65078.2752982614,68533.0214542651,72229.4018100818,75766.4925611406,79259.9539557237,83001.0646918427,87203.3355802862,91374.5638187494,95275.3944218718,98887.0489900661,102584.292558919,106376.217487596,110420.621733151,114348.933202592,"USD_2005"
"C-WEU-NLD","SSP5",54295.9680510811,60068.6220827501,62747.6696296259,67156.6878020915,73240.1543444259,79906.0369214081,86657.2934494334,93772.1140689812,101685.315664934,110706.32452915,120258.279234878,129993.567450314,139830.583158093,150159.270637654,160907.099273711,172178.132706205,183694.411811766,"USD_2005"
"C-WEU-NOR","SSP1",63546.0077668413,68621.8275128962,71355.0296038096,74883.1365406223,79209.187807795,84099.266662644,89146.4736421869,94514.6085943971,100582.647815308,107480.312651055,114589.617426061,121523.050472471,128337.374609734,135614.26201863,143374.554122046,151082.642510392,158725.258088477,"USD_2005"
"C-WEU-NOR","SSP2",63546.0077668413,68621.8071538059,70871.2399383992,73261.30757863,75874.4943088298,78879.6536731334,82168.628914429,85974.4936767102,90434.8863577167,95617.3073713428,100934.33865457,106150.95075214,111429.907864016,117297.707557522,123776.233982097,130426.314830731,137221.027131155,"USD_2005"
"C-WEU-NOR","SSP3",63546.0077668413,68621.7491991629,70779.1150784438,72266.9154862486,72803.0428935028,72905.7021773219,72975.5785665304,73479.849341589,74412.1397371031,75794.8752098446,77146.5362428939,78392.9650425068,79712.7921673574,81470.6001561898,83610.8825409701,85788.7470646392,87985.170695338,"USD_2005"
"C-WEU-NOR","SSP4",63546.0077668413,68621.7325172082,71697.9696380517,75475.7647079615,79676.6488680197,83960.6927517083,88213.2668346408,92751.579767477,97935.9160543564,103878.127997709,109980.723219225,115898.564958738,121744.959867953,128134.683920941,135139.53995794,142291.460908505,149507.075362529,"USD_2005"
"C-WEU-NOR","SSP5",63546.0077668413,68621.7328351028,71534.5893733647,76398.694861313,83286.4251879757,91203.4035369399,99532.8643228368,108618.044826167,119009.018706144,130988.258276945,143937.347042004,157455.079258811,171579.049660589,186975.505221891,203691.176875645,221202.89021179,239511.735529636,"USD_2005"
"C-WEU-PRT","SSP1",32007.396381244,37934.7739970666,41731.065823153,45302.0588153307,49239.4398677121,53111.0427399589,57082.4376173018,61435.3790610512,66127.4521660718,70934.2221217408,75967.0931183728,81221.2331869346,86148.3075855525,90625.2337336631,94700.8986879334,98614.4891486674,102482.356104007,"USD_2005"
"C-WEU-PRT","SSP2",32007.396381244,37934.7799949034,41372.5910398845,44074.4112129201,46837.1338939097,49661.7410665764,52793.3768004774,56399.9136696258,60287.0053053607,64206.6952323428,68219.344019761,72356.2966069895,76215.5514544837,79781.3453872352,83139.8647899686,86484.4157185666,89903.4087624622,"USD_2005"
"C-WEU-PRT","SSP3",32007.396381244,37934.7992543908,40861.0008351864,42351.9768977467,43368.9320894585,44303.9557953215,45578.9092516712,47296.954252474,49133.4322598243,50817.6377581041,52404.2586998721,53972.766178041,55275.7931822326,56331.9956808842,57194.3963038436,57996.0878760019,58793.092914275,"USD_2005"
"C-WEU-PRT","SSP4",32007.396381244,37934.782411313,41690.2495332917,45113.6646740938,48793.1723199769,52332.8929762417,55929.2162602687,59854.7457700669,64040.526140653,68264.6223618081,72638.5166260524,77189.68237422,81444.9968102354,85338.2860458914,88934.5013083028,92482.7615413974,96109.7613098424,"USD_2005"
"C-WEU-PRT","SSP5",32007.396381244,37934.7753517723,42163.8205335934,46935.011060413,52591.3410866809,58262.7460638693,64152.2649665749,70742.7825259098,78136.8767285564,86163.9068224029,94911.1262093473,104373.852773137,113980.950106833,123629.789631833,133327.644099713,143183.374841161,153240.115248275,"USD_2005"
"C-WEU-SWE","SSP1",51203.7962821761,55046.2562918657,58606.8570088294,62556.7037118006,66997.2600361531,71243.9752127294,75018.5928418499,78677.9012291403,82809.0486440392,87654.8820289703,92873.3733170102,97892.0287286597,102656.353770627,108131.674941088,113819.442518375,119168.868106014,123977.667186501,"USD_2005"
"C-WEU-SWE","SSP2",51203.7962821761,55046.2001911256,58173.1109760825,60991.4310962361,63759.2812006602,66388.5666255229,68796.5829013906,71300.3442700923,74260.3985032066,77854.5950927804,81747.7925506853,85506.3032417709,89163.118511284,93506.6776661842,98168.7214179988,102726.663082626,107037.607688683,"USD_2005"
"C-WEU-SWE","SSP3",51203.7962821761,55046.226329567,57641.5942388968,59003.5242812167,59530.0520848018,59615.3758359176,59468.1559743404,59444.4592748788,59752.5595854187,60503.8406382002,61409.1720260555,62180.6135641505,62878.9901430088,64072.2613585975,65457.4377072658,66745.462539527,67856.5927663313,"USD_2005"
"C-WEU-SWE","SSP4",51203.7962821761,55046.2271837999,58577.3177870055,62375.8586361835,66516.6022558265,70346.7626167158,73635.8856541885,76752.324025657,80261.1214125704,84402.7172136629,88859.8511683373,93119.8135288742,97188.0595099745,101994.832355747,107115.994009396,112063.999648245,116633.374736219,"USD_2005"
"C-WEU-SWE","SSP5",51203.7962821761,55046.2491424901,58902.7460241118,64202.5852422673,70843.2393726993,77558.5926463587,83999.0153963131,90687.8491945336,98329.9798427081,107280.441399253,117209.505644953,127504.66428234,138069.412002917,149908.332429686,162490.206080746,175209.180489781,187811.31039734,"USD_2005"
"R32ANUZ","SSP1",47651.539295772,52091.9637573727,55426.3440367508,59415.0827510178,64189.5527761412,69359.1373527675,74434.7294256869,79702.446130299,85287.4372512123,91165.3773238124,96620.1957842109,101615.986435884,106207.956032102,110838.787401162,115659.323412636,120094.255351209,124049.919606689,"USD_2005"
"R32ANUZ","SSP2",47651.539295772,52091.8893604397,54967.270812317,57660.0606731386,60388.8382213612,63392.7540462455,66485.9988539722,69922.1231658889,73668.935765098,77702.8306292143,81419.6681316505,84850.92124157,88104.0375524729,91547.5978149368,95299.0201681068,98930.8190340061,102385.739564089,"USD_2005"
"R32ANUZ","SSP3",47651.539295772,52087.060574971,54486.0544112995,55685.0433561358,55873.5607752082,55718.3641383261,55390.699506604,55177.5087648396,54985.0364621754,54849.0350896106,54388.2699200099,53739.8295981569,53023.6463656563,52494.9979105895,52206.6672704752,51903.2071294888,51574.2193345153,"USD_2005"
"R32ANUZ","SSP4",47651.539295772,52091.8554290749,55410.3709430371,59289.7158494244,63828.5931748781,68645.9384731733,73278.1638765539,77996.9694472454,82904.6078990693,87987.8960396961,92596.9804679463,96751.8738577853,100582.694222685,104562.818622494,108875.411041299,113016.586278365,116848.991596334,"USD_2005"
"R32ANUZ","SSP5",47651.539295772,52101.5231161224,55658.7687281993,60965.2410463537,68077.4749548588,75928.0778136653,83885.5848762053,92428.7186298092,101834.186898617,112112.247527859,122471.553241972,132847.085955425,143256.974531861,154125.11879051,165537.421470083,176938.949187797,188225.656547421,"USD_2005"
"R32BRA","SSP1",13970.9615985681,15309.599538658,16639.5177881662,18700.8850390973,21323.4325337702,24394.4965276485,27836.2746041312,31721.6874273445,36144.3628010841,41028.0928785702,46325.5734446355,52069.051495956,58099.2567809723,64313.8717954509,70746.0190559175,77370.8248099214,84060.7220978924,"USD_2005"
"R32BRA","SSP2",13970.9615985681,15309.5991311459,16472.8109313397,18098.7237833737,19951.9644530959,22075.394755854,24490.2205454833,27267.9425561013,30455.1832296812,33994.0850862831,37856.5706267733,42086.0433660358,46571.3109997711,51251.7894300072,56148.0284341757,61253.3071092103,66512.559866104,"USD_2005"
"R32BRA","SSP3",13970.9615985681,15309.5992293513,16282.9925132698,17411.3917079214,18358.4192531959,19215.6956438971,20055.5876370908,20923.0325298858,21805.0924855533,22658.4735214909,23476.0072409863,24299.4513219226,25074.9932474584,25783.6785061302,26437.5835414723,27039.9070204127,27587.7502332576,"USD_2005"
"R32BRA","SSP4",13970.9615985681,15309.5997235983,16363.6471500635,17874.9972951227,19690.8224464056,21870.6155853694,24376.2320995062,27257.1819422978,30502.2462586183,34059.7387473251,37914.8438553889,42135.0509466059,46628.4982691679,51342.0881500351,56280.350295432,61443.4309256732,66824.46982316,"USD_2005"
"R32BRA","SSP5",13970.9615985681,15309.599891785,16760.7670914352,19316.9695660463,22906.3521979067,27237.9410121344,32173.0039856886,37861.954146938,44488.5654447538,52033.5272411673,60501.9255289698,70001.4773325048,80384.8549730385,91564.8284645811,103637.887164658,116622.074121363,130376.328056673,"USD_2005"
"R32CAN","SSP1",46244.7802646289,49725.112005365,50948.7530422553,52810.463172224,55454.6999085467,58603.3159955058,62061.8034771658,66262.5200797042,71147.3871343353,76389.4771879624,81442.6856788691,86371.932028616,91208.5958750551,96148.039543611,101474.564462831,106842.829881355,112092.696104505,"USD_2005"
"R32CAN","SSP2",46244.7802646289,49725.1046999898,51129.4037087033,52870.3423736097,54845.9184661842,57058.6412877521,59482.4037563593,62582.4705219668,66226.858544799,70148.6684214628,73876.2157523998,77527.1234386964,81209.2024120177,85130.2655715517,89535.0418210936,94145.6329252706,98844.2128175059,"USD_2005"
"R32CAN","SSP3",46244.7802646289,49725.1067109965,50984.4992965761,52241.8283483834,53279.7657424746,54165.7011860088,54884.2113727434,55853.1336392168,56878.8924344975,57777.0708376576,58258.4062449087,58550.4369255355,58803.3557389725,59202.8400429448,59921.2677500616,60753.5593336861,61621.0971904775,"USD_2005"
"R32CAN","SSP4",46244.7802646289,49725.1037401431,51248.5435892411,53394.066429688,56130.706861913,59118.4687622569,62206.1501945661,65854.1720003805,70035.9769697376,74469.1807475516,78666.1614366307,82739.9881111702,86790.0771468975,91048.6304182494,95816.8774961785,100784.367113185,105766.177734166,"USD_2005"
"R32CAN","SSP5",46244.7802646289,49725.1110613635,51444.9660763642,54896.8172950197,60021.0725528892,65849.9989337869,72014.7477961853,79179.5055384372,87457.2973465575,96629.461994812,106110.210046838,115974.255843498,126264.002350325,137214.273687022,149072.89679381,161525.073256733,174442.230401463,"USD_2005"
"R32CAS-CAU","SSP1",13530.7782017945,16657.0647928914,19874.5601671692,23421.8216327689,27301.046400036,31264.3097561448,35327.9380989401,39704.2513576426,44492.4268965229,49622.0646832509,54991.7925653168,60549.8765819137,66479.1892411989,73052.123300848,80050.7894985772,86837.489385703,93217.7038874141,"USD_2005"
"R32CAS-CAU","SSP2",13530.7782017945,16657.1934180222,19544.3844944672,22206.1120306882,24775.8877266322,27390.5440034091,30209.4326973061,33346.0326068651,36774.6302695463,40419.0517394103,44202.9747029919,48121.9871652629,52327.8232689943,57019.3021605593,62061.9398378056,67067.5303459351,71958.9523273685,"USD_2005"
"R32CAS-CAU","SSP3",13530.7782017945,16670.1565939794,19236.2102828568,20961.7406398424,21875.5205635564,22427.1675842948,22970.705992154,23565.3148412696,24130.5583815054,24613.5223975923,24978.3636180186,25242.7890394837,25482.7751708195,25785.606280888,26088.2223701163,26264.8917943251,26318.7460928783,"USD_2005"
"R32CAS-CAU","SSP4",13530.7782017945,16657.1941778479,19782.2853125335,22940.859066293,26160.1764250052,29434.2302073255,32879.0313613052,36630.7942199592,40729.9055937738,45090.0155357142,49619.4141497801,54285.9368817666,59264.0474453262,64797.2655786384,70716.0856614825,76515.1142801203,82052.6756746036,"USD_2005"
"R32CAS-CAU","SSP5",13530.7782017945,16630.8174191118,20186.1412053651,24576.3188564793,29701.6397370435,34984.3518890785,40543.8253041719,46782.779638119,53893.9837391013,61845.1604550868,70568.9098375442,80075.1282463023,90649.8419994133,102664.819672867,115912.647600562,129652.648689134,143688.051692295,"USD_2005"
"R32CAS-OTH","SSP1",11878.9559877998,13529.3006486552,15363.9821082947,17611.3267776546,20321.7202183826,23200.5266732958,26233.6566002616,29624.3505231928,33514.757858383,37848.2248636241,42453.9585812076,47181.3398552537,52111.6178155487,57377.5562821279,62957.1077847018,68596.927932958,74233.0510644517,"USD_2005"
"R32CAS-OTH","SSP2",11878.9559877998,13526.0359652098,15201.0418985293,16962.0246535508,18820.015532287,20674.3277901714,22621.6979997869,24867.6980081644,27511.0655155197,30526.5321354381,33773.9181341507,37144.8687614759,40692.8204532784,44520.1608398765,48626.4725922948,52851.2707921202,57165.4899341873,"USD_2005"
"R32CAS-OTH","SSP3",11878.9559877998,13532.5503494289,15051.0679840868,16326.9096927592,17215.1870642246,17702.258553841,17981.9273318399,18260.7959873153,18630.3270477925,19091.4993049434,19551.0711942649,19957.6422799876,20344.7287295544,20768.020724833,21231.8196454443,21677.6163453838,22110.0549327226,"USD_2005"
"R32CAS-OTH","SSP4",11878.9559877998,13525.5756437674,15157.2025329963,16802.3445795059,18410.7543076866,19916.7353279454,21418.1236616393,23153.7803200021,25214.6275674188,27615.454658112,30236.9833090344,32995.6357926905,35931.6096641201,39139.9263829524,42639.4922141761,46322.6535350224,50180.3994133354,"USD_2005"
"R32CAS-OTH","SSP5",11878.9559877998,13511.7863297473,15520.4581693845,18316.641851307,22036.9928338863,26157.2629094545,30593.8636234455,35616.599413792,41474.6993013519,48161.7086672517,55521.9737221118,63405.9708264897,71949.7620399183,81374.2944366798,91710.9081499071,102681.946996069,114220.937731993,"USD_2005"
"R32CHN","SSP1",16032.8385386544,20399.0848282077,25011.8708190276,30309.0196591236,35754.2572111489,41417.3736836327,47314.0334880244,53666.8521082391,60783.9107254015,68767.317361884,77088.6054029037,85269.9554749854,93907.468598781,103440.306788211,113329.961438673,122809.120321629,131512.902559891,"USD_2005"
"R32CHN","SSP2",16032.8385386544,20399.1907240716,24584.2215897596,28754.2175028135,32601.115253234,36637.7716737704,41031.9231029069,45958.2405232871,51573.9779417872,57880.8692554765,64389.6266207632,70739.061139308,77409.6956647839,84754.3123686898,92402.5516282806,99850.0065774811,106916.579137052,"USD_2005"
"R32CHN","SSP3",16032.8385386544,20399.9414664126,24082.0333203308,26884.9173806184,28529.3732181792,29858.6680126648,31262.7865830872,32841.1205125858,34578.6423732182,36385.4436849119,37956.8253790185,39176.5090367915,40343.2211595662,41605.4241016712,42763.419171104,43627.5263337026,44188.5599031541,"USD_2005"
"R32CHN","SSP4",16032.8385386544,20399.1925284696,24769.1105162797,29427.5482327618,34013.7881742914,38849.3776705725,43998.1998606271,49617.5036369638,55945.1668786768,63030.040315074,70384.3715038045,77590.0732817519,85191.6539332076,93587.7133602052,102311.564068732,110724.27592387,118522.232198421,"USD_2005"
"R32CHN","SSP5",16032.8385386544,20397.7364399514,25465.0774372356,32029.146364102,39348.6750120906,46986.8342684941,54977.357090296,63801.1094857154,73997.7959826753,85834.1131537462,98761.9445122473,112219.869913161,127029.369114628,143889.794011418,162183.144396147,180866.372550148,199376.357052373,"USD_2005"
"R32EEU","SSP1",15749.2081125096,19929.6186962709,24439.1881826584,29582.410749808,35139.2577197289,40577.8498685015,45698.8094778861,50647.6789313609,55615.7481252544,60666.0946202544,65885.7997844041,71225.7316199479,76583.7916527601,82029.0723883788,87495.6375452623,93098.631545379,98368.8773163828,"USD_2005"
"R32EEU","SSP2",15749.2081125096,19929.0401030498,23998.1050751546,28075.8254630579,32173.1458736114,36240.9870621382,40213.6173677978,44140.2253429911,48079.1371610386,52059.2875939065,56143.4795658839,60312.9226381301,64502.1995561299,68767.2694805674,73075.8067545631,77520.9373765052,81826.4083839022,"USD_2005"
"R32EEU","SSP3",15749.2081125096,19911.8424899352,23374.9509152418,26066.6409735452,28077.7514573898,29742.616847074,31241.250033956,32607.8828092998,33838.1230540165,34959.2693098876,36032.9586567781,37078.5352049589,38061.4789377223,38995.9906880019,39868.4815570728,40736.8669552668,41490.7050181648,"USD_2005"
"R32EEU","SSP4",15749.2081125096,19929.2886226529,24200.3501987607,28766.218561774,33553.3302403685,38290.5145660008,42825.0101177422,47222.548264861,51601.9280144683,56002.8068030396,60504.020350337,65081.6356704365,69668.2763914855,74343.8278408256,79080.1085207813,84002.8032132846,88732.80593998,"USD_2005"
"R32EEU","SSP5",15749.2081125096,19963.9266596972,25094.5245432284,31613.5835231533,39014.5534461082,46311.7779157693,53348.3667203177,60475.7017181552,68021.3393507118,76123.5306326164,84905.6201886551,94337.622014981,104342.521955838,115067.14934681,126387.852748688,138382.647347581,150540.851312062,"USD_2005"
"R32EEU-FSU","SSP1",12888.9856751552,16246.2705273108,18885.037671554,22466.7112334326,26843.1345245776,31480.452173602,36267.5783028194,41439.1315897871,47016.2779018383,53059.6885234833,59323.49943504,65646.7790222875,72447.2735036999,79837.7545916196,87548.2316256059,94992.0851513154,102190.607816618,"USD_2005"
"R32EEU-FSU","SSP2",12888.9856751552,16246.1125153706,18561.9886260275,21260.3709711718,24250.8501526118,27406.8975027131,30796.5804827185,34612.141469858,38805.6773044756,43405.5097232228,48176.2707187077,52999.5668927442,58201.4384675827,63888.032875149,69907.848416108,75889.9165107194,81870.9686575801,"USD_2005"
"R32EEU-FSU","SSP3",12888.9856751552,16242.9953055218,18167.7693604518,19806.8477721266,20984.1998611753,21844.435838678,22685.0364894508,23670.2374131714,24722.1203088484,25844.2802462923,26880.9806294004,27800.5718313235,28808.5216631497,29972.3084690234,31232.9458524515,32435.0599523618,33619.6106996133,"USD_2005"
"R32EEU-FSU","SSP4",12888.9856751552,16246.2833688381,18504.0958841669,21096.8129868116,23908.6934864045,26848.4853986169,30026.2878555248,33595.9653442479,37532.4421457638,41868.5200319448,46413.7251021493,51065.0162326467,56154.5698150144,61789.2093215457,67782.7531997201,73751.0488725822,79694.7552571028,"USD_2005"
"R32EEU-FSU","SSP5",12888.9856751552,16252.1373756896,19246.5263805466,23811.7513619089,29682.180968662,35939.5192551907,42487.165731324,49763.5589561936,57922.0442604306,67140.1496856245,77211.6443139065,88005.1337830744,100026.093562011,113459.717080562,128043.306749793,143197.06976823,158942.114425215,"USD_2005"
"R32IDN","SSP1",11514.4075650741,13956.5309955451,16420.6171930873,19571.574031317,23434.9080963805,27557.1729289267,31717.9565494203,36073.4972009926,40725.2457089557,45638.7555351753,50850.4129213887,56354.5699346249,62074.1975627856,67947.3949051856,73982.4955768028,80050.9249650441,86129.3926175036,"USD_2005"
"R32IDN","SSP2",11514.4075650741,13956.530764162,16151.1128922577,18582.9347563504,21337.2832878684,24271.3295290538,27296.1831300023,30516.9605735427,33953.6128240175,37574.974139006,41424.742740529,45510.5374482644,49763.9626707664,54133.5956156489,58622.0577112406,63154.6146621171,67744.5861806897,"USD_2005"
"R32IDN","SSP3",11514.4075650741,13956.5309359024,15834.7890851006,17417.5694690192,18737.5962387158,19833.4457246527,20778.6907096722,21653.7285750436,22438.933749211,23132.3329716396,23785.4496876894,24414.5376546917,24977.5597761668,25450.4119741244,25838.9013431365,26129.7218847538,26348.5440600446,"USD_2005"
"R32IDN","SSP4",11514.4075650741,13956.5308588056,15985.9085989185,18009.5813492426,20119.6588717072,22294.0330635802,24517.8856920692,26878.9604148966,29355.5029509981,31941.5129619243,34704.9332414396,37676.2500523316,40798.4122858611,44030.0458100731,47374.1650948385,50797.5736552029,54339.4509907172,"USD_2005"
"R32IDN","SSP5",11514.4075650741,13956.5308833712,16677.5845695095,20574.6347281703,25662.5970062163,31219.7311649627,36959.671285324,43152.7875850027,50000.8344744006,57531.3920808993,65850.3295173509,75008.6921203095,84957.829700783,95659.2833030497,107167.356620164,119337.744165432,132164.105285222,"USD_2005"
"R32IND","SSP1",6026.79120456491,8053.74046332353,10360.8828416067,13010.8245280549,16325.9632447806,20016.1583532328,24014.3119270568,28463.3836211171,33498.053316043,39085.2053174413,45268.3827607204,52067.8315433128,59389.1860549175,67257.1328721696,75592.2018577884,84528.2449127776,94104.9270557017,"USD_2005"
"R32IND","SSP2",6026.79120456491,8053.7404486024,10065.1205540841,11962.9853724318,14180.1760114498,16754.3293603778,19728.6680940998,23171.341099003,27105.090747217,31475.4838767265,36310.7958469204,41641.951196362,47378.1311907738,53509.1804837574,59957.1597917696,66830.5448159869,74215.6845202266,"USD_2005"
"R32IND","SSP3",6026.79120456491,8053.74043477076,9734.10638296021,10784.1975296906,11616.6832651668,12438.9999704991,13387.2802160707,14454.1095991464,15582.5821554769,16720.4037256747,17887.7209983225,19098.4271896695,20290.4653877569,21431.5074578442,22479.6311031193,23476.6257327067,24463.3574411168,"USD_2005"
"R32IND","SSP4",6026.79120456491,8053.74040144986,9894.29548012265,11388.7948736152,12994.4111621031,14866.2838551196,17084.6969540382,19672.7840469399,22594.9749297166,25817.0796471768,29406.6647473691,33424.2233133647,37792.5442153887,42470.6779524932,47392.9864025515,52669.9289272083,58437.1431536458,"USD_2005"
"R32IND","SSP5",6026.79120456491,8053.74047032347,10649.8910595861,14047.826843104,18437.108615836,23240.5495207762,28431.3897814075,34339.4658849183,41257.5376369852,49255.1870294557,58483.1476192747,69062.7601047728,80963.1127544576,94311.3223605575,109093.99815177,125601.406941021,144013.530160478,"USD_2005"
"R32JPN","SSP1",40188.7655846492,43899.2827518589,45575.8632971627,47943.7394140763,51288.5452049416,55353.2903784194,59613.7452822186,63886.6252164484,67915.7703906044,72230.0476577812,77015.8900026221,82013.8644602087,86870.9448128372,91187.6428918951,95034.8483228219,98581.881519592,101846.235671761,"USD_2005"
"R32JPN","SSP2",40188.7655846492,43899.2811144936,45212.6057115169,46460.0878154299,47947.0600481309,50029.6110184661,52514.4169000128,55233.7722045165,57898.8790832027,60909.8722645049,64371.1795450174,68082.7001912681,71810.5801102908,75294.441550733,78594.6571486697,81801.6792815027,84904.5633635066,"USD_2005"
"R32JPN","SSP3",40188.7655846492,43899.2804429142,44742.0657604147,44596.2463031691,43665.7237666365,42720.9374454949,41949.293559901,41271.8022088202,40481.5736901029,39896.7979582074,39588.4665414291,39466.5583781238,39444.4221346796,39424.0078578881,39443.9583336243,39527.1359515062,39654.8823762494,"USD_2005"
"R32JPN","SSP4",40188.7655846492,43899.2808283728,45550.4378794132,47810.0240549781,50943.0102313135,54710.5705978135,58616.8580370561,62489.1969588835,66078.8693532801,69905.0427422956,74147.0952786952,78561.9219553569,82834.0640960888,86623.6130821009,90029.5333130585,93230.8611739033,96224.7664679461,"USD_2005"
"R32JPN","SSP5",40188.7655846492,43899.2807306656,45972.9721177471,49748.0636604212,55377.210485192,61924.0104009251,68728.95900294,75757.5530532919,82810.2188993989,90557.1329128896,99271.5266902608,108684.627442207,118368.415893662,127806.212626852,137040.977525954,146260.870160923,155463.194038842,"USD_2005"
"R32KOR","SSP1",42389.6695840816,47968.5868065213,52291.3658578535,57315.3862167338,62805.6889753001,68022.5808487319,72764.077235924,77624.7794849691,82441.6246961448,87582.2056531776,91959.5145474451,96346.1822163397,99515.5937137959,102135.047493863,105477.400150529,109214.25585809,112297.593971185,"USD_2005"
"R32KOR","SSP2",42389.6695840816,47968.5913284773,51891.2564455694,55787.0912794021,59557.0906042442,63107.1430479301,66462.1599778802,70172.336205751,73974.7499175625,78121.4346270201,81555.911504634,84932.5082024999,87315.1168638792,89349.1611259932,92089.909871252,95261.347831232,98041.3394764855,"USD_2005"
"R32KOR","SSP3",42389.6695840816,47968.5821528773,51280.5145560911,53596.7655957823,54844.4639466027,55460.8010016352,55862.9479923119,56646.2004777127,57544.4579832524,58712.4953990762,59308.246476762,59867.4141901348,59818.0334418338,59679.2795640692,60137.3604044255,60938.158894005,61492.5444737458,"USD_2005"
"R32KOR","SSP4",42389.6695840816,47968.5938860492,52256.4940404357,57127.9238996694,62322.7606970913,67140.3679292239,71433.9381071434,75806.7183665382,80094.172324808,84647.050739373,88422.1811676889,92182.8081441436,94813.3918768101,97015.1541767541,99993.7088613238,103433.846751284,106327.936969717,"USD_2005"
"R32KOR","SSP5",42389.6695840816,47968.5856046893,52878.0351835038,59571.0219305862,67575.5574475729,75432.9306276636,82843.8774362388,90645.9244805607,98758.1132268067,107684.800474463,116157.673932552,125057.625436863,132907.079724143,140467.094928682,149215.984244177,158782.478166992,167901.176981786,"USD_2005"
"R32LAM-L","SSP1",5740.89901479274,6563.5496626324,7534.60070205777,9007.60070301213,11101.887909336,13798.4536906278,17097.7804544878,21050.3833283648,25727.0158091909,31133.3728050276,37279.6729313987,44153.1835875255,51625.399077233,59626.223641617,68027.9326799982,76796.3418193591,85814.6333891488,"USD_2005"
"R32LAM-L","SSP2",5740.89901479274,6563.03265189231,7391.17231316019,8510.18920703816,9958.2614748255,11779.6911888909,14009.3240544253,16684.0503806426,19826.3638417317,23454.1410327273,27594.8499378167,32270.125398487,37420.3698794796,43013.0066221367,48984.3849196952,55328.7391267935,62010.4563067979,"USD_2005"
"R32LAM-L","SSP3",5740.89901479274,6563.02855648519,7262.85815648845,8033.26650049331,8794.77508164624,9570.14913435473,10383.1166423232,11214.2283379547,12013.4526280036,12777.3657169745,13511.4728181849,14228.5394970741,14904.2660574997,15535.2319294978,16112.8954641887,16654.1378457972,17172.3121224415,"USD_2005"
"R32LAM-L","SSP4",5740.89901479274,6563.13062764295,7295.74912159479,8234.49129558697,9416.92194191369,10907.9924769399,12720.2364670534,14865.40935146,17302.9054604849,20053.0613792408,23144.4752374766,26617.4773945705,30439.3820341948,34599.9441624546,39069.3085349322,43868.5798179743,49018.3590154811,"USD_2005"
"R32LAM-L","SSP5",5740.89901479274,6563.57929145191,7610.27200685548,9396.38741163555,12168.2746056853,15853.311945036,20444.448016445,26071.5678956529,32898.1539481125,41010.873244148,50511.2655516617,61474.5937128898,73811.9505454578,87515.1942481566,102488.312868048,118756.242141826,136213.432088484,"USD_2005"
"R32LAM-M","SSP1",13138.0517089509,15696.1758323013,17576.6476503909,20581.9631747384,24278.1142223638,27740.0937944508,30964.9908945946,34335.0232409058,38112.682940915,42328.0172999286,46946.4604171388,51872.5818122833,56978.361253231,62286.3257628313,67786.9013134382,73385.6255219883,78943.292358686,"USD_2005"
"R32LAM-M","SSP2",13138.0517089509,15690.6256204623,17306.7959495655,19546.093987494,22161.6265592874,24734.3558942972,27137.9996359486,29528.4708043853,32104.6082955126,34974.4251966258,38164.6880696091,41637.4790958388,45309.2947932791,49200.807623362,53305.8851211064,57571.2698225162,61931.5557170985,"USD_2005"
"R32LAM-M","SSP3",13138.0517089509,15680.997815,16989.0499909832,18383.3004430801,19653.4094890322,20777.4271156246,21741.851871831,22476.9310899609,22965.3071826078,23301.3837686039,23582.9803119944,23858.9950926986,24115.748561379,24377.6560830892,24644.316406355,24897.5376486898,25125.0719014196,"USD_2005"
"R32LAM-M","SSP4",13138.0517089509,15687.6200055591,17253.5594355333,19509.11566928,22187.1531905041,24755.2725792771,27090.1490146231,29425.8866006571,31922.890479285,34698.9055853421,37783.3192567564,41158.6139961116,44751.9358838737,48579.6474282708,52634.4201197235,56889.9156049399,61328.6283273114,"USD_2005"
"R32LAM-M","SSP5",13138.0517089509,15707.2083222767,17828.5172476546,21603.7004079057,26319.6135959583,30793.4574711758,35341.9027563302,40458.9268510991,46395.1185651389,53178.7785443798,60798.4821491023,69182.241349671,78217.4424497275,87990.8737355473,98534.1286583648,109744.993289358,121448.977341021,"USD_2005"
"R32MEA-H","SSP1",47676.061174585,55931.2998219694,60353.4483984018,65946.0372683313,71782.952740275,77502.1429498282,83465.280475339,90080.2056780239,97534.3377360546,106049.503568804,115916.498322173,127208.226254948,139859.872967655,154218.87615779,169967.135438497,186474.473144297,203518.657603551,"USD_2005"
"R32MEA-H","SSP2",47676.061174585,55923.5531277051,59905.9726925793,64563.8031588038,69301.1870150158,73882.9046541443,78663.2817743616,83961.3686961932,89831.6598198343,96475.9951842535,104134.677519259,112898.488486884,122720.706446504,133889.821516391,146181.077230688,159235.069585864,173011.98121855,"USD_2005"
"R32MEA-H","SSP3",47676.061174585,55845.1486471653,59732.5531177211,63854.1319651486,67402.9662447744,70301.5781459353,72867.2848135156,75392.2037146211,77849.2987427585,80485.3523419122,83528.3971136236,87085.2240691416,91108.1925591404,95743.0462213121,100732.055348918,105752.659635292,110776.18408731,"USD_2005"
"R32MEA-H","SSP4",47676.061174585,55919.1042450369,60261.0360822033,65469.0359263606,70600.1630551905,75413.3222877399,80202.2218045176,85379.7676697496,91012.2263818761,97411.8141891077,104911.28537466,113724.655293722,123881.756317079,135692.836390804,148973.514454889,163503.120054916,179433.594578808,"USD_2005"
"R32MEA-H","SSP5",47676.061174585,56064.1281070349,60986.8724388037,67938.2028806639,76222.6153169562,85020.0889621559,94656.0715859281,105684.971317778,118437.613714066,133280.403123785,150676.0578469,170840.451290287,193804.204467011,220145.018820415,249731.935081713,282209.298643973,317637.179090228,"USD_2005"
"R32MEA-M","SSP1",8341.51496640661,9307.13448672489,10252.1364451786,11670.681420578,13454.1487387802,15575.7051489908,17983.2511619802,20704.8272971697,23805.1781242476,27274.1864024302,31067.3159040121,35158.1502954081,39493.1149478633,44105.6953013705,48861.6027211956,53634.8514936674,58286.9254092553,"USD_2005"
"R32MEA-M","SSP2",8341.51496640661,9288.79033728108,10064.6359709414,11101.6385284391,12304.1879266476,13732.8496699917,15398.6997343746,17326.7308798971,19539.5877945361,22041.837782341,24808.5891906268,27837.2269063707,31084.8480373775,34569.8536126751,38193.9187893205,41888.9981172004,45595.6018414929,"USD_2005"
"R32MEA-M","SSP3",8341.51496640661,9268.18113441824,9935.58339142456,10660.8962192116,11223.149183827,11727.26652492,12210.4609290122,12686.1833694811,13156.9853898354,13640.8416112993,14131.5938596339,14649.9807491721,15176.3815110077,15721.8432510418,16247.2758140146,16743.2768019638,17212.7968914179,"USD_2005"
"R32MEA-M","SSP4",8341.51496640661,9276.78523291972,10072.6562070313,11080.1947862826,12090.5290731043,13173.6200601901,14354.2935570685,15658.0793071468,17110.8348071294,18738.675223379,20541.4400872303,22530.1391052318,24677.2820433052,27004.2644293444,29458.6209363022,32015.5813542605,34661.7382524911,"USD_2005"
"R32MEA-M","SSP5",8341.51496640661,9326.92028527184,10398.547317182,12180.6027738712,14652.6720126531,17662.5354505156,21134.2719232198,25145.596149266,29826.8394903156,35216.8183399155,41302.5388055163,48098.9823317895,55576.7309721006,63823.8191851473,72695.0253717563,82036.0261266761,91656.7243812459,"USD_2005"
"R32MEX","SSP1",18312.3109632013,20557.840298903,23353.5739517514,26002.9568171337,28992.3828692974,32014.4755354382,35008.0464266877,38026.4338669616,41181.4296865323,44414.9370843886,47687.8623294787,50929.3987238378,54034.9487910327,56967.0237060875,59640.8253038208,62045.7113350343,64169.7873569171,"USD_2005"
"R32MEX","SSP2",18312.3109632013,20557.8399246699,22949.8782500795,24678.1316564014,26456.2004741924,28371.3841400839,30443.3841661541,32638.5183837698,34940.952128032,37305.0365725661,39702.901269644,42102.431078732,44425.7207385061,46643.0968620357,48696.1512383308,50587.4804593897,52358.0899704525,"USD_2005"
"R32MEX","SSP3",18312.3109632013,20557.8412443634,22407.4573618871,22981.9240408991,23070.1685696925,23057.8877900182,23125.8073692782,23221.3742613998,23274.9352908514,23288.8222400728,23270.4429683268,23211.6344016395,23061.7958730271,22804.012710502,22424.9781631077,21948.4369069757,21416.0817307831,"USD_2005"
"R32MEX","SSP4",18312.3109632013,20557.8406831798,22944.8431291624,24683.594595873,26505.6588189859,28470.4694833791,30526.3123105622,32634.8964478621,34733.2203614518,36838.1251613046,38973.5988463297,41143.3592885873,43266.2490214982,45301.9682210479,47202.1592983629,48985.317968018,50731.7780602748,"USD_2005"
"R32MEX","SSP5",18312.3109632013,20557.8401670974,23821.0224800376,27492.6546080583,31868.1072078038,36295.8824222093,40751.7365741533,45420.9977767334,50490.5643972395,55932.9835371348,61710.1297971434,67744.2700839049,73908.680216313,80156.7500726407,86361.9569531435,92473.4798232569,98438.534963835,"USD_2005"
"R32NAF","SSP1",10488.2120999587,12024.1542473597,14140.778232871,16849.3635515088,20052.7311365751,23487.7135116904,27104.1206772416,30970.3672272675,35156.908611442,39618.298841418,44255.0559216624,48964.5680880375,53635.0286321516,58344.0016309311,63076.6781166768,67753.970746221,72180.8252594646,"USD_2005"
"R32NAF","SSP2",10488.2120999587,12024.6753695508,13885.8329682895,15966.4307008406,18242.8786610241,20715.3536925479,23431.8450641305,26441.5604200632,29726.9579313278,33247.5717212999,36913.9451993524,40637.3456934754,44308.3790944346,47979.5061058394,51650.0447086862,55305.8801689119,58841.1331617392,"USD_2005"
"R32NAF","SSP3",10488.2120999587,12024.1790376018,13617.0331972671,14984.2440566317,16075.0508229701,17064.9804952271,18110.2429226623,19248.2462009765,20411.7999326337,21584.3395110002,22712.8503120948,23751.4455919224,24635.2780562196,25398.8881357642,26054.9446158067,26622.0576171479,27071.7458263782,"USD_2005"
"R32NAF","SSP4",10488.2120999587,12025.3644753218,13741.0550983011,15459.0679598481,17167.006094509,18996.8444853956,21054.2617417621,23389.3320450797,25932.2372722395,28671.0180938194,31544.4030886003,34490.4079257148,37405.5429938096,40327.1748175347,43267.4191908807,46246.8635379673,49210.2226263022,"USD_2005"
"R32NAF","SSP5",10488.2120999587,12027.3080659887,14360.3126443151,17692.3127690472,21896.8196935608,26488.528242058,31411.5310314044,36844.1385440474,42950.4332365137,49739.3402875152,57134.5189729247,65036.5469284753,73315.7719936811,82096.1977815045,91381.0371009291,101075.265774896,110894.82510291,"USD_2005"
"R32OAS-CPA","SSP1",7826.38041481899,9900.0996098751,12950.8807821508,16663.5293975186,20872.1321470868,25289.6748810317,29791.3429413913,34469.6056079993,39435.4844747237,44755.2840241274,50337.2112032983,56099.563883074,61898.0642395332,67914.1080844822,73835.02675494,79554.299858273,84863.5971016893,"USD_2005"
"R32OAS-CPA","SSP2",7826.38041481899,9899.09501112696,12721.0981327315,15829.9167212812,19115.0673460858,22540.4055802233,26076.343112999,29777.9389586443,33683.2832571658,37843.2955870613,42180.8992020162,46642.7041810085,51120.9837223295,55753.7078282511,60340.5665062974,64853.5082385675,69204.4538391423,"USD_2005"
"R32OAS-CPA","SSP3",7826.38041481899,9898.66357625436,12414.7872956384,14754.0019739066,16765.6906791149,18573.9607520956,20274.1169045711,21906.313915212,23461.6751101253,24977.6874395775,26407.949782006,27739.2927429548,28927.3257588011,30059.2793056779,31061.5707223169,31960.379280813,32755.1750580116,"USD_2005"
"R32OAS-CPA","SSP4",7826.38041481899,9911.46052084918,12578.0975479845,15340.8946527401,18113.5590257136,20974.6336354656,23948.9220188575,27072.5678277152,30325.8668458636,33763.0553625875,37352.5834966439,41090.8424953233,44905.6206013563,48900.6064697114,52925.4372506959,56989.6132346915,61086.2736440499,"USD_2005"
"R32OAS-CPA","SSP5",7826.38041481899,9900.95351373849,13212.8509082532,17606.1245127599,22886.7520593395,28577.9579022672,34561.5576765678,41037.9842347102,48204.9253237187,56199.7171652718,64959.8597864303,74422.9965765999,84432.0455407981,95267.3020655391,106533.825957661,118086.117112982,129607.335852697,"USD_2005"
"R32OAS-L-PAS","SSP1",6604.73846773859,7629.19419594227,9331.37080648934,11525.2254806834,14230.3480948973,17267.6246702602,20547.7185929882,24084.5157730663,27939.0205833585,32085.9839191833,36484.3728703319,41087.8003430581,45817.345607371,50756.1692208394,55857.8163618532,61063.6739771293,66295.6066461954,"USD_2005"
"R32OAS-L-PAS","SSP2",6604.73846773859,7628.82153065332,9157.24042099077,10869.4547516245,12779.4792666068,14895.3417103991,17222.8065623354,19777.368215615,22575.6064274138,25597.7839760968,28809.0727778768,32184.1339531928,35671.3142141999,39347.8650559509,43186.6093035627,47157.0351932656,51210.273598042,"USD_2005"
"R32OAS-L-PAS","SSP3",6604.73846773859,7629.99641512084,8962.95158927645,10124.9757498403,11059.9940873326,11873.8597834542,12661.9477888524,13437.2682238206,14187.3306811562,14903.5017380406,15570.711192135,16191.1578518283,16757.9309826106,17320.3996107441,17877.966638423,18428.8837915061,18967.7522982234,"USD_2005"
"R32OAS-L-PAS","SSP4",6604.73846773859,7629.50637740797,9042.58158537508,10465.5067958496,11910.2866252436,13465.888612437,15178.6049457964,17064.5763884629,19109.201066699,21303.2360453578,23623.6865588538,26069.0231638058,28618.5454977114,31345.5387940637,34241.5379399951,37296.5810127285,40491.4715012763,"USD_2005"
"R32OAS-L-PAS","SSP5",6604.73846773859,7628.66559536233,9481.56974320261,12149.2510545577,15681.3310082554,19733.8726170901,24190.983822757,29143.3328702784,34728.119258289,40969.4943278221,47863.6824057805,55392.1343889949,63485.0474265689,72295.8202482974,81803.0730000263,91959.3384595673,102677.255471844,"USD_2005"
"R32OAS-L-SAS","SSP1",5642.48613648116,7320.55388568355,9419.26252499858,12283.5019036203,16036.3124151742,20468.8716147869,25418.0349280029,30851.6845044727,36811.9470258852,43280.1901451246,50240.1551661161,57668.2964184915,65311.8083801075,73092.3643041485,80751.2024906864,88428.947550043,96200.8302173724,"USD_2005"
"R32OAS-L-SAS","SSP2",5642.48613648116,7319.8916417489,9227.58578999986,11495.8508018301,14173.8489577636,17253.6847264866,20721.008486123,24564.6263147932,28794.0741499357,33415.2066975357,38425.2457205985,43805.3084925383,49362.5375769143,55046.3798691671,60708.2008257571,66463.6268706868,72355.3179410416,"USD_2005"
"R32OAS-L-SAS","SSP3",5642.48613648116,7317.79747821548,9001.04204349982,10584.2463252089,11944.1498741288,13122.5739090963,14201.9247586233,15167.0105223285,16010.6806361484,16761.4386855184,17429.9090802045,18013.5612693998,18449.1776022839,18752.4004570148,18921.5789111706,19026.0352465074,19091.6586377645,"USD_2005"
"R32OAS-L-SAS","SSP4",5642.48613648116,7319.24166834735,9116.53965514941,11068.5587140499,13178.7142511787,15492.1996108044,18035.1975688549,20798.1933597535,23772.8347192748,26999.6149075203,30498.9283361157,34269.52246709,38173.1656222152,42195.5351526838,46277.3197509184,50533.3165267145,55007.0871805614,"USD_2005"
"R32OAS-L-SAS","SSP5",5642.48613648116,7323.97771250064,9624.83120814145,13128.2275250596,18037.6800163694,23929.341422035,30583.6519291119,38068.262426202,46536.6113452085,56053.5906308717,66686.8848319797,78491.7641270933,91193.6047307295,104746.368235605,118830.279670822,133675.134678392,149424.448753063,"USD_2005"
"R32OAS-M-PAS","SSP1",23521.7944286845,27436.4158517496,31477.3638872506,35844.4832941109,40280.1594249176,44534.1027879891,48679.2031670108,52879.222320325,57306.6469939206,61945.0610177625,66638.7678834991,71427.8375258968,76172.0962765298,80984.7824844315,86041.582487038,91123.9558337018,96071.6427919162,"USD_2005"
"R32OAS-M-PAS","SSP2",23521.7944286845,27435.218363349,31110.256341044,34645.9111853314,37980.3345822961,41189.6502404689,44386.0243216344,47664.4300741506,51092.7107262251,54645.8038867136,58193.4947832431,61800.0818573838,65369.6425029341,69000.9999754584,72820.7379977849,76670.8981057019,80477.4181588676,"USD_2005"
"R32OAS-M-PAS","SSP3",23521.7944286845,27384.6722980126,30575.4089591922,33026.8312426848,34787.5273321365,36176.0900674484,37419.2056005491,38590.1730771041,39685.9323582197,40702.6357314316,41570.2464673639,42374.4216627572,43064.7725953676,43702.8725136371,44352.3696395727,44916.8001388697,45381.6697946689,"USD_2005"
"R32OAS-M-PAS","SSP4",23521.7944286845,27419.8364868556,31106.4553035073,34648.2734893601,37981.1190575629,41179.2379274994,44338.9353733723,47561.6250236619,50860.2105747796,54220.9690293407,57555.3027402098,60984.6929291923,64447.6599308451,68033.8376566885,71830.5736492581,75694.272587543,79596.0194352345,"USD_2005"
"R32OAS-M-PAS","SSP5",23521.7944286845,27533.9274418808,32010.3174259024,37424.8435920208,43377.5315106844,49342.2284619404,55383.9917272905,61788.1338873277,68827.4739785423,76538.7694763367,84767.6640441556,93578.6446979415,102833.042418617,112694.917051939,123374.190631913,134622.9724835,146271.198426473,"USD_2005"
"R32OAS-M-SAS","SSP1",13143.9821581886,12688.6445545992,14578.916451594,17257.4170026969,20806.4970722014,25017.1207088973,29775.4263251574,35103.9414835882,40993.5218237285,47341.6643868484,54038.9404484623,61215.5393743625,68660.0180742863,76386.466535686,84126.5332075752,91720.7407232597,99306.8310275835,"USD_2005"
"R32OAS-M-SAS","SSP2",13143.9821581886,12688.7683255528,14369.1401246106,16387.5551539084,18743.8463477164,21482.7763860078,24649.355482713,28263.9287374624,32273.6084875513,36609.8518480683,41216.9326458471,46237.1897832074,51535.9765461666,57124.9736073587,62825.822628122,68547.237068375,74413.0448139158,"USD_2005"
"R32OAS-M-SAS","SSP3",13143.9821581886,12685.7232238086,14099.6362539273,15327.4126308638,16200.5317237349,16881.3169180778,17535.5357777185,18145.9410479,18629.212976708,18965.473484108,19169.2968471966,19344.0885001588,19446.0532350433,19488.3091552369,19428.1386432069,19269.5566769619,19075.5956481729,"USD_2005"
"R32OAS-M-SAS","SSP4",13143.9821581886,12688.719777261,14244.4400422601,15909.7623773137,17636.8609088924,19559.7112141878,21775.3769706356,24286.8700582278,26996.8633389144,29867.2176698522,32899.8425097753,36262.4236027305,39877.1657343214,43751.3943556511,47763.6925440727,51879.2697835671,56229.722440869,"USD_2005"
"R32OAS-M-SAS","SSP5",13143.9821581886,12694.6581880465,14826.1193850992,18257.5132109229,23145.8742373816,29013.7273439273,35688.3750128975,43310.8244090481,51971.6309287198,61622.5096913609,72189.8941459202,83913.1286080567,96576.8408977961,110282.51203994,124725.17394561,139683.974599042,155341.59810151,"USD_2005"
"R32PAK","SSP1",4600.77225055875,5237.99398056835,6192.5703363662,7505.50392099452,9350.11068975043,11703.1994212486,14540.476353892,17895.6055779162,21824.3667564789,26365.1544183332,31500.6983879319,37210.64725728,43428.4245757297,50117.0876801199,57176.9932609548,64542.3340968727,72152.4194654348,"USD_2005"
"R32PAK","SSP2",4600.77225055875,5237.01886278425,6065.93098806988,7049.24320697965,8282.02636626768,9811.19960086642,11657.8716935618,13848.3403789397,16392.911736369,19349.0996683278,22738.8114545725,26591.3629324116,30871.2828801202,35535.6168905649,40502.0101854272,45730.2554191033,51210.1247601641,"USD_2005"
"R32PAK","SSP3",4600.77225055875,5238.29199288709,5953.36835489662,6626.64714838458,7252.59272123907,7862.14388262076,8466.17744931092,9042.98876165105,9551.87565576351,10031.1766524525,10490.5605974138,10940.8392449863,11349.3247722059,11686.7369011588,11929.7408566138,12087.0240965366,12184.0829996783,"USD_2005"
"R32PAK","SSP4",4600.77225055875,5236.27106811256,5975.09669477549,6753.56485210842,7630.7690349384,8668.24916448199,9878.3716108818,11258.8382613419,12775.1246526832,14492.3908384527,16446.8276711945,18682.7033647475,21169.2241104802,23863.1412841609,26709.9500927301,29709.4744984415,32909.0811257424,"USD_2005"
"R32PAK","SSP5",4600.77225055875,5234.07394105266,6243.99893034858,7812.64992414244,10224.5521662505,13404.3479436778,17308.3584027547,22032.0786259858,27709.6754514133,34461.5672789508,42340.5168904023,51394.6167962315,61607.7975201259,73012.6923686268,85550.5002703201,99199.0827371399,113934.65398734,"USD_2005"
"R32RUS","SSP1",26701.3753156943,26372.0720147654,29153.7667698586,31481.9440773426,33425.8227949217,34684.9966106134,35417.4460170028,36492.7835182366,38297.3503246812,40445.3900063908,42653.1928192681,44790.8018698667,47229.0235160422,50019.2066773011,52892.8429633837,55730.9757364723,58403.8890162425,"USD_2005"
"R32RUS","SSP2",26701.3753156943,26372.0714965436,28749.9684500803,30183.6534596373,31122.9291857055,31621.0606610165,31907.9639833308,32660.0440537741,34126.9885198663,35841.6625182201,37576.6640813025,39206.7902685546,41014.4943699203,43056.9730713419,45171.1277283877,47290.6112609927,49335.776357532,"USD_2005"
"R32RUS","SSP3",26701.3753156943,26372.0709699965,28416.2979529627,29013.7732652749,28649.5889378958,27689.2526604476,26568.3208041378,25874.7720178056,25743.44392553,25833.6687903154,25905.2244808957,25892.9576863208,25991.8669054999,26112.850465789,26248.3404380519,26330.4490972029,26295.5230215545,"USD_2005"
"R32RUS","SSP4",26701.3753156943,26372.070088129,29077.0239557828,31184.8943103984,32893.1689715457,34004.0715568054,34699.1596025254,35728.4000741755,37459.8966031515,39415.5351164774,41413.6489848788,43320.7225750933,45457.1467350283,47867.2750654057,50321.7542503149,52744.8481423537,55034.3421748059,"USD_2005"
"R32RUS","SSP5",26701.3753156943,26372.0710292321,29540.2155959769,32814.8513282469,36005.8918362767,38409.4028185384,40261.9450498365,42621.2025259543,46030.5542191398,50117.1140320303,54588.3556927979,59307.6812062227,64691.5374316261,70838.6829298278,77483.1950393287,84509.9481865545,91792.2634929418,"USD_2005"
"R32SAF","SSP1",12815.8984688336,13621.7347792387,15398.9270733156,17876.1137945713,20983.1959238193,24454.3628803797,28185.9189512568,32265.563921655,36905.6434246459,42015.4858843553,47565.5461815632,53541.1963815385,60034.9487922897,67094.9684273705,74705.9374393012,82611.1490380939,90894.8992078745,"USD_2005"
"R32SAF","SSP2",12815.8984688336,13621.7363605966,15276.0642569024,17405.3965734853,19923.3797173046,22683.2507954771,25648.4335515329,28897.5401280421,32564.075005825,36561.7838197972,40882.9173983462,45528.9452365915,50575.4115010882,56034.857879218,61896.7635401456,67997.1151436337,74422.9684719465,"USD_2005"
"R32SAF","SSP3",12815.8984688336,13621.7355729429,15113.182009098,16795.6079238304,18555.5211026604,20306.5515508222,22050.466504158,23838.9365603002,25723.302768917,27627.3095705689,29557.6858325264,31524.5364920176,33559.1771833403,35642.9433248191,37752.5492205908,39803.7219436911,41851.6413471502,"USD_2005"
"R32SAF","SSP4",12815.8984688336,13621.7358871926,15217.0951336307,17235.4494243608,19642.8896286212,22320.5062210293,25205.5924539663,28358.7240721605,31855.4295179263,35628.290168713,39704.4584345346,44113.527168454,48923.5213192616,54128.1035918699,59720.5954161363,65589.4442241263,71838.9154902685,"USD_2005"
"R32SAF","SSP5",12815.8984688336,13621.7365880247,15494.9680384716,18361.8020440939,22246.4168661829,26789.372639084,31856.0265945792,37596.4784171647,44320.0046792379,51992.9771000198,60648.7326467857,70336.8372323217,81251.0962775906,93541.5527219971,107282.917354348,122222.38916715,138558.026724403,"USD_2005"
"R32SSA-L","SSP1",2824.99386883144,3098.57546180211,3601.48741432919,4316.67648400183,5282.80337785777,6472.43344316837,7885.11529833244,9553.07595592131,11522.6860356744,13810.1624059962,16418.1006199437,19345.6303650908,22586.0659506246,26148.9161960688,30023.4723007796,34207.190386067,38707.8313222762,"USD_2005"
"R32SSA-L","SSP2",2824.99386883144,3096.0458458324,3505.41489157982,4018.58475236095,4651.50379607622,5420.2136864865,6340.89978586579,7434.91293160596,8716.18535499383,10204.0775500101,11906.3215671029,13837.465280317,15998.5056437345,18397.4121177826,21030.1405754612,23902.7553982487,27029.8950766279,"USD_2005"
"R32SSA-L","SSP3",2824.99386883144,3094.56822772207,3437.1169393292,3776.75264737094,4086.12983645763,4385.37568325998,4691.08407383353,5003.12807340962,5304.53894105346,5603.9863443623,5898.16648117653,6191.54442299698,6475.29132816475,6745.55435363941,6997.63641676829,7234.37605456218,7461.65214131821,"USD_2005"
"R32SSA-L","SSP4",2824.99386883144,3095.18155007553,3446.43081268146,3823.2305259346,4214.20788914509,4647.37562862635,5140.1968181096,5699.17114748519,6311.48130102539,6994.41796481682,7751.4805752966,8596.74545250147,9526.29161523085,10540.8628464461,11639.4381116859,12831.2661190724,14129.5027465495,"USD_2005"
"R32SSA-L","SSP5",2824.99386883144,3099.22583234725,3632.9514370175,4481.58968456483,5736.56760944593,7343.43113412654,9296.23091370754,11662.1563967857,14532.3498179166,17966.3120216847,22010.3329381185,26707.6570639614,32094.3867640402,38232.5281884313,45158.9924646596,52925.146865847,61601.3316320778,"USD_2005"
"R32SSA-M","SSP1",7553.06949939117,7653.04554036337,8309.78097283604,9335.03436149755,10778.0896122311,12650.0545087282,14950.6937658549,17711.8294514724,20982.4952800634,24768.2557953702,29078.26806312,33888.822151458,39189.0414631183,44987.0595085352,51277.0258100301,57957.2413292041,64977.806049693,"USD_2005"
"R32SSA-M","SSP2",7553.06949939117,7644.92452517065,8113.76492297971,8764.16785381457,9643.12217544277,10818.1628489617,12313.1967552928,14148.4276259413,16316.7977225499,18832.8773057045,21710.9134442636,24946.1514539179,28545.6066768773,32520.9284452173,36880.4150749005,41524.8398785666,46418.2620017429,"USD_2005"
"R32SSA-M","SSP3",7553.06949939117,7640.58351983341,8015.17672716229,8364.78977265825,8664.29828116185,9030.54711824556,9496.075867764,10042.2460901587,10599.8157538023,11164.7639214506,11728.6232131123,12273.3197339286,12792.5432186019,13279.6228887035,13721.1498382994,14064.2694523933,14305.7374480314,"USD_2005"
"R32SSA-M","SSP4",7553.06949939117,7641.2409220008,8043.9000860002,8514.69192417157,9083.66618432157,9880.53603076105,10934.6579582082,12254.0272447194,13785.5588387735,15552.8004911176,17576.5778296635,19861.9374194534,22428.7623996163,25291.6289861147,28446.5027081571,31790.6956564949,35300.0427948447,"USD_2005"
"R32SSA-M","SSP5",7553.06949939117,7652.63004783579,8364.37892323421,9626.3298907608,11577.3155635535,14164.2067086409,17388.7208479752,21347.0771289785,26160.0005729024,31902.0523608107,38654.0281289476,46456.7843455699,55369.7069716155,65480.4228589369,76863.5147950209,89448.9403791664,103237.780202598,"USD_2005"
"R32TUR","SSP1",28462.5139883551,35566.0699902488,40806.2902278617,47107.4683029787,53429.8514213327,59634.8904261442,65721.3053377302,71835.7166562417,78349.691774321,85384.9075020912,93053.7949060899,101117.456587915,109399.535341687,118002.629839742,127294.635713659,137061.248896404,147024.0603996,"USD_2005"
"R32TUR","SSP2",28462.5139883551,35566.0692899348,40520.1174451166,46227.7069222556,51803.1855070207,57267.649419212,62592.9772850744,67858.5301890283,73281.2692203448,78944.7236764402,84939.0993807994,91111.4475375885,97381.6970306693,103896.876679293,110959.872023751,118429.178750995,126168.931763175,"USD_2005"
"R32TUR","SSP3",28462.5139883551,35566.0696224915,40114.7618764384,44998.4074754424,49607.1912131004,54191.4261918693,58660.2440003525,62987.4390669551,67171.3430834655,71192.668843033,75071.8143284023,78701.0507975149,82039.6772059753,85191.4329868118,88318.6911850932,91273.6568162114,93984.3381395002,"USD_2005"
"R32TUR","SSP4",28462.5139883551,35566.0713383018,40663.883303569,46690.5208651961,52703.466143446,58614.2996657921,64333.8050026963,69949.8949773003,75769.9115639144,81934.8581179877,88590.2111864948,95562.2250692377,102711.184335469,110151.440366592,118212.278239211,126732.10402193,135501.532808332,"USD_2005"
"R32TUR","SSP5",28462.5139883551,35566.0714091097,41075.7372884707,48182.7305845594,55923.7856733548,64045.9146705815,72523.6348305262,81566.6115144344,91643.4719535783,102966.672527176,115751.37448297,129781.234940442,144893.707188194,161295.234921943,179545.899421971,199465.203972981,220762.797049884,"USD_2005"
"R32USA","SSP1",59076.4613971084,64713.1552107168,70373.2531876603,75870.6333814731,81372.8750507857,86664.6229554905,91871.1916385114,97531.7553530261,103659.756940425,110493.739353567,117912.396531944,125847.012971461,134302.752679532,143683.385209614,153688.213938948,164095.176203931,175148.842858017,"USD_2005"
"R32USA","SSP2",59076.4613971084,64713.3923638585,69594.1639858507,73371.3931604933,76671.2137573636,79957.356275609,83439.282587333,87498.2531352429,91891.8850698937,96775.5052697402,102029.067543605,107666.907123187,113766.27896823,120657.040094783,128108.685337495,135938.343620186,144320.837684947,"USD_2005"
"R32USA","SSP3",59076.4613971084,64707.642816012,68741.8999958194,70596.0602269093,71275.5906346629,71828.7315053958,72569.4986849864,73679.7846634902,74696.0209102697,75687.8482136135,76577.7200256418,77451.3959562619,78355.6692065407,79436.9673926439,80431.7369821217,81163.530907591,81701.6342979086,"USD_2005"
"R32USA","SSP4",59076.4613971084,64711.9676931341,70350.6581481762,75694.0428998341,80874.6775570415,85706.224065625,90359.4472720223,95355.9970013164,100695.040635419,106618.236152434,113049.252162944,119962.235714939,127410.531130516,135804.253378822,144903.73563867,154534.691308587,164876.386411262,"USD_2005"
"R32USA","SSP5",59076.4613971084,64725.0871816487,70941.6198825263,78169.6503372117,86227.9543406568,94331.8155804306,102659.446640785,112029.362723459,122601.285196164,134777.887497462,148513.755225111,163777.697070724,180639.91956761,199646.486162789,220536.804780829,243120.158076412,267755.364549592,"USD_2005"
