region,urt,type,ownership
C-EEU-BGR,rur,WASH_MACH,1
C-EEU-BGR,urb,WASH_MACH,1
C-EEU-BGR,rur,WASH_MACH_COM,0
C-EEU-BGR,urb,WASH_MACH_COM,0.009639293
C-EEU-CZE,rur,WASH_MACH,1.073727225
C-EEU-CZE,urb,WASH_MACH,1.073727225
C-EEU-CZE,rur,WASH_MACH_COM,0
C-EEU-CZE,urb,WASH_MACH_COM,0.010397747
C-EEU-EST,rur,WASH_MACH,1
C-EEU-EST,urb,WASH_MACH,1
C-EEU-EST,rur,WASH_MACH_COM,0
C-EEU-EST,urb,WASH_MACH_COM,0.010717263
C-EEU-HRV,rur,WASH_MACH,1
C-EEU-HRV,urb,WASH_MACH,1
C-EEU-HRV,rur,WASH_MACH_COM,0
C-EEU-HRV,urb,WASH_MACH_COM,0.010749787
C-EEU-HUN,rur,WASH_MACH,1.138603995
C-EEU-HUN,urb,WASH_MACH,1.138603995
C-EEU-HUN,rur,WASH_MACH_COM,0
C-EEU-HUN,urb,WASH_MACH_COM,0.010447049
C-EEU-LTU,rur,WASH_MACH,1
C-EEU-LTU,urb,WASH_MACH,1
C-EEU-LTU,rur,WASH_MACH_COM,0
C-EEU-LTU,urb,WASH_MACH_COM,0.010744254
C-EEU-LVA,rur,WASH_MACH,1
C-EEU-LVA,urb,WASH_MACH,1
C-EEU-LVA,rur,WASH_MACH_COM,0
C-EEU-LVA,urb,WASH_MACH_COM,0.010702057
C-EEU-POL,rur,WASH_MACH,1.09659478
C-EEU-POL,urb,WASH_MACH,1.09659478
C-EEU-POL,rur,WASH_MACH_COM,0
C-EEU-POL,urb,WASH_MACH_COM,0.009913595
C-EEU-ROU,rur,WASH_MACH,1
C-EEU-ROU,urb,WASH_MACH,1
C-EEU-ROU,rur,WASH_MACH_COM,0
C-EEU-ROU,urb,WASH_MACH_COM,0.010483653
C-EEU-SVK,rur,WASH_MACH,1
C-EEU-SVK,urb,WASH_MACH,1
C-EEU-SVK,rur,WASH_MACH_COM,0
C-EEU-SVK,urb,WASH_MACH_COM,0.009816526
C-EEU-SVN,rur,WASH_MACH,1
C-EEU-SVN,urb,WASH_MACH,1
C-EEU-SVN,rur,WASH_MACH_COM,0
C-EEU-SVN,urb,WASH_MACH_COM,0.009720328
C-WEU-AUT,rur,WASH_MACH,1.031067442
C-WEU-AUT,urb,WASH_MACH,1.031067442
C-WEU-AUT,rur,WASH_MACH_COM,0
C-WEU-AUT,urb,WASH_MACH_COM,0.010180364
C-WEU-BEL,rur,WASH_MACH,1.044274856
C-WEU-BEL,urb,WASH_MACH,1.044274856
C-WEU-BEL,rur,WASH_MACH_COM,0
C-WEU-BEL,urb,WASH_MACH_COM,0.010243291
C-WEU-CHE,rur,WASH_MACH,1.031067442
C-WEU-CHE,urb,WASH_MACH,1.031067442
C-WEU-CHE,rur,WASH_MACH_COM,0
C-WEU-CHE,urb,WASH_MACH_COM,0.010180364
C-WEU-CYP,rur,WASH_MACH,1
C-WEU-CYP,urb,WASH_MACH,1
C-WEU-CYP,rur,WASH_MACH_COM,0
C-WEU-CYP,urb,WASH_MACH_COM,0.010369128
C-WEU-DEU,rur,WASH_MACH,1.089177173
C-WEU-DEU,urb,WASH_MACH,1.089177173
C-WEU-DEU,rur,WASH_MACH_COM,0
C-WEU-DEU,urb,WASH_MACH_COM,0.010383518
C-WEU-DNK,rur,WASH_MACH,1
C-WEU-DNK,urb,WASH_MACH,1
C-WEU-DNK,rur,WASH_MACH_COM,0
C-WEU-DNK,urb,WASH_MACH_COM,0.011684339
C-WEU-ESP,rur,WASH_MACH,1.043887924
C-WEU-ESP,urb,WASH_MACH,1.043887924
C-WEU-ESP,rur,WASH_MACH_COM,0
C-WEU-ESP,urb,WASH_MACH_COM,0.01027411
C-WEU-FIN,rur,WASH_MACH,1
C-WEU-FIN,urb,WASH_MACH,1
C-WEU-FIN,rur,WASH_MACH_COM,0
C-WEU-FIN,urb,WASH_MACH_COM,0.010452867
C-WEU-FRA,rur,WASH_MACH,1.082119099
C-WEU-FRA,urb,WASH_MACH,1.082119099
C-WEU-FRA,rur,WASH_MACH_COM,0
C-WEU-FRA,urb,WASH_MACH_COM,0.010288697
C-WEU-GBR,rur,WASH_MACH,1
C-WEU-GBR,urb,WASH_MACH,1
C-WEU-GBR,rur,WASH_MACH_COM,0
C-WEU-GBR,urb,WASH_MACH_COM,0.011485853
C-WEU-GRC,rur,WASH_MACH,1.221276937
C-WEU-GRC,urb,WASH_MACH,1.221276937
C-WEU-GRC,rur,WASH_MACH_COM,0
C-WEU-GRC,urb,WASH_MACH_COM,0.010125392
C-WEU-IRL,rur,WASH_MACH,1.076474846
C-WEU-IRL,urb,WASH_MACH,1.076474846
C-WEU-IRL,rur,WASH_MACH_COM,0
C-WEU-IRL,urb,WASH_MACH_COM,0.010182011
C-WEU-ITA,rur,WASH_MACH,1.087819086
C-WEU-ITA,urb,WASH_MACH,1.087819086
C-WEU-ITA,rur,WASH_MACH_COM,0
C-WEU-ITA,urb,WASH_MACH_COM,0.010345932
C-WEU-LUX,rur,WASH_MACH,1
C-WEU-LUX,urb,WASH_MACH,1
C-WEU-LUX,rur,WASH_MACH_COM,0
C-WEU-LUX,urb,WASH_MACH_COM,0.010567366
C-WEU-MLT,rur,WASH_MACH,1
C-WEU-MLT,urb,WASH_MACH,1
C-WEU-MLT,rur,WASH_MACH_COM,0
C-WEU-MLT,urb,WASH_MACH_COM,0.009802417
C-WEU-NLD,rur,WASH_MACH,1.040309918
C-WEU-NLD,urb,WASH_MACH,1.040309918
C-WEU-NLD,rur,WASH_MACH_COM,0
C-WEU-NLD,urb,WASH_MACH_COM,0.010484172
C-WEU-NOR,rur,WASH_MACH,1
C-WEU-NOR,urb,WASH_MACH,1
C-WEU-NOR,rur,WASH_MACH_COM,0
C-WEU-NOR,urb,WASH_MACH_COM,0.011485853
C-WEU-PRT,rur,WASH_MACH,1.109230209
C-WEU-PRT,urb,WASH_MACH,1.109230209
C-WEU-PRT,rur,WASH_MACH_COM,0
C-WEU-PRT,urb,WASH_MACH_COM,0.010385372
C-WEU-SWE,rur,WASH_MACH,1
C-WEU-SWE,urb,WASH_MACH,1
C-WEU-SWE,rur,WASH_MACH_COM,0
C-WEU-SWE,urb,WASH_MACH_COM,0.011485853
