region_gea,urt,mat,arch,year,value
AFR,rur,perm,mfh,2015,0.025079402
AFR,rur,perm,mfh,2020,0.025079402
AFR,rur,perm,mfh,2025,0.025079402
AFR,rur,perm,mfh,2030,0.025079402
AFR,rur,perm,mfh,2035,0.025079402
AFR,rur,perm,mfh,2040,0.025079402
AFR,rur,perm,mfh,2045,0.025079402
AFR,rur,perm,mfh,2050,0.025079402
AFR,rur,perm,mfh,2055,0.025079402
AFR,rur,perm,mfh,2060,0.025079402
AFR,rur,perm,mfh,2065,0.025079402
AFR,rur,perm,mfh,2070,0.025079402
AFR,rur,perm,mfh,2075,0.025079402
AFR,rur,perm,mfh,2080,0.025079402
AFR,rur,perm,mfh,2085,0.025079402
AFR,rur,perm,mfh,2090,0.025079402
AFR,rur,perm,mfh,2095,0.025079402
AFR,rur,perm,mfh,2100,0.025079402
AFR,rur,perm,sfh,2015,0.974920598
AFR,rur,perm,sfh,2020,0.974920598
AFR,rur,perm,sfh,2025,0.974920598
AFR,rur,perm,sfh,2030,0.974920598
AFR,rur,perm,sfh,2035,0.974920598
AFR,rur,perm,sfh,2040,0.974920598
AFR,rur,perm,sfh,2045,0.974920598
AFR,rur,perm,sfh,2050,0.974920598
AFR,rur,perm,sfh,2055,0.974920598
AFR,rur,perm,sfh,2060,0.974920598
AFR,rur,perm,sfh,2065,0.974920598
AFR,rur,perm,sfh,2070,0.974920598
AFR,rur,perm,sfh,2075,0.974920598
AFR,rur,perm,sfh,2080,0.974920598
AFR,rur,perm,sfh,2085,0.974920598
AFR,rur,perm,sfh,2090,0.974920598
AFR,rur,perm,sfh,2095,0.974920598
AFR,rur,perm,sfh,2100,0.974920598
AFR,rur,sub,inf,2015,1
AFR,rur,sub,inf,2020,1
AFR,rur,sub,inf,2025,1
AFR,rur,sub,inf,2030,1
AFR,rur,sub,inf,2035,1
AFR,rur,sub,inf,2040,1
AFR,rur,sub,inf,2045,1
AFR,rur,sub,inf,2050,1
AFR,rur,sub,inf,2055,1
AFR,rur,sub,inf,2060,1
AFR,rur,sub,inf,2065,1
AFR,rur,sub,inf,2070,1
AFR,rur,sub,inf,2075,1
AFR,rur,sub,inf,2080,1
AFR,rur,sub,inf,2085,1
AFR,rur,sub,inf,2090,1
AFR,rur,sub,inf,2095,1
AFR,rur,sub,inf,2100,1
AFR,urb,perm,mfh,2015,0.114758244
AFR,urb,perm,mfh,2020,0.114758244
AFR,urb,perm,mfh,2025,0.14508585375
AFR,urb,perm,mfh,2030,0.17541346349999998
AFR,urb,perm,mfh,2035,0.20574107325
AFR,urb,perm,mfh,2040,0.236068683
AFR,urb,perm,mfh,2045,0.26639629275
AFR,urb,perm,mfh,2050,0.29672390249999997
AFR,urb,perm,mfh,2055,0.32705151225
AFR,urb,perm,mfh,2060,0.357379122
AFR,urb,perm,mfh,2065,0.38770673175
AFR,urb,perm,mfh,2070,0.41803434149999996
AFR,urb,perm,mfh,2075,0.44836195125
AFR,urb,perm,mfh,2080,0.478689561
AFR,urb,perm,mfh,2085,0.50901717075
AFR,urb,perm,mfh,2090,0.5393447805
AFR,urb,perm,mfh,2095,0.5696723902499999
AFR,urb,perm,mfh,2100,0.6
AFR,urb,perm,sfh,2015,0.885241756
AFR,urb,perm,sfh,2020,0.885241756
AFR,urb,perm,sfh,2025,0.85491414625
AFR,urb,perm,sfh,2030,0.8245865365
AFR,urb,perm,sfh,2035,0.79425892675
AFR,urb,perm,sfh,2040,0.7639313169999999
AFR,urb,perm,sfh,2045,0.73360370725
AFR,urb,perm,sfh,2050,0.7032760975
AFR,urb,perm,sfh,2055,0.67294848775
AFR,urb,perm,sfh,2060,0.642620878
AFR,urb,perm,sfh,2065,0.61229326825
AFR,urb,perm,sfh,2070,0.5819656585
AFR,urb,perm,sfh,2075,0.55163804875
AFR,urb,perm,sfh,2080,0.5213104390000001
AFR,urb,perm,sfh,2085,0.49098282925000003
AFR,urb,perm,sfh,2090,0.4606552195
AFR,urb,perm,sfh,2095,0.43032760975
AFR,urb,perm,sfh,2100,0.4
AFR,urb,sub,inf,2015,1
AFR,urb,sub,inf,2020,1
AFR,urb,sub,inf,2025,1
AFR,urb,sub,inf,2030,1
AFR,urb,sub,inf,2035,1
AFR,urb,sub,inf,2040,1
AFR,urb,sub,inf,2045,1
AFR,urb,sub,inf,2050,1
AFR,urb,sub,inf,2055,1
AFR,urb,sub,inf,2060,1
AFR,urb,sub,inf,2065,1
AFR,urb,sub,inf,2070,1
AFR,urb,sub,inf,2075,1
AFR,urb,sub,inf,2080,1
AFR,urb,sub,inf,2085,1
AFR,urb,sub,inf,2090,1
AFR,urb,sub,inf,2095,1
AFR,urb,sub,inf,2100,1
CPA,rur,perm,mfh,2015,0.568035488
CPA,rur,perm,mfh,2020,0.568035488
CPA,rur,perm,mfh,2025,0.568035488
CPA,rur,perm,mfh,2030,0.568035488
CPA,rur,perm,mfh,2035,0.568035488
CPA,rur,perm,mfh,2040,0.568035488
CPA,rur,perm,mfh,2045,0.568035488
CPA,rur,perm,mfh,2050,0.568035488
CPA,rur,perm,mfh,2055,0.568035488
CPA,rur,perm,mfh,2060,0.568035488
CPA,rur,perm,mfh,2065,0.568035488
CPA,rur,perm,mfh,2070,0.568035488
CPA,rur,perm,mfh,2075,0.568035488
CPA,rur,perm,mfh,2080,0.568035488
CPA,rur,perm,mfh,2085,0.568035488
CPA,rur,perm,mfh,2090,0.568035488
CPA,rur,perm,mfh,2095,0.568035488
CPA,rur,perm,mfh,2100,0.568035488
CPA,rur,perm,sfh,2015,0.431964512
CPA,rur,perm,sfh,2020,0.431964512
CPA,rur,perm,sfh,2025,0.431964512
CPA,rur,perm,sfh,2030,0.431964512
CPA,rur,perm,sfh,2035,0.431964512
CPA,rur,perm,sfh,2040,0.431964512
CPA,rur,perm,sfh,2045,0.431964512
CPA,rur,perm,sfh,2050,0.431964512
CPA,rur,perm,sfh,2055,0.431964512
CPA,rur,perm,sfh,2060,0.431964512
CPA,rur,perm,sfh,2065,0.431964512
CPA,rur,perm,sfh,2070,0.431964512
CPA,rur,perm,sfh,2075,0.431964512
CPA,rur,perm,sfh,2080,0.431964512
CPA,rur,perm,sfh,2085,0.431964512
CPA,rur,perm,sfh,2090,0.431964512
CPA,rur,perm,sfh,2095,0.431964512
CPA,rur,perm,sfh,2100,0.431964512
CPA,rur,sub,inf,2015,1
CPA,rur,sub,inf,2020,1
CPA,rur,sub,inf,2025,1
CPA,rur,sub,inf,2030,1
CPA,rur,sub,inf,2035,1
CPA,rur,sub,inf,2040,1
CPA,rur,sub,inf,2045,1
CPA,rur,sub,inf,2050,1
CPA,rur,sub,inf,2055,1
CPA,rur,sub,inf,2060,1
CPA,rur,sub,inf,2065,1
CPA,rur,sub,inf,2070,1
CPA,rur,sub,inf,2075,1
CPA,rur,sub,inf,2080,1
CPA,rur,sub,inf,2085,1
CPA,rur,sub,inf,2090,1
CPA,rur,sub,inf,2095,1
CPA,rur,sub,inf,2100,1
CPA,urb,perm,mfh,2015,0.905
CPA,urb,perm,mfh,2020,0.905
CPA,urb,perm,mfh,2025,0.905
CPA,urb,perm,mfh,2030,0.905
CPA,urb,perm,mfh,2035,0.905
CPA,urb,perm,mfh,2040,0.905
CPA,urb,perm,mfh,2045,0.905
CPA,urb,perm,mfh,2050,0.905
CPA,urb,perm,mfh,2055,0.905
CPA,urb,perm,mfh,2060,0.905
CPA,urb,perm,mfh,2065,0.905
CPA,urb,perm,mfh,2070,0.905
CPA,urb,perm,mfh,2075,0.905
CPA,urb,perm,mfh,2080,0.905
CPA,urb,perm,mfh,2085,0.905
CPA,urb,perm,mfh,2090,0.905
CPA,urb,perm,mfh,2095,0.905
CPA,urb,perm,mfh,2100,0.905
CPA,urb,perm,sfh,2015,0.095
CPA,urb,perm,sfh,2020,0.095
CPA,urb,perm,sfh,2025,0.095
CPA,urb,perm,sfh,2030,0.095
CPA,urb,perm,sfh,2035,0.095
CPA,urb,perm,sfh,2040,0.095
CPA,urb,perm,sfh,2045,0.095
CPA,urb,perm,sfh,2050,0.095
CPA,urb,perm,sfh,2055,0.095
CPA,urb,perm,sfh,2060,0.095
CPA,urb,perm,sfh,2065,0.095
CPA,urb,perm,sfh,2070,0.095
CPA,urb,perm,sfh,2075,0.095
CPA,urb,perm,sfh,2080,0.095
CPA,urb,perm,sfh,2085,0.095
CPA,urb,perm,sfh,2090,0.095
CPA,urb,perm,sfh,2095,0.095
CPA,urb,perm,sfh,2100,0.095
CPA,urb,sub,inf,2015,1
CPA,urb,sub,inf,2020,1
CPA,urb,sub,inf,2025,1
CPA,urb,sub,inf,2030,1
CPA,urb,sub,inf,2035,1
CPA,urb,sub,inf,2040,1
CPA,urb,sub,inf,2045,1
CPA,urb,sub,inf,2050,1
CPA,urb,sub,inf,2055,1
CPA,urb,sub,inf,2060,1
CPA,urb,sub,inf,2065,1
CPA,urb,sub,inf,2070,1
CPA,urb,sub,inf,2075,1
CPA,urb,sub,inf,2080,1
CPA,urb,sub,inf,2085,1
CPA,urb,sub,inf,2090,1
CPA,urb,sub,inf,2095,1
CPA,urb,sub,inf,2100,1
EEU,rur,perm,mfh,2015,0.21115577
EEU,rur,perm,mfh,2020,0.21115577
EEU,rur,perm,mfh,2025,0.21115577
EEU,rur,perm,mfh,2030,0.21115577
EEU,rur,perm,mfh,2035,0.21115577
EEU,rur,perm,mfh,2040,0.21115577
EEU,rur,perm,mfh,2045,0.21115577
EEU,rur,perm,mfh,2050,0.21115577
EEU,rur,perm,mfh,2055,0.21115577
EEU,rur,perm,mfh,2060,0.21115577
EEU,rur,perm,mfh,2065,0.21115577
EEU,rur,perm,mfh,2070,0.21115577
EEU,rur,perm,mfh,2075,0.21115577
EEU,rur,perm,mfh,2080,0.21115577
EEU,rur,perm,mfh,2085,0.21115577
EEU,rur,perm,mfh,2090,0.21115577
EEU,rur,perm,mfh,2095,0.21115577
EEU,rur,perm,mfh,2100,0.21115577
EEU,rur,perm,sfh,2015,0.78884423
EEU,rur,perm,sfh,2020,0.78884423
EEU,rur,perm,sfh,2025,0.78884423
EEU,rur,perm,sfh,2030,0.78884423
EEU,rur,perm,sfh,2035,0.78884423
EEU,rur,perm,sfh,2040,0.78884423
EEU,rur,perm,sfh,2045,0.78884423
EEU,rur,perm,sfh,2050,0.78884423
EEU,rur,perm,sfh,2055,0.78884423
EEU,rur,perm,sfh,2060,0.78884423
EEU,rur,perm,sfh,2065,0.78884423
EEU,rur,perm,sfh,2070,0.78884423
EEU,rur,perm,sfh,2075,0.78884423
EEU,rur,perm,sfh,2080,0.78884423
EEU,rur,perm,sfh,2085,0.78884423
EEU,rur,perm,sfh,2090,0.78884423
EEU,rur,perm,sfh,2095,0.78884423
EEU,rur,perm,sfh,2100,0.78884423
EEU,rur,sub,inf,2015,1
EEU,rur,sub,inf,2020,1
EEU,rur,sub,inf,2025,1
EEU,rur,sub,inf,2030,1
EEU,rur,sub,inf,2035,1
EEU,rur,sub,inf,2040,1
EEU,rur,sub,inf,2045,1
EEU,rur,sub,inf,2050,1
EEU,rur,sub,inf,2055,1
EEU,rur,sub,inf,2060,1
EEU,rur,sub,inf,2065,1
EEU,rur,sub,inf,2070,1
EEU,rur,sub,inf,2075,1
EEU,rur,sub,inf,2080,1
EEU,rur,sub,inf,2085,1
EEU,rur,sub,inf,2090,1
EEU,rur,sub,inf,2095,1
EEU,rur,sub,inf,2100,1
EEU,urb,perm,mfh,2015,0.707582639
EEU,urb,perm,mfh,2020,0.707582639
EEU,urb,perm,mfh,2025,0.707582639
EEU,urb,perm,mfh,2030,0.707582639
EEU,urb,perm,mfh,2035,0.707582639
EEU,urb,perm,mfh,2040,0.707582639
EEU,urb,perm,mfh,2045,0.707582639
EEU,urb,perm,mfh,2050,0.707582639
EEU,urb,perm,mfh,2055,0.707582639
EEU,urb,perm,mfh,2060,0.707582639
EEU,urb,perm,mfh,2065,0.707582639
EEU,urb,perm,mfh,2070,0.707582639
EEU,urb,perm,mfh,2075,0.707582639
EEU,urb,perm,mfh,2080,0.707582639
EEU,urb,perm,mfh,2085,0.707582639
EEU,urb,perm,mfh,2090,0.707582639
EEU,urb,perm,mfh,2095,0.707582639
EEU,urb,perm,mfh,2100,0.707582639
EEU,urb,perm,sfh,2015,0.292417361
EEU,urb,perm,sfh,2020,0.292417361
EEU,urb,perm,sfh,2025,0.292417361
EEU,urb,perm,sfh,2030,0.292417361
EEU,urb,perm,sfh,2035,0.292417361
EEU,urb,perm,sfh,2040,0.292417361
EEU,urb,perm,sfh,2045,0.292417361
EEU,urb,perm,sfh,2050,0.292417361
EEU,urb,perm,sfh,2055,0.292417361
EEU,urb,perm,sfh,2060,0.292417361
EEU,urb,perm,sfh,2065,0.292417361
EEU,urb,perm,sfh,2070,0.292417361
EEU,urb,perm,sfh,2075,0.292417361
EEU,urb,perm,sfh,2080,0.292417361
EEU,urb,perm,sfh,2085,0.292417361
EEU,urb,perm,sfh,2090,0.292417361
EEU,urb,perm,sfh,2095,0.292417361
EEU,urb,perm,sfh,2100,0.292417361
EEU,urb,sub,inf,2015,1
EEU,urb,sub,inf,2020,1
EEU,urb,sub,inf,2025,1
EEU,urb,sub,inf,2030,1
EEU,urb,sub,inf,2035,1
EEU,urb,sub,inf,2040,1
EEU,urb,sub,inf,2045,1
EEU,urb,sub,inf,2050,1
EEU,urb,sub,inf,2055,1
EEU,urb,sub,inf,2060,1
EEU,urb,sub,inf,2065,1
EEU,urb,sub,inf,2070,1
EEU,urb,sub,inf,2075,1
EEU,urb,sub,inf,2080,1
EEU,urb,sub,inf,2085,1
EEU,urb,sub,inf,2090,1
EEU,urb,sub,inf,2095,1
EEU,urb,sub,inf,2100,1
FSU,rur,perm,mfh,2015,0.21115577
FSU,rur,perm,mfh,2020,0.21115577
FSU,rur,perm,mfh,2025,0.21115577
FSU,rur,perm,mfh,2030,0.21115577
FSU,rur,perm,mfh,2035,0.21115577
FSU,rur,perm,mfh,2040,0.21115577
FSU,rur,perm,mfh,2045,0.21115577
FSU,rur,perm,mfh,2050,0.21115577
FSU,rur,perm,mfh,2055,0.21115577
FSU,rur,perm,mfh,2060,0.21115577
FSU,rur,perm,mfh,2065,0.21115577
FSU,rur,perm,mfh,2070,0.21115577
FSU,rur,perm,mfh,2075,0.21115577
FSU,rur,perm,mfh,2080,0.21115577
FSU,rur,perm,mfh,2085,0.21115577
FSU,rur,perm,mfh,2090,0.21115577
FSU,rur,perm,mfh,2095,0.21115577
FSU,rur,perm,mfh,2100,0.21115577
FSU,rur,perm,sfh,2015,0.78884423
FSU,rur,perm,sfh,2020,0.78884423
FSU,rur,perm,sfh,2025,0.78884423
FSU,rur,perm,sfh,2030,0.78884423
FSU,rur,perm,sfh,2035,0.78884423
FSU,rur,perm,sfh,2040,0.78884423
FSU,rur,perm,sfh,2045,0.78884423
FSU,rur,perm,sfh,2050,0.78884423
FSU,rur,perm,sfh,2055,0.78884423
FSU,rur,perm,sfh,2060,0.78884423
FSU,rur,perm,sfh,2065,0.78884423
FSU,rur,perm,sfh,2070,0.78884423
FSU,rur,perm,sfh,2075,0.78884423
FSU,rur,perm,sfh,2080,0.78884423
FSU,rur,perm,sfh,2085,0.78884423
FSU,rur,perm,sfh,2090,0.78884423
FSU,rur,perm,sfh,2095,0.78884423
FSU,rur,perm,sfh,2100,0.78884423
FSU,rur,sub,inf,2015,1
FSU,rur,sub,inf,2020,1
FSU,rur,sub,inf,2025,1
FSU,rur,sub,inf,2030,1
FSU,rur,sub,inf,2035,1
FSU,rur,sub,inf,2040,1
FSU,rur,sub,inf,2045,1
FSU,rur,sub,inf,2050,1
FSU,rur,sub,inf,2055,1
FSU,rur,sub,inf,2060,1
FSU,rur,sub,inf,2065,1
FSU,rur,sub,inf,2070,1
FSU,rur,sub,inf,2075,1
FSU,rur,sub,inf,2080,1
FSU,rur,sub,inf,2085,1
FSU,rur,sub,inf,2090,1
FSU,rur,sub,inf,2095,1
FSU,rur,sub,inf,2100,1
FSU,urb,perm,mfh,2015,0.707582639
FSU,urb,perm,mfh,2020,0.707582639
FSU,urb,perm,mfh,2025,0.707582639
FSU,urb,perm,mfh,2030,0.707582639
FSU,urb,perm,mfh,2035,0.707582639
FSU,urb,perm,mfh,2040,0.707582639
FSU,urb,perm,mfh,2045,0.707582639
FSU,urb,perm,mfh,2050,0.707582639
FSU,urb,perm,mfh,2055,0.707582639
FSU,urb,perm,mfh,2060,0.707582639
FSU,urb,perm,mfh,2065,0.707582639
FSU,urb,perm,mfh,2070,0.707582639
FSU,urb,perm,mfh,2075,0.707582639
FSU,urb,perm,mfh,2080,0.707582639
FSU,urb,perm,mfh,2085,0.707582639
FSU,urb,perm,mfh,2090,0.707582639
FSU,urb,perm,mfh,2095,0.707582639
FSU,urb,perm,mfh,2100,0.707582639
FSU,urb,perm,sfh,2015,0.292417361
FSU,urb,perm,sfh,2020,0.292417361
FSU,urb,perm,sfh,2025,0.292417361
FSU,urb,perm,sfh,2030,0.292417361
FSU,urb,perm,sfh,2035,0.292417361
FSU,urb,perm,sfh,2040,0.292417361
FSU,urb,perm,sfh,2045,0.292417361
FSU,urb,perm,sfh,2050,0.292417361
FSU,urb,perm,sfh,2055,0.292417361
FSU,urb,perm,sfh,2060,0.292417361
FSU,urb,perm,sfh,2065,0.292417361
FSU,urb,perm,sfh,2070,0.292417361
FSU,urb,perm,sfh,2075,0.292417361
FSU,urb,perm,sfh,2080,0.292417361
FSU,urb,perm,sfh,2085,0.292417361
FSU,urb,perm,sfh,2090,0.292417361
FSU,urb,perm,sfh,2095,0.292417361
FSU,urb,perm,sfh,2100,0.292417361
FSU,urb,sub,inf,2015,1
FSU,urb,sub,inf,2020,1
FSU,urb,sub,inf,2025,1
FSU,urb,sub,inf,2030,1
FSU,urb,sub,inf,2035,1
FSU,urb,sub,inf,2040,1
FSU,urb,sub,inf,2045,1
FSU,urb,sub,inf,2050,1
FSU,urb,sub,inf,2055,1
FSU,urb,sub,inf,2060,1
FSU,urb,sub,inf,2065,1
FSU,urb,sub,inf,2070,1
FSU,urb,sub,inf,2075,1
FSU,urb,sub,inf,2080,1
FSU,urb,sub,inf,2085,1
FSU,urb,sub,inf,2090,1
FSU,urb,sub,inf,2095,1
FSU,urb,sub,inf,2100,1
LAC,rur,perm,mfh,2015,0.00806566
LAC,rur,perm,mfh,2020,0.00806566
LAC,rur,perm,mfh,2025,0.00806566
LAC,rur,perm,mfh,2030,0.00806566
LAC,rur,perm,mfh,2035,0.00806566
LAC,rur,perm,mfh,2040,0.00806566
LAC,rur,perm,mfh,2045,0.00806566
LAC,rur,perm,mfh,2050,0.00806566
LAC,rur,perm,mfh,2055,0.00806566
LAC,rur,perm,mfh,2060,0.00806566
LAC,rur,perm,mfh,2065,0.00806566
LAC,rur,perm,mfh,2070,0.00806566
LAC,rur,perm,mfh,2075,0.00806566
LAC,rur,perm,mfh,2080,0.00806566
LAC,rur,perm,mfh,2085,0.00806566
LAC,rur,perm,mfh,2090,0.00806566
LAC,rur,perm,mfh,2095,0.00806566
LAC,rur,perm,mfh,2100,0.00806566
LAC,rur,perm,sfh,2015,0.99193434
LAC,rur,perm,sfh,2020,0.99193434
LAC,rur,perm,sfh,2025,0.99193434
LAC,rur,perm,sfh,2030,0.99193434
LAC,rur,perm,sfh,2035,0.99193434
LAC,rur,perm,sfh,2040,0.99193434
LAC,rur,perm,sfh,2045,0.99193434
LAC,rur,perm,sfh,2050,0.99193434
LAC,rur,perm,sfh,2055,0.99193434
LAC,rur,perm,sfh,2060,0.99193434
LAC,rur,perm,sfh,2065,0.99193434
LAC,rur,perm,sfh,2070,0.99193434
LAC,rur,perm,sfh,2075,0.99193434
LAC,rur,perm,sfh,2080,0.99193434
LAC,rur,perm,sfh,2085,0.99193434
LAC,rur,perm,sfh,2090,0.99193434
LAC,rur,perm,sfh,2095,0.99193434
LAC,rur,perm,sfh,2100,0.99193434
LAC,rur,sub,inf,2015,1
LAC,rur,sub,inf,2020,1
LAC,rur,sub,inf,2025,1
LAC,rur,sub,inf,2030,1
LAC,rur,sub,inf,2035,1
LAC,rur,sub,inf,2040,1
LAC,rur,sub,inf,2045,1
LAC,rur,sub,inf,2050,1
LAC,rur,sub,inf,2055,1
LAC,rur,sub,inf,2060,1
LAC,rur,sub,inf,2065,1
LAC,rur,sub,inf,2070,1
LAC,rur,sub,inf,2075,1
LAC,rur,sub,inf,2080,1
LAC,rur,sub,inf,2085,1
LAC,rur,sub,inf,2090,1
LAC,rur,sub,inf,2095,1
LAC,rur,sub,inf,2100,1
LAC,urb,perm,mfh,2015,0.120952499
LAC,urb,perm,mfh,2020,0.120952499
LAC,urb,perm,mfh,2025,0.1508929678125
LAC,urb,perm,mfh,2030,0.180833436625
LAC,urb,perm,mfh,2035,0.21077390543750002
LAC,urb,perm,mfh,2040,0.24071437425
LAC,urb,perm,mfh,2045,0.2706548430625
LAC,urb,perm,mfh,2050,0.300595311875
LAC,urb,perm,mfh,2055,0.3305357806875
LAC,urb,perm,mfh,2060,0.3604762495
LAC,urb,perm,mfh,2065,0.39041671831249997
LAC,urb,perm,mfh,2070,0.420357187125
LAC,urb,perm,mfh,2075,0.4502976559375
LAC,urb,perm,mfh,2080,0.48023812475
LAC,urb,perm,mfh,2085,0.5101785935625001
LAC,urb,perm,mfh,2090,0.540119062375
LAC,urb,perm,mfh,2095,0.5700595311875
LAC,urb,perm,mfh,2100,0.6
LAC,urb,perm,sfh,2015,0.879047501
LAC,urb,perm,sfh,2020,0.879047501
LAC,urb,perm,sfh,2025,0.8491070321874999
LAC,urb,perm,sfh,2030,0.8191665633749999
LAC,urb,perm,sfh,2035,0.7892260945624999
LAC,urb,perm,sfh,2040,0.75928562575
LAC,urb,perm,sfh,2045,0.7293451569375
LAC,urb,perm,sfh,2050,0.699404688125
LAC,urb,perm,sfh,2055,0.6694642193125
LAC,urb,perm,sfh,2060,0.6395237505
LAC,urb,perm,sfh,2065,0.6095832816875
LAC,urb,perm,sfh,2070,0.579642812875
LAC,urb,perm,sfh,2075,0.5497023440625
LAC,urb,perm,sfh,2080,0.51976187525
LAC,urb,perm,sfh,2085,0.4898214064375
LAC,urb,perm,sfh,2090,0.45988093762500004
LAC,urb,perm,sfh,2095,0.42994046881250003
LAC,urb,perm,sfh,2100,0.4
LAC,urb,sub,inf,2015,1
LAC,urb,sub,inf,2020,1
LAC,urb,sub,inf,2025,1
LAC,urb,sub,inf,2030,1
LAC,urb,sub,inf,2035,1
LAC,urb,sub,inf,2040,1
LAC,urb,sub,inf,2045,1
LAC,urb,sub,inf,2050,1
LAC,urb,sub,inf,2055,1
LAC,urb,sub,inf,2060,1
LAC,urb,sub,inf,2065,1
LAC,urb,sub,inf,2070,1
LAC,urb,sub,inf,2075,1
LAC,urb,sub,inf,2080,1
LAC,urb,sub,inf,2085,1
LAC,urb,sub,inf,2090,1
LAC,urb,sub,inf,2095,1
LAC,urb,sub,inf,2100,1
MEA,rur,perm,mfh,2015,0.073769918
MEA,rur,perm,mfh,2020,0.073769918
MEA,rur,perm,mfh,2025,0.073769918
MEA,rur,perm,mfh,2030,0.073769918
MEA,rur,perm,mfh,2035,0.073769918
MEA,rur,perm,mfh,2040,0.073769918
MEA,rur,perm,mfh,2045,0.073769918
MEA,rur,perm,mfh,2050,0.073769918
MEA,rur,perm,mfh,2055,0.073769918
MEA,rur,perm,mfh,2060,0.073769918
MEA,rur,perm,mfh,2065,0.073769918
MEA,rur,perm,mfh,2070,0.073769918
MEA,rur,perm,mfh,2075,0.073769918
MEA,rur,perm,mfh,2080,0.073769918
MEA,rur,perm,mfh,2085,0.073769918
MEA,rur,perm,mfh,2090,0.073769918
MEA,rur,perm,mfh,2095,0.073769918
MEA,rur,perm,mfh,2100,0.073769918
MEA,rur,perm,sfh,2015,0.926230082
MEA,rur,perm,sfh,2020,0.926230082
MEA,rur,perm,sfh,2025,0.926230082
MEA,rur,perm,sfh,2030,0.926230082
MEA,rur,perm,sfh,2035,0.926230082
MEA,rur,perm,sfh,2040,0.926230082
MEA,rur,perm,sfh,2045,0.926230082
MEA,rur,perm,sfh,2050,0.926230082
MEA,rur,perm,sfh,2055,0.926230082
MEA,rur,perm,sfh,2060,0.926230082
MEA,rur,perm,sfh,2065,0.926230082
MEA,rur,perm,sfh,2070,0.926230082
MEA,rur,perm,sfh,2075,0.926230082
MEA,rur,perm,sfh,2080,0.926230082
MEA,rur,perm,sfh,2085,0.926230082
MEA,rur,perm,sfh,2090,0.926230082
MEA,rur,perm,sfh,2095,0.926230082
MEA,rur,perm,sfh,2100,0.926230082
MEA,rur,sub,inf,2015,1
MEA,rur,sub,inf,2020,1
MEA,rur,sub,inf,2025,1
MEA,rur,sub,inf,2030,1
MEA,rur,sub,inf,2035,1
MEA,rur,sub,inf,2040,1
MEA,rur,sub,inf,2045,1
MEA,rur,sub,inf,2050,1
MEA,rur,sub,inf,2055,1
MEA,rur,sub,inf,2060,1
MEA,rur,sub,inf,2065,1
MEA,rur,sub,inf,2070,1
MEA,rur,sub,inf,2075,1
MEA,rur,sub,inf,2080,1
MEA,rur,sub,inf,2085,1
MEA,rur,sub,inf,2090,1
MEA,rur,sub,inf,2095,1
MEA,rur,sub,inf,2100,1
MEA,urb,perm,mfh,2015,0.148637261
MEA,urb,perm,mfh,2020,0.148637261
MEA,urb,perm,mfh,2025,0.148637261
MEA,urb,perm,mfh,2030,0.148637261
MEA,urb,perm,mfh,2035,0.148637261
MEA,urb,perm,mfh,2040,0.148637261
MEA,urb,perm,mfh,2045,0.148637261
MEA,urb,perm,mfh,2050,0.148637261
MEA,urb,perm,mfh,2055,0.148637261
MEA,urb,perm,mfh,2060,0.148637261
MEA,urb,perm,mfh,2065,0.148637261
MEA,urb,perm,mfh,2070,0.148637261
MEA,urb,perm,mfh,2075,0.148637261
MEA,urb,perm,mfh,2080,0.148637261
MEA,urb,perm,mfh,2085,0.148637261
MEA,urb,perm,mfh,2090,0.148637261
MEA,urb,perm,mfh,2095,0.148637261
MEA,urb,perm,mfh,2100,0.148637261
MEA,urb,perm,sfh,2015,0.851362739
MEA,urb,perm,sfh,2020,0.851362739
MEA,urb,perm,sfh,2025,0.851362739
MEA,urb,perm,sfh,2030,0.851362739
MEA,urb,perm,sfh,2035,0.851362739
MEA,urb,perm,sfh,2040,0.851362739
MEA,urb,perm,sfh,2045,0.851362739
MEA,urb,perm,sfh,2050,0.851362739
MEA,urb,perm,sfh,2055,0.851362739
MEA,urb,perm,sfh,2060,0.851362739
MEA,urb,perm,sfh,2065,0.851362739
MEA,urb,perm,sfh,2070,0.851362739
MEA,urb,perm,sfh,2075,0.851362739
MEA,urb,perm,sfh,2080,0.851362739
MEA,urb,perm,sfh,2085,0.851362739
MEA,urb,perm,sfh,2090,0.851362739
MEA,urb,perm,sfh,2095,0.851362739
MEA,urb,perm,sfh,2100,0.851362739
MEA,urb,sub,inf,2015,1
MEA,urb,sub,inf,2020,1
MEA,urb,sub,inf,2025,1
MEA,urb,sub,inf,2030,1
MEA,urb,sub,inf,2035,1
MEA,urb,sub,inf,2040,1
MEA,urb,sub,inf,2045,1
MEA,urb,sub,inf,2050,1
MEA,urb,sub,inf,2055,1
MEA,urb,sub,inf,2060,1
MEA,urb,sub,inf,2065,1
MEA,urb,sub,inf,2070,1
MEA,urb,sub,inf,2075,1
MEA,urb,sub,inf,2080,1
MEA,urb,sub,inf,2085,1
MEA,urb,sub,inf,2090,1
MEA,urb,sub,inf,2095,1
MEA,urb,sub,inf,2100,1
NAM,rur,perm,mfh,2015,0.033724098
NAM,rur,perm,mfh,2020,0.033724098
NAM,rur,perm,mfh,2025,0.033724098
NAM,rur,perm,mfh,2030,0.033724098
NAM,rur,perm,mfh,2035,0.033724098
NAM,rur,perm,mfh,2040,0.033724098
NAM,rur,perm,mfh,2045,0.033724098
NAM,rur,perm,mfh,2050,0.033724098
NAM,rur,perm,mfh,2055,0.033724098
NAM,rur,perm,mfh,2060,0.033724098
NAM,rur,perm,mfh,2065,0.033724098
NAM,rur,perm,mfh,2070,0.033724098
NAM,rur,perm,mfh,2075,0.033724098
NAM,rur,perm,mfh,2080,0.033724098
NAM,rur,perm,mfh,2085,0.033724098
NAM,rur,perm,mfh,2090,0.033724098
NAM,rur,perm,mfh,2095,0.033724098
NAM,rur,perm,mfh,2100,0.033724098
NAM,rur,perm,sfh,2015,0.966275902
NAM,rur,perm,sfh,2020,0.966275902
NAM,rur,perm,sfh,2025,0.966275902
NAM,rur,perm,sfh,2030,0.966275902
NAM,rur,perm,sfh,2035,0.966275902
NAM,rur,perm,sfh,2040,0.966275902
NAM,rur,perm,sfh,2045,0.966275902
NAM,rur,perm,sfh,2050,0.966275902
NAM,rur,perm,sfh,2055,0.966275902
NAM,rur,perm,sfh,2060,0.966275902
NAM,rur,perm,sfh,2065,0.966275902
NAM,rur,perm,sfh,2070,0.966275902
NAM,rur,perm,sfh,2075,0.966275902
NAM,rur,perm,sfh,2080,0.966275902
NAM,rur,perm,sfh,2085,0.966275902
NAM,rur,perm,sfh,2090,0.966275902
NAM,rur,perm,sfh,2095,0.966275902
NAM,rur,perm,sfh,2100,0.966275902
NAM,rur,sub,inf,2015,1
NAM,rur,sub,inf,2020,1
NAM,rur,sub,inf,2025,1
NAM,rur,sub,inf,2030,1
NAM,rur,sub,inf,2035,1
NAM,rur,sub,inf,2040,1
NAM,rur,sub,inf,2045,1
NAM,rur,sub,inf,2050,1
NAM,rur,sub,inf,2055,1
NAM,rur,sub,inf,2060,1
NAM,rur,sub,inf,2065,1
NAM,rur,sub,inf,2070,1
NAM,rur,sub,inf,2075,1
NAM,rur,sub,inf,2080,1
NAM,rur,sub,inf,2085,1
NAM,rur,sub,inf,2090,1
NAM,rur,sub,inf,2095,1
NAM,rur,sub,inf,2100,1
NAM,urb,perm,mfh,2015,0.306219481
NAM,urb,perm,mfh,2020,0.306219481
NAM,urb,perm,mfh,2025,0.306219481
NAM,urb,perm,mfh,2030,0.306219481
NAM,urb,perm,mfh,2035,0.306219481
NAM,urb,perm,mfh,2040,0.306219481
NAM,urb,perm,mfh,2045,0.306219481
NAM,urb,perm,mfh,2050,0.306219481
NAM,urb,perm,mfh,2055,0.306219481
NAM,urb,perm,mfh,2060,0.306219481
NAM,urb,perm,mfh,2065,0.306219481
NAM,urb,perm,mfh,2070,0.306219481
NAM,urb,perm,mfh,2075,0.306219481
NAM,urb,perm,mfh,2080,0.306219481
NAM,urb,perm,mfh,2085,0.306219481
NAM,urb,perm,mfh,2090,0.306219481
NAM,urb,perm,mfh,2095,0.306219481
NAM,urb,perm,mfh,2100,0.306219481
NAM,urb,perm,sfh,2015,0.693780519
NAM,urb,perm,sfh,2020,0.693780519
NAM,urb,perm,sfh,2025,0.693780519
NAM,urb,perm,sfh,2030,0.693780519
NAM,urb,perm,sfh,2035,0.693780519
NAM,urb,perm,sfh,2040,0.693780519
NAM,urb,perm,sfh,2045,0.693780519
NAM,urb,perm,sfh,2050,0.693780519
NAM,urb,perm,sfh,2055,0.693780519
NAM,urb,perm,sfh,2060,0.693780519
NAM,urb,perm,sfh,2065,0.693780519
NAM,urb,perm,sfh,2070,0.693780519
NAM,urb,perm,sfh,2075,0.693780519
NAM,urb,perm,sfh,2080,0.693780519
NAM,urb,perm,sfh,2085,0.693780519
NAM,urb,perm,sfh,2090,0.693780519
NAM,urb,perm,sfh,2095,0.693780519
NAM,urb,perm,sfh,2100,0.693780519
NAM,urb,sub,inf,2015,1
NAM,urb,sub,inf,2020,1
NAM,urb,sub,inf,2025,1
NAM,urb,sub,inf,2030,1
NAM,urb,sub,inf,2035,1
NAM,urb,sub,inf,2040,1
NAM,urb,sub,inf,2045,1
NAM,urb,sub,inf,2050,1
NAM,urb,sub,inf,2055,1
NAM,urb,sub,inf,2060,1
NAM,urb,sub,inf,2065,1
NAM,urb,sub,inf,2070,1
NAM,urb,sub,inf,2075,1
NAM,urb,sub,inf,2080,1
NAM,urb,sub,inf,2085,1
NAM,urb,sub,inf,2090,1
NAM,urb,sub,inf,2095,1
NAM,urb,sub,inf,2100,1
PAO,rur,perm,mfh,2015,0.033724098
PAO,rur,perm,mfh,2020,0.033724098
PAO,rur,perm,mfh,2025,0.033724098
PAO,rur,perm,mfh,2030,0.033724098
PAO,rur,perm,mfh,2035,0.033724098
PAO,rur,perm,mfh,2040,0.033724098
PAO,rur,perm,mfh,2045,0.033724098
PAO,rur,perm,mfh,2050,0.033724098
PAO,rur,perm,mfh,2055,0.033724098
PAO,rur,perm,mfh,2060,0.033724098
PAO,rur,perm,mfh,2065,0.033724098
PAO,rur,perm,mfh,2070,0.033724098
PAO,rur,perm,mfh,2075,0.033724098
PAO,rur,perm,mfh,2080,0.033724098
PAO,rur,perm,mfh,2085,0.033724098
PAO,rur,perm,mfh,2090,0.033724098
PAO,rur,perm,mfh,2095,0.033724098
PAO,rur,perm,mfh,2100,0.033724098
PAO,rur,perm,sfh,2015,0.966275902
PAO,rur,perm,sfh,2020,0.966275902
PAO,rur,perm,sfh,2025,0.966275902
PAO,rur,perm,sfh,2030,0.966275902
PAO,rur,perm,sfh,2035,0.966275902
PAO,rur,perm,sfh,2040,0.966275902
PAO,rur,perm,sfh,2045,0.966275902
PAO,rur,perm,sfh,2050,0.966275902
PAO,rur,perm,sfh,2055,0.966275902
PAO,rur,perm,sfh,2060,0.966275902
PAO,rur,perm,sfh,2065,0.966275902
PAO,rur,perm,sfh,2070,0.966275902
PAO,rur,perm,sfh,2075,0.966275902
PAO,rur,perm,sfh,2080,0.966275902
PAO,rur,perm,sfh,2085,0.966275902
PAO,rur,perm,sfh,2090,0.966275902
PAO,rur,perm,sfh,2095,0.966275902
PAO,rur,perm,sfh,2100,0.966275902
PAO,rur,sub,inf,2015,1
PAO,rur,sub,inf,2020,1
PAO,rur,sub,inf,2025,1
PAO,rur,sub,inf,2030,1
PAO,rur,sub,inf,2035,1
PAO,rur,sub,inf,2040,1
PAO,rur,sub,inf,2045,1
PAO,rur,sub,inf,2050,1
PAO,rur,sub,inf,2055,1
PAO,rur,sub,inf,2060,1
PAO,rur,sub,inf,2065,1
PAO,rur,sub,inf,2070,1
PAO,rur,sub,inf,2075,1
PAO,rur,sub,inf,2080,1
PAO,rur,sub,inf,2085,1
PAO,rur,sub,inf,2090,1
PAO,rur,sub,inf,2095,1
PAO,rur,sub,inf,2100,1
PAO,urb,perm,mfh,2015,0.462545879
PAO,urb,perm,mfh,2020,0.462545879
PAO,urb,perm,mfh,2025,0.462545879
PAO,urb,perm,mfh,2030,0.462545879
PAO,urb,perm,mfh,2035,0.462545879
PAO,urb,perm,mfh,2040,0.462545879
PAO,urb,perm,mfh,2045,0.462545879
PAO,urb,perm,mfh,2050,0.462545879
PAO,urb,perm,mfh,2055,0.462545879
PAO,urb,perm,mfh,2060,0.462545879
PAO,urb,perm,mfh,2065,0.462545879
PAO,urb,perm,mfh,2070,0.462545879
PAO,urb,perm,mfh,2075,0.462545879
PAO,urb,perm,mfh,2080,0.462545879
PAO,urb,perm,mfh,2085,0.462545879
PAO,urb,perm,mfh,2090,0.462545879
PAO,urb,perm,mfh,2095,0.462545879
PAO,urb,perm,mfh,2100,0.462545879
PAO,urb,perm,sfh,2015,0.537454121
PAO,urb,perm,sfh,2020,0.537454121
PAO,urb,perm,sfh,2025,0.537454121
PAO,urb,perm,sfh,2030,0.537454121
PAO,urb,perm,sfh,2035,0.537454121
PAO,urb,perm,sfh,2040,0.537454121
PAO,urb,perm,sfh,2045,0.537454121
PAO,urb,perm,sfh,2050,0.537454121
PAO,urb,perm,sfh,2055,0.537454121
PAO,urb,perm,sfh,2060,0.537454121
PAO,urb,perm,sfh,2065,0.537454121
PAO,urb,perm,sfh,2070,0.537454121
PAO,urb,perm,sfh,2075,0.537454121
PAO,urb,perm,sfh,2080,0.537454121
PAO,urb,perm,sfh,2085,0.537454121
PAO,urb,perm,sfh,2090,0.537454121
PAO,urb,perm,sfh,2095,0.537454121
PAO,urb,perm,sfh,2100,0.537454121
PAO,urb,sub,inf,2015,1
PAO,urb,sub,inf,2020,1
PAO,urb,sub,inf,2025,1
PAO,urb,sub,inf,2030,1
PAO,urb,sub,inf,2035,1
PAO,urb,sub,inf,2040,1
PAO,urb,sub,inf,2045,1
PAO,urb,sub,inf,2050,1
PAO,urb,sub,inf,2055,1
PAO,urb,sub,inf,2060,1
PAO,urb,sub,inf,2065,1
PAO,urb,sub,inf,2070,1
PAO,urb,sub,inf,2075,1
PAO,urb,sub,inf,2080,1
PAO,urb,sub,inf,2085,1
PAO,urb,sub,inf,2090,1
PAO,urb,sub,inf,2095,1
PAO,urb,sub,inf,2100,1
PAS,rur,perm,mfh,2015,0.130299081
PAS,rur,perm,mfh,2020,0.130299081
PAS,rur,perm,mfh,2025,0.130299081
PAS,rur,perm,mfh,2030,0.130299081
PAS,rur,perm,mfh,2035,0.130299081
PAS,rur,perm,mfh,2040,0.130299081
PAS,rur,perm,mfh,2045,0.130299081
PAS,rur,perm,mfh,2050,0.130299081
PAS,rur,perm,mfh,2055,0.130299081
PAS,rur,perm,mfh,2060,0.130299081
PAS,rur,perm,mfh,2065,0.130299081
PAS,rur,perm,mfh,2070,0.130299081
PAS,rur,perm,mfh,2075,0.130299081
PAS,rur,perm,mfh,2080,0.130299081
PAS,rur,perm,mfh,2085,0.130299081
PAS,rur,perm,mfh,2090,0.130299081
PAS,rur,perm,mfh,2095,0.130299081
PAS,rur,perm,mfh,2100,0.130299081
PAS,rur,perm,sfh,2015,0.869700919
PAS,rur,perm,sfh,2020,0.869700919
PAS,rur,perm,sfh,2025,0.869700919
PAS,rur,perm,sfh,2030,0.869700919
PAS,rur,perm,sfh,2035,0.869700919
PAS,rur,perm,sfh,2040,0.869700919
PAS,rur,perm,sfh,2045,0.869700919
PAS,rur,perm,sfh,2050,0.869700919
PAS,rur,perm,sfh,2055,0.869700919
PAS,rur,perm,sfh,2060,0.869700919
PAS,rur,perm,sfh,2065,0.869700919
PAS,rur,perm,sfh,2070,0.869700919
PAS,rur,perm,sfh,2075,0.869700919
PAS,rur,perm,sfh,2080,0.869700919
PAS,rur,perm,sfh,2085,0.869700919
PAS,rur,perm,sfh,2090,0.869700919
PAS,rur,perm,sfh,2095,0.869700919
PAS,rur,perm,sfh,2100,0.869700919
PAS,rur,sub,inf,2015,1
PAS,rur,sub,inf,2020,1
PAS,rur,sub,inf,2025,1
PAS,rur,sub,inf,2030,1
PAS,rur,sub,inf,2035,1
PAS,rur,sub,inf,2040,1
PAS,rur,sub,inf,2045,1
PAS,rur,sub,inf,2050,1
PAS,rur,sub,inf,2055,1
PAS,rur,sub,inf,2060,1
PAS,rur,sub,inf,2065,1
PAS,rur,sub,inf,2070,1
PAS,rur,sub,inf,2075,1
PAS,rur,sub,inf,2080,1
PAS,rur,sub,inf,2085,1
PAS,rur,sub,inf,2090,1
PAS,rur,sub,inf,2095,1
PAS,rur,sub,inf,2100,1
PAS,urb,perm,mfh,2015,0.220288457
PAS,urb,perm,mfh,2020,0.220288457
PAS,urb,perm,mfh,2025,0.2440204284375
PAS,urb,perm,mfh,2030,0.267752399875
PAS,urb,perm,mfh,2035,0.2914843713125
PAS,urb,perm,mfh,2040,0.31521634275
PAS,urb,perm,mfh,2045,0.3389483141875
PAS,urb,perm,mfh,2050,0.362680285625
PAS,urb,perm,mfh,2055,0.3864122570625
PAS,urb,perm,mfh,2060,0.4101442285
PAS,urb,perm,mfh,2065,0.4338761999375
PAS,urb,perm,mfh,2070,0.457608171375
PAS,urb,perm,mfh,2075,0.4813401428125
PAS,urb,perm,mfh,2080,0.50507211425
PAS,urb,perm,mfh,2085,0.5288040856875
PAS,urb,perm,mfh,2090,0.552536057125
PAS,urb,perm,mfh,2095,0.5762680285624999
PAS,urb,perm,mfh,2100,0.6
PAS,urb,perm,sfh,2015,0.779711543
PAS,urb,perm,sfh,2020,0.779711543
PAS,urb,perm,sfh,2025,0.7559795715625
PAS,urb,perm,sfh,2030,0.732247600125
PAS,urb,perm,sfh,2035,0.7085156286875001
PAS,urb,perm,sfh,2040,0.68478365725
PAS,urb,perm,sfh,2045,0.6610516858125
PAS,urb,perm,sfh,2050,0.637319714375
PAS,urb,perm,sfh,2055,0.6135877429375001
PAS,urb,perm,sfh,2060,0.5898557715
PAS,urb,perm,sfh,2065,0.5661238000625
PAS,urb,perm,sfh,2070,0.542391828625
PAS,urb,perm,sfh,2075,0.5186598571875001
PAS,urb,perm,sfh,2080,0.49492788575
PAS,urb,perm,sfh,2085,0.4711959143125
PAS,urb,perm,sfh,2090,0.447463942875
PAS,urb,perm,sfh,2095,0.4237319714375
PAS,urb,perm,sfh,2100,0.4
PAS,urb,sub,inf,2015,1
PAS,urb,sub,inf,2020,1
PAS,urb,sub,inf,2025,1
PAS,urb,sub,inf,2030,1
PAS,urb,sub,inf,2035,1
PAS,urb,sub,inf,2040,1
PAS,urb,sub,inf,2045,1
PAS,urb,sub,inf,2050,1
PAS,urb,sub,inf,2055,1
PAS,urb,sub,inf,2060,1
PAS,urb,sub,inf,2065,1
PAS,urb,sub,inf,2070,1
PAS,urb,sub,inf,2075,1
PAS,urb,sub,inf,2080,1
PAS,urb,sub,inf,2085,1
PAS,urb,sub,inf,2090,1
PAS,urb,sub,inf,2095,1
PAS,urb,sub,inf,2100,1
SAS,rur,perm,mfh,2015,0.042056075
SAS,rur,perm,mfh,2020,0.042056075
SAS,rur,perm,mfh,2025,0.042056075
SAS,rur,perm,mfh,2030,0.042056075
SAS,rur,perm,mfh,2035,0.042056075
SAS,rur,perm,mfh,2040,0.042056075
SAS,rur,perm,mfh,2045,0.042056075
SAS,rur,perm,mfh,2050,0.042056075
SAS,rur,perm,mfh,2055,0.042056075
SAS,rur,perm,mfh,2060,0.042056075
SAS,rur,perm,mfh,2065,0.042056075
SAS,rur,perm,mfh,2070,0.042056075
SAS,rur,perm,mfh,2075,0.042056075
SAS,rur,perm,mfh,2080,0.042056075
SAS,rur,perm,mfh,2085,0.042056075
SAS,rur,perm,mfh,2090,0.042056075
SAS,rur,perm,mfh,2095,0.042056075
SAS,rur,perm,mfh,2100,0.042056075
SAS,rur,perm,sfh,2015,0.957943925
SAS,rur,perm,sfh,2020,0.957943925
SAS,rur,perm,sfh,2025,0.957943925
SAS,rur,perm,sfh,2030,0.957943925
SAS,rur,perm,sfh,2035,0.957943925
SAS,rur,perm,sfh,2040,0.957943925
SAS,rur,perm,sfh,2045,0.957943925
SAS,rur,perm,sfh,2050,0.957943925
SAS,rur,perm,sfh,2055,0.957943925
SAS,rur,perm,sfh,2060,0.957943925
SAS,rur,perm,sfh,2065,0.957943925
SAS,rur,perm,sfh,2070,0.957943925
SAS,rur,perm,sfh,2075,0.957943925
SAS,rur,perm,sfh,2080,0.957943925
SAS,rur,perm,sfh,2085,0.957943925
SAS,rur,perm,sfh,2090,0.957943925
SAS,rur,perm,sfh,2095,0.957943925
SAS,rur,perm,sfh,2100,0.957943925
SAS,rur,sub,inf,2015,1
SAS,rur,sub,inf,2020,1
SAS,rur,sub,inf,2025,1
SAS,rur,sub,inf,2030,1
SAS,rur,sub,inf,2035,1
SAS,rur,sub,inf,2040,1
SAS,rur,sub,inf,2045,1
SAS,rur,sub,inf,2050,1
SAS,rur,sub,inf,2055,1
SAS,rur,sub,inf,2060,1
SAS,rur,sub,inf,2065,1
SAS,rur,sub,inf,2070,1
SAS,rur,sub,inf,2075,1
SAS,rur,sub,inf,2080,1
SAS,rur,sub,inf,2085,1
SAS,rur,sub,inf,2090,1
SAS,rur,sub,inf,2095,1
SAS,rur,sub,inf,2100,1
SAS,urb,perm,mfh,2015,0.295757576
SAS,urb,perm,mfh,2020,0.295757576
SAS,urb,perm,mfh,2025,0.3147727275
SAS,urb,perm,mfh,2030,0.333787879
SAS,urb,perm,mfh,2035,0.3528030305
SAS,urb,perm,mfh,2040,0.371818182
SAS,urb,perm,mfh,2045,0.3908333335
SAS,urb,perm,mfh,2050,0.40984848500000004
SAS,urb,perm,mfh,2055,0.42886363650000003
SAS,urb,perm,mfh,2060,0.44787878800000003
SAS,urb,perm,mfh,2065,0.4668939395
SAS,urb,perm,mfh,2070,0.485909091
SAS,urb,perm,mfh,2075,0.5049242425
SAS,urb,perm,mfh,2080,0.523939394
SAS,urb,perm,mfh,2085,0.5429545455
SAS,urb,perm,mfh,2090,0.561969697
SAS,urb,perm,mfh,2095,0.5809848485
SAS,urb,perm,mfh,2100,0.6
SAS,urb,perm,sfh,2015,0.704242424
SAS,urb,perm,sfh,2020,0.704242424
SAS,urb,perm,sfh,2025,0.6852272725
SAS,urb,perm,sfh,2030,0.666212121
SAS,urb,perm,sfh,2035,0.6471969695
SAS,urb,perm,sfh,2040,0.6281818180000001
SAS,urb,perm,sfh,2045,0.6091666665000001
SAS,urb,perm,sfh,2050,0.5901515150000001
SAS,urb,perm,sfh,2055,0.5711363635
SAS,urb,perm,sfh,2060,0.5521212120000001
SAS,urb,perm,sfh,2065,0.5331060605
SAS,urb,perm,sfh,2070,0.5140909090000001
SAS,urb,perm,sfh,2075,0.4950757575
SAS,urb,perm,sfh,2080,0.476060606
SAS,urb,perm,sfh,2085,0.4570454545
SAS,urb,perm,sfh,2090,0.438030303
SAS,urb,perm,sfh,2095,0.4190151515
SAS,urb,perm,sfh,2100,0.4
SAS,urb,sub,inf,2015,1
SAS,urb,sub,inf,2020,1
SAS,urb,sub,inf,2025,1
SAS,urb,sub,inf,2030,1
SAS,urb,sub,inf,2035,1
SAS,urb,sub,inf,2040,1
SAS,urb,sub,inf,2045,1
SAS,urb,sub,inf,2050,1
SAS,urb,sub,inf,2055,1
SAS,urb,sub,inf,2060,1
SAS,urb,sub,inf,2065,1
SAS,urb,sub,inf,2070,1
SAS,urb,sub,inf,2075,1
SAS,urb,sub,inf,2080,1
SAS,urb,sub,inf,2085,1
SAS,urb,sub,inf,2090,1
SAS,urb,sub,inf,2095,1
SAS,urb,sub,inf,2100,1
WEU,rur,perm,mfh,2015,0.038683662
WEU,rur,perm,mfh,2020,0.038683662
WEU,rur,perm,mfh,2025,0.038683662
WEU,rur,perm,mfh,2030,0.038683662
WEU,rur,perm,mfh,2035,0.038683662
WEU,rur,perm,mfh,2040,0.038683662
WEU,rur,perm,mfh,2045,0.038683662
WEU,rur,perm,mfh,2050,0.038683662
WEU,rur,perm,mfh,2055,0.038683662
WEU,rur,perm,mfh,2060,0.038683662
WEU,rur,perm,mfh,2065,0.038683662
WEU,rur,perm,mfh,2070,0.038683662
WEU,rur,perm,mfh,2075,0.038683662
WEU,rur,perm,mfh,2080,0.038683662
WEU,rur,perm,mfh,2085,0.038683662
WEU,rur,perm,mfh,2090,0.038683662
WEU,rur,perm,mfh,2095,0.038683662
WEU,rur,perm,mfh,2100,0.038683662
WEU,rur,perm,sfh,2015,0.961316338
WEU,rur,perm,sfh,2020,0.961316338
WEU,rur,perm,sfh,2025,0.961316338
WEU,rur,perm,sfh,2030,0.961316338
WEU,rur,perm,sfh,2035,0.961316338
WEU,rur,perm,sfh,2040,0.961316338
WEU,rur,perm,sfh,2045,0.961316338
WEU,rur,perm,sfh,2050,0.961316338
WEU,rur,perm,sfh,2055,0.961316338
WEU,rur,perm,sfh,2060,0.961316338
WEU,rur,perm,sfh,2065,0.961316338
WEU,rur,perm,sfh,2070,0.961316338
WEU,rur,perm,sfh,2075,0.961316338
WEU,rur,perm,sfh,2080,0.961316338
WEU,rur,perm,sfh,2085,0.961316338
WEU,rur,perm,sfh,2090,0.961316338
WEU,rur,perm,sfh,2095,0.961316338
WEU,rur,perm,sfh,2100,0.961316338
WEU,rur,sub,inf,2015,1
WEU,rur,sub,inf,2020,1
WEU,rur,sub,inf,2025,1
WEU,rur,sub,inf,2030,1
WEU,rur,sub,inf,2035,1
WEU,rur,sub,inf,2040,1
WEU,rur,sub,inf,2045,1
WEU,rur,sub,inf,2050,1
WEU,rur,sub,inf,2055,1
WEU,rur,sub,inf,2060,1
WEU,rur,sub,inf,2065,1
WEU,rur,sub,inf,2070,1
WEU,rur,sub,inf,2075,1
WEU,rur,sub,inf,2080,1
WEU,rur,sub,inf,2085,1
WEU,rur,sub,inf,2090,1
WEU,rur,sub,inf,2095,1
WEU,rur,sub,inf,2100,1
WEU,urb,perm,mfh,2015,0.525867038
WEU,urb,perm,mfh,2020,0.525867038
WEU,urb,perm,mfh,2025,0.525867038
WEU,urb,perm,mfh,2030,0.525867038
WEU,urb,perm,mfh,2035,0.525867038
WEU,urb,perm,mfh,2040,0.525867038
WEU,urb,perm,mfh,2045,0.525867038
WEU,urb,perm,mfh,2050,0.525867038
WEU,urb,perm,mfh,2055,0.525867038
WEU,urb,perm,mfh,2060,0.525867038
WEU,urb,perm,mfh,2065,0.525867038
WEU,urb,perm,mfh,2070,0.525867038
WEU,urb,perm,mfh,2075,0.525867038
WEU,urb,perm,mfh,2080,0.525867038
WEU,urb,perm,mfh,2085,0.525867038
WEU,urb,perm,mfh,2090,0.525867038
WEU,urb,perm,mfh,2095,0.525867038
WEU,urb,perm,mfh,2100,0.525867038
WEU,urb,perm,sfh,2015,0.474132962
WEU,urb,perm,sfh,2020,0.474132962
WEU,urb,perm,sfh,2025,0.474132962
WEU,urb,perm,sfh,2030,0.474132962
WEU,urb,perm,sfh,2035,0.474132962
WEU,urb,perm,sfh,2040,0.474132962
WEU,urb,perm,sfh,2045,0.474132962
WEU,urb,perm,sfh,2050,0.474132962
WEU,urb,perm,sfh,2055,0.474132962
WEU,urb,perm,sfh,2060,0.474132962
WEU,urb,perm,sfh,2065,0.474132962
WEU,urb,perm,sfh,2070,0.474132962
WEU,urb,perm,sfh,2075,0.474132962
WEU,urb,perm,sfh,2080,0.474132962
WEU,urb,perm,sfh,2085,0.474132962
WEU,urb,perm,sfh,2090,0.474132962
WEU,urb,perm,sfh,2095,0.474132962
WEU,urb,perm,sfh,2100,0.474132962
WEU,urb,sub,inf,2015,1
WEU,urb,sub,inf,2020,1
WEU,urb,sub,inf,2025,1
WEU,urb,sub,inf,2030,1
WEU,urb,sub,inf,2035,1
WEU,urb,sub,inf,2040,1
WEU,urb,sub,inf,2045,1
WEU,urb,sub,inf,2050,1
WEU,urb,sub,inf,2055,1
WEU,urb,sub,inf,2060,1
WEU,urb,sub,inf,2065,1
WEU,urb,sub,inf,2070,1
WEU,urb,sub,inf,2075,1
WEU,urb,sub,inf,2080,1
WEU,urb,sub,inf,2085,1
WEU,urb,sub,inf,2090,1
WEU,urb,sub,inf,2095,1
WEU,urb,sub,inf,2100,1
